SATKER,PUSKESMAS RAWAT INAP CEMPAKAANY,,,,,,,,,,,,
Nama Barang,ANY,,,,,,,,,,,,
,,,,,,,,,,,,,
Provinsi,Kota,SATKER,SKPD,Gudang,Jenis Barang,Kode Barang,No,Tanggal Beli,Nama Barang,Satuan,Jumlah,Harga,Total Harga
Kalimantan Selatan,Banjarbaru,PUSKESMAS RAWAT INAP CEMPAKA,DINAS KESEHATAN,BLUD,Alat Tulis Kantor,51,1.,2020-12-30,Amplop kecil,kotak,3,6050,18150
Kalimantan Selatan,Banjarbaru,PUSKESMAS RAWAT INAP CEMPAKA,DINAS KESEHATAN,BLUD,Alat Tulis Kantor,29,2.,2020-12-30,Ballpoint,Buah,132,1925,254100
Kalimantan Selatan,Banjarbaru,PUSKESMAS RAWAT INAP CEMPAKA,DINAS KESEHATAN,BLUD,Alat Tulis Kantor,6069,3.,2020-12-30,Buku Besar Folio isi 100,Buah,15,13400,201000
Kalimantan Selatan,Banjarbaru,PUSKESMAS RAWAT INAP CEMPAKA,DINAS KESEHATAN,BLUD,Alat Tulis Kantor,6070,4.,2020-12-30,Buku Besar Folio isi 200,Buah,5,14740,73700
Kalimantan Selatan,Banjarbaru,PUSKESMAS RAWAT INAP CEMPAKA,DINAS KESEHATAN,BLUD,Alat Tulis Kantor,144,5.,2020-12-30,Buku Tulis,Pak,2,47300,94600
Kalimantan Selatan,Banjarbaru,PUSKESMAS RAWAT INAP CEMPAKA,DINAS KESEHATAN,BLUD,Alat Tulis Kantor,144,6.,2020-12-30,Buku Tulis,Pak,4,31350,125400
Kalimantan Selatan,Banjarbaru,PUSKESMAS RAWAT INAP CEMPAKA,DINAS KESEHATAN,BLUD,Alat Tulis Kantor,3258,7.,2020-12-30,Isi Staples Kecil,Pak,2,29150,58300
Kalimantan Selatan,Banjarbaru,PUSKESMAS RAWAT INAP CEMPAKA,DINAS KESEHATAN,BLUD,Alat Tulis Kantor,1774,8.,2020-12-30,Kertas HVS A4 80 gram,Rim,15,50600,759000
Kalimantan Selatan,Banjarbaru,PUSKESMAS RAWAT INAP CEMPAKA,DINAS KESEHATAN,BLUD,Alat Tulis Kantor,1370,9.,2020-12-30,Kertas HVS F4 70 Gr,Rim,37,42000,1554000
Kalimantan Selatan,Banjarbaru,PUSKESMAS RAWAT INAP CEMPAKA,DINAS KESEHATAN,BLUD,Alat Tulis Kantor,6520,10.,2020-11-30,MAP JEPIT PLASTIK,Pak,29,187340,5432860
Kalimantan Selatan,Banjarbaru,PUSKESMAS RAWAT INAP CEMPAKA,DINAS KESEHATAN,BLUD,Alat Tulis Kantor,6520,11.,2020-11-30,MAP JEPIT PLASTIK,Pak,25,187340,4683500
Kalimantan Selatan,Banjarbaru,PUSKESMAS RAWAT INAP CEMPAKA,DINAS KESEHATAN,BLUD,Alat Tulis Kantor,6520,12.,2020-11-30,MAP JEPIT PLASTIK,Pak,15,187340,2810100
Kalimantan Selatan,Banjarbaru,PUSKESMAS RAWAT INAP CEMPAKA,DINAS KESEHATAN,BLUD,Alat Tulis Kantor,6520,13.,2020-11-30,MAP JEPIT PLASTIK,Pak,5,187340,936700
Kalimantan Selatan,Banjarbaru,PUSKESMAS RAWAT INAP CEMPAKA,DINAS KESEHATAN,BLUD,Alat Tulis Kantor,6520,14.,2020-12-30,MAP JEPIT PLASTIK,Pak,5,187000,935000
Kalimantan Selatan,Banjarbaru,PUSKESMAS RAWAT INAP CEMPAKA,DINAS KESEHATAN,BLUD,Alat Tulis Kantor,21858,15.,2020-11-30,MAP PLASTIK SNELHECTER (PAK),Pak,24,25091,602184
Kalimantan Selatan,Banjarbaru,PUSKESMAS RAWAT INAP CEMPAKA,DINAS KESEHATAN,BLUD,Alat Tulis Kantor,21858,16.,2020-11-30,MAP PLASTIK SNELHECTER (PAK),Pak,35,25091,878185
Kalimantan Selatan,Banjarbaru,PUSKESMAS RAWAT INAP CEMPAKA,DINAS KESEHATAN,BLUD,Alat Tulis Kantor,21858,17.,2020-11-30,MAP PLASTIK SNELHECTER (PAK),Pak,25,25091,627275
Kalimantan Selatan,Banjarbaru,PUSKESMAS RAWAT INAP CEMPAKA,DINAS KESEHATAN,BLUD,Alat Tulis Kantor,21858,18.,2020-11-30,MAP PLASTIK SNELHECTER (PAK),Pak,20,25091,501820
Kalimantan Selatan,Banjarbaru,PUSKESMAS RAWAT INAP CEMPAKA,DINAS KESEHATAN,BLUD,Alat Tulis Kantor,21858,19.,2020-11-30,MAP PLASTIK SNELHECTER (PAK),Pak,30,25091,752730
Kalimantan Selatan,Banjarbaru,PUSKESMAS RAWAT INAP CEMPAKA,DINAS KESEHATAN,BLUD,Alat Tulis Kantor,13082,23.,2020-12-30,Map Kertas (pak),Pak,3,21450,64350
Kalimantan Selatan,Banjarbaru,PUSKESMAS RAWAT INAP CEMPAKA,DINAS KESEHATAN,BLUD,Alat Tulis Kantor,10078,24.,2020-12-30,Map Snel Kertas (pak),Pak,2,75800,151600
Kalimantan Selatan,Banjarbaru,PUSKESMAS RAWAT INAP CEMPAKA,DINAS KESEHATAN,BLUD,Alat Tulis Kantor,2680,25.,2020-12-30,Ordner,Buah,20,25300,506000
Kalimantan Selatan,Banjarbaru,PUSKESMAS RAWAT INAP CEMPAKA,DINAS KESEHATAN,BLUD,Alat Tulis Kantor,178,26.,2020-09-30,Paper Clips,kotak,5,3600,18000
Kalimantan Selatan,Banjarbaru,PUSKESMAS RAWAT INAP CEMPAKA,DINAS KESEHATAN,BLUD,Alat Tulis Kantor,178,27.,2020-12-30,Paper Clips,kotak,1,14300,14300
Kalimantan Selatan,Banjarbaru,PUSKESMAS RAWAT INAP CEMPAKA,DINAS KESEHATAN,BLUD,Alat Tulis Kantor,9674,28.,2020-12-30,SPIDOL PERMANENT,lusin,2,70950,141900
Kalimantan Selatan,Banjarbaru,PUSKESMAS RAWAT INAP CEMPAKA,DINAS KESEHATAN,BLUD,Alat Tulis Kantor,47,29.,2020-12-30,Stabilo,Buah,5,7700,38500
Kalimantan Selatan,Banjarbaru,PUSKESMAS RAWAT INAP CEMPAKA,DINAS KESEHATAN,BLUD,Alat Tulis Kantor,247,30.,2020-12-30,Stick note 40 mm x 50 mm,Buah,3,4951,14853
Kalimantan Selatan,Banjarbaru,PUSKESMAS RAWAT INAP CEMPAKA,DINAS KESEHATAN,BLUD,Alat Tulis Kantor,7007,31.,2020-12-30,Tinta Printer Epson Hitam,Buah,5,40150,200750
Kalimantan Selatan,Banjarbaru,PUSKESMAS RAWAT INAP CEMPAKA,DINAS KESEHATAN,BLUD,Alat Tulis Kantor,7067,32.,2020-12-30,Tinta Printer Epson Warna,Buah,3,40150,120450
Kalimantan Selatan,Banjarbaru,PUSKESMAS RAWAT INAP CEMPAKA,DINAS KESEHATAN,BLUD,Alat Tulis Kantor,7067,33.,2020-12-30,Tinta Printer Epson Warna,Buah,3,40150,120450
Kalimantan Selatan,Banjarbaru,PUSKESMAS RAWAT INAP CEMPAKA,DINAS KESEHATAN,BLUD,Alat Tulis Kantor,5313,34.,2020-12-30,Tipe Ex,Buah,9,9250,83250
Kalimantan Selatan,Banjarbaru,PUSKESMAS RAWAT INAP CEMPAKA,DINAS KESEHATAN,BLUD,Alat Tulis Kantor,189,35.,2020-12-30,amplop besar coklat,Pak,1,48951,48951
Kalimantan Selatan,Banjarbaru,PUSKESMAS RAWAT INAP CEMPAKA,DINAS KESEHATAN,BLUD,Alat Tulis Kantor,6038,36.,2020-12-30,baterai kecil,Buah,25,2134,53350
Kalimantan Selatan,Banjarbaru,PUSKESMAS RAWAT INAP CEMPAKA,DINAS KESEHATAN,BLUD,Peralatan Kebersihan dan Bahan Pembersih,5638,39.,2020-11-30,Cairan Pembersih Keramik,Buah,2,36850,73700
Kalimantan Selatan,Banjarbaru,PUSKESMAS RAWAT INAP CEMPAKA,DINAS KESEHATAN,BLUD,Peralatan Kebersihan dan Bahan Pembersih,17713,40.,2020-11-30,DETERGENT DAIA,Buah,3,34430,103290
Kalimantan Selatan,Banjarbaru,PUSKESMAS RAWAT INAP CEMPAKA,DINAS KESEHATAN,BLUD,Peralatan Kebersihan dan Bahan Pembersih,17708,42.,2020-12-30,KANTONG PLASTIK KUNING,Pak,20,12100,242000
Kalimantan Selatan,Banjarbaru,PUSKESMAS RAWAT INAP CEMPAKA,DINAS KESEHATAN,BLUD,Peralatan Kebersihan dan Bahan Pembersih,3621,43.,2020-10-30,Kantong plastik sampah kecil,Pak,21,26500,556500
Kalimantan Selatan,Banjarbaru,PUSKESMAS RAWAT INAP CEMPAKA,DINAS KESEHATAN,BLUD,Peralatan Kebersihan dan Bahan Pembersih,5008,44.,2020-12-30,Mama Lime Ref,Buah,2,12300,24600
Kalimantan Selatan,Banjarbaru,PUSKESMAS RAWAT INAP CEMPAKA,DINAS KESEHATAN,BLUD,Peralatan Kebersihan dan Bahan Pembersih,5008,45.,2020-12-30,Mama Lime Ref,Buah,1,12300,12300
Kalimantan Selatan,Banjarbaru,PUSKESMAS RAWAT INAP CEMPAKA,DINAS KESEHATAN,BLUD,Peralatan Kebersihan dan Bahan Pembersih,5008,46.,2020-12-30,Mama Lime Ref,Buah,7,12300,86100
Kalimantan Selatan,Banjarbaru,PUSKESMAS RAWAT INAP CEMPAKA,DINAS KESEHATAN,BLUD,Peralatan Kebersihan dan Bahan Pembersih,5008,47.,2020-12-30,Mama Lime Ref,Buah,5,12300,61500
Kalimantan Selatan,Banjarbaru,PUSKESMAS RAWAT INAP CEMPAKA,DINAS KESEHATAN,BLUD,Peralatan Kebersihan dan Bahan Pembersih,119,48.,2020-11-30,Pengharum Ruangan,Buah,7,17380,121660
Kalimantan Selatan,Banjarbaru,PUSKESMAS RAWAT INAP CEMPAKA,DINAS KESEHATAN,BLUD,Peralatan Kebersihan dan Bahan Pembersih,22172,49.,2020-12-30,SABUN CUCI TANGAN BESAR,Buah,2,58500,117000
Kalimantan Selatan,Banjarbaru,PUSKESMAS RAWAT INAP CEMPAKA,DINAS KESEHATAN,BLUD,Peralatan Kebersihan dan Bahan Pembersih,5254,50.,2020-11-30,Superpell 800ml,Buah,12,13750,165000
Kalimantan Selatan,Banjarbaru,PUSKESMAS RAWAT INAP CEMPAKA,DINAS KESEHATAN,BLUD,Peralatan Kebersihan dan Bahan Pembersih,1729,53.,2020-10-30,Tisu,Buah,20,8250,165000
Kalimantan Selatan,Banjarbaru,PUSKESMAS RAWAT INAP CEMPAKA,DINAS KESEHATAN,BLUD,Peralatan Kebersihan dan Bahan Pembersih,1729,54.,2020-10-30,Tisu,Buah,6,9500,57000
Kalimantan Selatan,Banjarbaru,PUSKESMAS RAWAT INAP CEMPAKA,DINAS KESEHATAN,BLUD,Peralatan Kebersihan dan Bahan Pembersih,1729,55.,2020-12-30,Tisu,Buah,80,7500,600000
Kalimantan Selatan,Banjarbaru,PUSKESMAS RAWAT INAP CEMPAKA,DINAS KESEHATAN,BLUD,Peralatan Kebersihan dan Bahan Pembersih,15259,56.,2020-12-30,kantong plastik sampah 60x10,Pak,16,27500,440000
Kalimantan Selatan,Banjarbaru,PUSKESMAS RAWAT INAP CEMPAKA,DINAS KESEHATAN,BLUD,Peralatan Kebersihan dan Bahan Pembersih,15258,57.,2020-12-30,kantong plastik sampah 90x12,Pak,16,27500,440000
Kalimantan Selatan,Banjarbaru,PUSKESMAS RAWAT INAP CEMPAKA,DINAS KESEHATAN,BLUD,Peralatan Kebersihan dan Bahan Pembersih,6221,58.,2020-12-30,pel tongkat karet,Buah,2,22000,44000
Kalimantan Selatan,Banjarbaru,PUSKESMAS RAWAT INAP CEMPAKA,DINAS KESEHATAN,BLUD,Peralatan Kebersihan dan Bahan Pembersih,6219,59.,2020-11-30,serbet handuk,Buah,1,66000,66000
Kalimantan Selatan,Banjarbaru,PUSKESMAS RAWAT INAP CEMPAKA,DINAS KESEHATAN,BLUD,Peralatan Kebersihan dan Bahan Pembersih,4825,60.,2020-11-30,so klin lantai,Buah,4,22500,90000
Kalimantan Selatan,Banjarbaru,PUSKESMAS RAWAT INAP CEMPAKA,DINAS KESEHATAN,BLUD,Peralatan Kebersihan dan Bahan Pembersih,4829,61.,2020-11-30,wipol 800 ml,Botol,12,17600,211200
Kalimantan Selatan,Banjarbaru,PUSKESMAS RAWAT INAP CEMPAKA,DINAS KESEHATAN,BLUD,Obat-Obatan,2510,85.,2020-09-30,AMOXSAN 100 MG/ML DROP,Botol,10,28000,280000
Kalimantan Selatan,Banjarbaru,PUSKESMAS RAWAT INAP CEMPAKA,DINAS KESEHATAN,BLUD,Obat-Obatan,17954,131.,2020-12-30,BCC 3600 Diluent 20 LT,Pak,1,1650000,1650000
Kalimantan Selatan,Banjarbaru,PUSKESMAS RAWAT INAP CEMPAKA,DINAS KESEHATAN,BLUD,Obat-Obatan,18379,133.,2020-03-31,BEROTEC SOL,Botol,1,275000,275000
Kalimantan Selatan,Banjarbaru,PUSKESMAS RAWAT INAP CEMPAKA,DINAS KESEHATAN,BLUD,Obat-Obatan,18379,135.,2020-08-31,BEROTEC SOL,Botol,4,320000,1280000
Kalimantan Selatan,Banjarbaru,PUSKESMAS RAWAT INAP CEMPAKA,DINAS KESEHATAN,BLUD,Obat-Obatan,2573,168.,2020-11-30,CEFTRIAXONE 1 GR INJEKSI HJ,Vial,16,19162,306592
Kalimantan Selatan,Banjarbaru,PUSKESMAS RAWAT INAP CEMPAKA,DINAS KESEHATAN,BLUD,Obat-Obatan,16819,185.,2020-12-30,Cleanser BCC 3600 Probe 500 ML,kit,1,2200000,2200000
Kalimantan Selatan,Banjarbaru,PUSKESMAS RAWAT INAP CEMPAKA,DINAS KESEHATAN,BLUD,Obat-Obatan,601,195.,2020-12-30,Deksametason inj 5 mg/ml,Ampul,5,2900,14500
Kalimantan Selatan,Banjarbaru,PUSKESMAS RAWAT INAP CEMPAKA,DINAS KESEHATAN,BLUD,Obat-Obatan,17467,200.,2020-11-30,"EPINEFRIN HCL/ADRENALIN INJ 0,1%-1 ML",Ampul,10,19941,199410
Kalimantan Selatan,Banjarbaru,PUSKESMAS RAWAT INAP CEMPAKA,DINAS KESEHATAN,BLUD,Obat-Obatan,16629,214.,2020-10-30,FITOMENADION (VIT.K) TABLET SALUT 10 MG,Tablet,90,1000,90000
Kalimantan Selatan,Banjarbaru,PUSKESMAS RAWAT INAP CEMPAKA,DINAS KESEHATAN,BLUD,Obat-Obatan,16416,286.,2020-07-30,LIDOCAIN HCL 2 % INJEKSI PHAPROS,Ampul,40,2500,100000
Kalimantan Selatan,Banjarbaru,PUSKESMAS RAWAT INAP CEMPAKA,DINAS KESEHATAN,BLUD,Obat-Obatan,13793,287.,2020-10-30,LIDOCAINT,Ampul,8,3000,24000
Kalimantan Selatan,Banjarbaru,PUSKESMAS RAWAT INAP CEMPAKA,DINAS KESEHATAN,BLUD,Obat-Obatan,17839,315.,2020-11-30,NEUROBION 5000 INJEKSI (IFRS),Ampul,10,16741,167410
Kalimantan Selatan,Banjarbaru,PUSKESMAS RAWAT INAP CEMPAKA,DINAS KESEHATAN,BLUD,Obat-Obatan,19393,316.,2020-11-30,NORAGES INJEKSI,Ampul,35,13977,489195
Kalimantan Selatan,Banjarbaru,PUSKESMAS RAWAT INAP CEMPAKA,DINAS KESEHATAN,BLUD,Obat-Obatan,20090,331.,2020-11-30,OMEPRAZOLE 40 MG INJEKSI MBF,Vial,10,39253,392530
Kalimantan Selatan,Banjarbaru,PUSKESMAS RAWAT INAP CEMPAKA,DINAS KESEHATAN,BLUD,Obat-Obatan,16688,332.,2020-11-30,ONDANSENTRON Inj 4 MG/ 2 ml,Ampul,27,7677,207279
Kalimantan Selatan,Banjarbaru,PUSKESMAS RAWAT INAP CEMPAKA,DINAS KESEHATAN,BLUD,Obat-Obatan,16340,333.,2020-07-30,OXYTOCIN 10 IU/ML INJEKSI ETHICA,Ampul,38,5500,209000
Kalimantan Selatan,Banjarbaru,PUSKESMAS RAWAT INAP CEMPAKA,DINAS KESEHATAN,BLUD,Obat-Obatan,2757,334.,2020-10-30,Obat Suntik KB I : (Obat Suntik KB 3 Bulanan) / Andalan,Vial,25,19500,487500
Kalimantan Selatan,Banjarbaru,PUSKESMAS RAWAT INAP CEMPAKA,DINAS KESEHATAN,BLUD,Obat-Obatan,760,336.,2020-10-30,Obat suntik KB II (1 bulanan) / Andalan,Vial,10,19500,195000
Kalimantan Selatan,Banjarbaru,PUSKESMAS RAWAT INAP CEMPAKA,DINAS KESEHATAN,BLUD,Obat-Obatan,3818,367.,2020-10-30,Promavit,Kapsul,20,750,15000
Kalimantan Selatan,Banjarbaru,PUSKESMAS RAWAT INAP CEMPAKA,DINAS KESEHATAN,BLUD,Obat-Obatan,18831,375.,2020-11-30,RANITIDINE INJEKSI 25 MG,Ampul,30,5677,170310
Kalimantan Selatan,Banjarbaru,PUSKESMAS RAWAT INAP CEMPAKA,DINAS KESEHATAN,BLUD,Obat-Obatan,19044,399.,2020-12-30,Strip urine U11 plus,Tube,2,165000,330000
Kalimantan Selatan,Banjarbaru,PUSKESMAS RAWAT INAP CEMPAKA,DINAS KESEHATAN,BLUD,Obat-Obatan,16755,403.,2020-08-31,Surflo 20 G x 1,pcs,20,13000,260000
Kalimantan Selatan,Banjarbaru,PUSKESMAS RAWAT INAP CEMPAKA,DINAS KESEHATAN,BLUD,Obat-Obatan,16757,405.,2020-08-31,Surflo No.24 G,pcs,12,13000,156000
Kalimantan Selatan,Banjarbaru,PUSKESMAS RAWAT INAP CEMPAKA,DINAS KESEHATAN,BLUD,Obat-Obatan,19888,408.,2020-12-30,Tes kehamilan,box,10,66000,660000
Kalimantan Selatan,Banjarbaru,PUSKESMAS RAWAT INAP CEMPAKA,DINAS KESEHATAN,BLUD,Obat-Obatan,21438,416.,2020-12-30,USG Jelly 250 gr,Buah,1,20000,20000
Kalimantan Selatan,Banjarbaru,PUSKESMAS RAWAT INAP CEMPAKA,DINAS KESEHATAN,BLUD,Obat-Obatan,20568,417.,2020-11-30,Umbilical cord OM,Buah,35,1300,45500
Kalimantan Selatan,Banjarbaru,PUSKESMAS RAWAT INAP CEMPAKA,DINAS KESEHATAN,BLUD,Obat-Obatan,580,419.,2020-03-31,"VENTOLIN NEBULES (Salbutamol cairan ih 0,1%)",box,3,6000,18000
Kalimantan Selatan,Banjarbaru,PUSKESMAS RAWAT INAP CEMPAKA,DINAS KESEHATAN,BLUD,Perlengkapan Kesehatan,6951,443.,2020-07-30,SEPATU BOOTS,pcs,25,80000,2000000
Kalimantan Selatan,Banjarbaru,PUSKESMAS RAWAT INAP CEMPAKA,DINAS KESEHATAN,BLUD,Cetak,13986,444.,2020-05-23,BLANKO HASIL PEMERIKSAAN HEMATOLOGI,Pak,5,22500,112500
Kalimantan Selatan,Banjarbaru,PUSKESMAS RAWAT INAP CEMPAKA,DINAS KESEHATAN,BLUD,Cetak,12072,458.,2020-05-23,Cetak Buku Proses Pengolahan Hasil,Explr,20,22500,450000
Kalimantan Selatan,Banjarbaru,PUSKESMAS RAWAT INAP CEMPAKA,DINAS KESEHATAN,BLUD,Cetak,17927,459.,2020-06-30,Cetak Buku Register,Buah,1,200000,200000
Kalimantan Selatan,Banjarbaru,PUSKESMAS RAWAT INAP CEMPAKA,DINAS KESEHATAN,BLUD,Cetak,1945,463.,2020-11-30,Cetak Kwitansi,Rim,3,399000,1197000
Kalimantan Selatan,Banjarbaru,PUSKESMAS RAWAT INAP CEMPAKA,DINAS KESEHATAN,BLUD,Cetak,1046,466.,2020-03-31,Kartu Berobat,lembar,35,1400,49000
Kalimantan Selatan,Banjarbaru,PUSKESMAS RAWAT INAP CEMPAKA,DINAS KESEHATAN,BLUD,Cetak,14581,468.,2020-10-31,LEMBAR REKAM MEDIS PASIEN,Rim,2,351000,702000
Kalimantan Selatan,Banjarbaru,PUSKESMAS RAWAT INAP CEMPAKA,DINAS KESEHATAN,BLUD,Alat Listrik dan Elektronik (Lampu Pijar. Battery Kering),1254,471.,2020-12-30,Baterai A3,Buah,21,2200,46200
Kalimantan Selatan,Banjarbaru,PUSKESMAS RAWAT INAP CEMPAKA,DINAS KESEHATAN,BLUD,Alat Listrik dan Elektronik (Lampu Pijar. Battery Kering),3590,472.,2020-12-30,baterai kotak 9 v,Buah,5,10000,50000
Kalimantan Selatan,Banjarbaru,PUSKESMAS RAWAT INAP CEMPAKA,DINAS KESEHATAN,Umum,Alat Tulis Kantor,1388,20.,2020-01-03,Map Berlubang Plastik,Buah,180,3000,540000
Kalimantan Selatan,Banjarbaru,PUSKESMAS RAWAT INAP CEMPAKA,DINAS KESEHATAN,Umum,Alat Tulis Kantor,1388,21.,2020-01-03,Map Berlubang Plastik,Buah,450,4000,1800000
Kalimantan Selatan,Banjarbaru,PUSKESMAS RAWAT INAP CEMPAKA,DINAS KESEHATAN,Umum,Alat Tulis Kantor,1389,22.,2020-01-03,Map Jepit Plastik,Buah,500,10000,5000000
Kalimantan Selatan,Banjarbaru,PUSKESMAS RAWAT INAP CEMPAKA,DINAS KESEHATAN,Umum,"Perangko, Materai dan Benda Pos Lainnya",1050,37.,2020-12-14,Materai 3.000,lembar,75,3000,225000
Kalimantan Selatan,Banjarbaru,PUSKESMAS RAWAT INAP CEMPAKA,DINAS KESEHATAN,Umum,"Perangko, Materai dan Benda Pos Lainnya",1053,38.,2020-07-13,Materai 6.000,lembar,50,6000,300000
Kalimantan Selatan,Banjarbaru,PUSKESMAS RAWAT INAP CEMPAKA,DINAS KESEHATAN,Umum,Peralatan Kebersihan dan Bahan Pembersih,20383,41.,2020-01-02,Dispenser Handsoap,Buah,3,85900,257700
Kalimantan Selatan,Banjarbaru,PUSKESMAS RAWAT INAP CEMPAKA,DINAS KESEHATAN,Umum,Peralatan Kebersihan dan Bahan Pembersih,11106,51.,2020-01-02,Tissu Dispenser,Buah,2,96300,192600
Kalimantan Selatan,Banjarbaru,PUSKESMAS RAWAT INAP CEMPAKA,DINAS KESEHATAN,Umum,Peralatan Kebersihan dan Bahan Pembersih,11106,52.,2020-01-02,Tissu Dispenser,Buah,3,125100,375300
Kalimantan Selatan,Banjarbaru,PUSKESMAS RAWAT INAP CEMPAKA,DINAS KESEHATAN,Umum,Obat-Obatan,16500,62.,2020-06-02,ACYCLOVIR TABLET 400 MG,Tablet,100,425,42500
Kalimantan Selatan,Banjarbaru,PUSKESMAS RAWAT INAP CEMPAKA,DINAS KESEHATAN,Umum,Obat-Obatan,16500,63.,2020-11-05,ACYCLOVIR TABLET 400 MG,Tablet,300,425,127500
Kalimantan Selatan,Banjarbaru,PUSKESMAS RAWAT INAP CEMPAKA,DINAS KESEHATAN,Umum,Obat-Obatan,16500,64.,2020-12-05,ACYCLOVIR TABLET 400 MG,Tablet,200,425,85000
Kalimantan Selatan,Banjarbaru,PUSKESMAS RAWAT INAP CEMPAKA,DINAS KESEHATAN,Umum,Obat-Obatan,16062,65.,2020-09-07,"ADS 0,05 ml",Buah,60,1518,91080
Kalimantan Selatan,Banjarbaru,PUSKESMAS RAWAT INAP CEMPAKA,DINAS KESEHATAN,Umum,Obat-Obatan,16062,66.,2020-12-02,"ADS 0,05 ml",Buah,500,1518,759000
Kalimantan Selatan,Banjarbaru,PUSKESMAS RAWAT INAP CEMPAKA,DINAS KESEHATAN,Umum,Obat-Obatan,18254,67.,2020-12-02,"ADS 0,5 ml Harga 2",Buah,780,1240,967200
Kalimantan Selatan,Banjarbaru,PUSKESMAS RAWAT INAP CEMPAKA,DINAS KESEHATAN,Umum,Obat-Obatan,17109,68.,2020-12-02,ADS 5 ml,Buah,41,1583,64903
Kalimantan Selatan,Banjarbaru,PUSKESMAS RAWAT INAP CEMPAKA,DINAS KESEHATAN,Umum,Obat-Obatan,16063,69.,2020-12-02,ADS5 ml,Buah,404,1500,606000
Kalimantan Selatan,Banjarbaru,PUSKESMAS RAWAT INAP CEMPAKA,DINAS KESEHATAN,Umum,Obat-Obatan,18384,70.,2020-01-02,ALAT SUNTIK 10 ML,pcs,100,1870,187000
Kalimantan Selatan,Banjarbaru,PUSKESMAS RAWAT INAP CEMPAKA,DINAS KESEHATAN,Umum,Obat-Obatan,16502,71.,2020-12-05,ALBENDAZOL TABLET 400 MG,Tablet,100,463,46300
Kalimantan Selatan,Banjarbaru,PUSKESMAS RAWAT INAP CEMPAKA,DINAS KESEHATAN,Umum,Obat-Obatan,20683,72.,2020-12-02,ALBENDAZOLE,kotak,65,46300,3009500
Kalimantan Selatan,Banjarbaru,PUSKESMAS RAWAT INAP CEMPAKA,DINAS KESEHATAN,Umum,Obat-Obatan,16504,73.,2020-12-05,ALLOPURINOL TABLET 100 MG,Tablet,100,99,9900
Kalimantan Selatan,Banjarbaru,PUSKESMAS RAWAT INAP CEMPAKA,DINAS KESEHATAN,Umum,Obat-Obatan,2540,74.,2020-01-02,"ALPRAZOLAM 0,5 MG TABLET KF",Tablet,117,88,10296
Kalimantan Selatan,Banjarbaru,PUSKESMAS RAWAT INAP CEMPAKA,DINAS KESEHATAN,Umum,Obat-Obatan,16506,75.,2020-01-02,ALPRAZOLAM 1 MG TABLET KF,Tablet,5,184,920
Kalimantan Selatan,Banjarbaru,PUSKESMAS RAWAT INAP CEMPAKA,DINAS KESEHATAN,Umum,Obat-Obatan,16506,76.,2020-01-02,ALPRAZOLAM 1 MG TABLET KF,Tablet,100,120,12000
Kalimantan Selatan,Banjarbaru,PUSKESMAS RAWAT INAP CEMPAKA,DINAS KESEHATAN,Umum,Obat-Obatan,16509,77.,2020-09-10,AMBROXOL SYRUP,Botol,43,3355,144265
Kalimantan Selatan,Banjarbaru,PUSKESMAS RAWAT INAP CEMPAKA,DINAS KESEHATAN,Umum,Obat-Obatan,16509,78.,2020-11-05,AMBROXOL SYRUP,Botol,300,3355,1006500
Kalimantan Selatan,Banjarbaru,PUSKESMAS RAWAT INAP CEMPAKA,DINAS KESEHATAN,Umum,Obat-Obatan,16509,79.,2020-12-05,AMBROXOL SYRUP,Botol,300,3355,1006500
Kalimantan Selatan,Banjarbaru,PUSKESMAS RAWAT INAP CEMPAKA,DINAS KESEHATAN,Umum,Obat-Obatan,16508,80.,2020-11-05,AMBROXOLL 30 MG,Tablet,2100,314,659400
Kalimantan Selatan,Banjarbaru,PUSKESMAS RAWAT INAP CEMPAKA,DINAS KESEHATAN,Umum,Obat-Obatan,20204,81.,2020-09-10,AMLODIPIN 5 mgTAB,Tablet,2700,81,218700
Kalimantan Selatan,Banjarbaru,PUSKESMAS RAWAT INAP CEMPAKA,DINAS KESEHATAN,Umum,Obat-Obatan,20204,82.,2020-11-05,AMLODIPIN 5 mgTAB,Tablet,7200,81,583200
Kalimantan Selatan,Banjarbaru,PUSKESMAS RAWAT INAP CEMPAKA,DINAS KESEHATAN,Umum,Obat-Obatan,20204,83.,2020-12-05,AMLODIPIN 5 mgTAB,Tablet,5700,81,461700
Kalimantan Selatan,Banjarbaru,PUSKESMAS RAWAT INAP CEMPAKA,DINAS KESEHATAN,Umum,Obat-Obatan,16520,84.,2020-02-10,AMOKSISILIN KAPSUL 500 MG,Kapsul,570,248,141360
Kalimantan Selatan,Banjarbaru,PUSKESMAS RAWAT INAP CEMPAKA,DINAS KESEHATAN,Umum,Obat-Obatan,18305,86.,2020-03-09,"ANTASIDA DOEN TABLET , KOMBINASI HARGA 2",Tablet,1800,56,100800
Kalimantan Selatan,Banjarbaru,PUSKESMAS RAWAT INAP CEMPAKA,DINAS KESEHATAN,Umum,Obat-Obatan,18305,87.,2020-06-02,"ANTASIDA DOEN TABLET , KOMBINASI HARGA 2",Tablet,8000,56,448000
Kalimantan Selatan,Banjarbaru,PUSKESMAS RAWAT INAP CEMPAKA,DINAS KESEHATAN,Umum,Obat-Obatan,16585,88.,2020-09-10,"ANTASIDA DOEN TABLET, KOMBINASI",Tablet,4800,60,288000
Kalimantan Selatan,Banjarbaru,PUSKESMAS RAWAT INAP CEMPAKA,DINAS KESEHATAN,Umum,Obat-Obatan,16585,89.,2020-11-05,"ANTASIDA DOEN TABLET, KOMBINASI",Tablet,2000,60,120000
Kalimantan Selatan,Banjarbaru,PUSKESMAS RAWAT INAP CEMPAKA,DINAS KESEHATAN,Umum,Obat-Obatan,16585,90.,2020-12-05,"ANTASIDA DOEN TABLET, KOMBINASI",Tablet,1000,60,60000
Kalimantan Selatan,Banjarbaru,PUSKESMAS RAWAT INAP CEMPAKA,DINAS KESEHATAN,Umum,Obat-Obatan,16586,91.,2020-08-06,ANTASIDA SUSPENSI,Botol,40,2098,83920
Kalimantan Selatan,Banjarbaru,PUSKESMAS RAWAT INAP CEMPAKA,DINAS KESEHATAN,Umum,Obat-Obatan,16586,92.,2020-09-10,ANTASIDA SUSPENSI,Botol,300,2098,629400
Kalimantan Selatan,Banjarbaru,PUSKESMAS RAWAT INAP CEMPAKA,DINAS KESEHATAN,Umum,Obat-Obatan,16586,93.,2020-11-05,ANTASIDA SUSPENSI,Botol,300,2098,629400
Kalimantan Selatan,Banjarbaru,PUSKESMAS RAWAT INAP CEMPAKA,DINAS KESEHATAN,Umum,Obat-Obatan,16588,94.,2020-02-10,ANTIHEMOROID DOEN KOMBINASI,Suppo,29,3642,105618
Kalimantan Selatan,Banjarbaru,PUSKESMAS RAWAT INAP CEMPAKA,DINAS KESEHATAN,Umum,Obat-Obatan,18308,95.,2020-11-05,"AQUA PROINJEKSISTERIL, BEBAS PIROGEN  HARGA 2",Vial,68,2862,194616
Kalimantan Selatan,Banjarbaru,PUSKESMAS RAWAT INAP CEMPAKA,DINAS KESEHATAN,Umum,Obat-Obatan,18309,96.,2020-12-05,"AQUA PROINJEKSISTERIL, BEBAS PIROGEN 3",Vial,240,2855,685200
Kalimantan Selatan,Banjarbaru,PUSKESMAS RAWAT INAP CEMPAKA,DINAS KESEHATAN,Umum,Obat-Obatan,16592,97.,2020-06-02,ASAM ASKORBAT (VIT C) TABLET 50 MG,Tablet,5000,120,600000
Kalimantan Selatan,Banjarbaru,PUSKESMAS RAWAT INAP CEMPAKA,DINAS KESEHATAN,Umum,Obat-Obatan,16592,98.,2020-09-10,ASAM ASKORBAT (VIT C) TABLET 50 MG,Tablet,5000,120,600000
Kalimantan Selatan,Banjarbaru,PUSKESMAS RAWAT INAP CEMPAKA,DINAS KESEHATAN,Umum,Obat-Obatan,18310,99.,2020-11-05,ASAM FOLAT HARGA 2,Tablet,100,136,13600
Kalimantan Selatan,Banjarbaru,PUSKESMAS RAWAT INAP CEMPAKA,DINAS KESEHATAN,Umum,Obat-Obatan,18310,100.,2020-12-05,ASAM FOLAT HARGA 2,Tablet,1000,136,136000
Kalimantan Selatan,Banjarbaru,PUSKESMAS RAWAT INAP CEMPAKA,DINAS KESEHATAN,Umum,Obat-Obatan,20021,101.,2020-08-06,ASAM MEFENAMAT KAPSUL 500 mg,Tablet,500,103,51500
Kalimantan Selatan,Banjarbaru,PUSKESMAS RAWAT INAP CEMPAKA,DINAS KESEHATAN,Umum,Obat-Obatan,20021,102.,2020-11-05,ASAM MEFENAMAT KAPSUL 500 mg,Tablet,2000,103,206000
Kalimantan Selatan,Banjarbaru,PUSKESMAS RAWAT INAP CEMPAKA,DINAS KESEHATAN,Umum,Obat-Obatan,17460,103.,2020-08-06,ASAM TRANEKSAMAT TABLET,Tablet,150,3509,526350
Kalimantan Selatan,Banjarbaru,PUSKESMAS RAWAT INAP CEMPAKA,DINAS KESEHATAN,Umum,Obat-Obatan,17460,104.,2020-11-05,ASAM TRANEKSAMAT TABLET,Tablet,200,3509,701800
Kalimantan Selatan,Banjarbaru,PUSKESMAS RAWAT INAP CEMPAKA,DINAS KESEHATAN,Umum,Obat-Obatan,22042,105.,2020-08-06,ATAPULGIT 650 mg,Tablet,260,253,65780
Kalimantan Selatan,Banjarbaru,PUSKESMAS RAWAT INAP CEMPAKA,DINAS KESEHATAN,Umum,Obat-Obatan,22042,106.,2020-09-10,ATAPULGIT 650 mg,Tablet,1500,253,379500
Kalimantan Selatan,Banjarbaru,PUSKESMAS RAWAT INAP CEMPAKA,DINAS KESEHATAN,Umum,Obat-Obatan,20190,107.,2020-03-10,AUTOCHECK TOTAL CHOLESTEROL TEST STRIP 25 STRIPS / BOX,box,1,423775,423775
Kalimantan Selatan,Banjarbaru,PUSKESMAS RAWAT INAP CEMPAKA,DINAS KESEHATAN,Umum,Obat-Obatan,5044,108.,2020-07-02,AZITROMISIN 500 MG,Tablet,5,1,5
Kalimantan Selatan,Banjarbaru,PUSKESMAS RAWAT INAP CEMPAKA,DINAS KESEHATAN,Umum,Obat-Obatan,16725,109.,2020-09-10,Alat Suntik sekali Pakai  3 ml Harga 2,pcs,200,818,163600
Kalimantan Selatan,Banjarbaru,PUSKESMAS RAWAT INAP CEMPAKA,DINAS KESEHATAN,Umum,Obat-Obatan,16725,110.,2020-11-05,Alat Suntik sekali Pakai  3 ml Harga 2,pcs,500,818,409000
Kalimantan Selatan,Banjarbaru,PUSKESMAS RAWAT INAP CEMPAKA,DINAS KESEHATAN,Umum,Obat-Obatan,16725,111.,2020-12-05,Alat Suntik sekali Pakai  3 ml Harga 2,pcs,800,818,654400
Kalimantan Selatan,Banjarbaru,PUSKESMAS RAWAT INAP CEMPAKA,DINAS KESEHATAN,Umum,Obat-Obatan,16723,112.,2020-12-05,Alat Suntik sekali Pakai 1 ml,pcs,300,1430,429000
Kalimantan Selatan,Banjarbaru,PUSKESMAS RAWAT INAP CEMPAKA,DINAS KESEHATAN,Umum,Obat-Obatan,16727,113.,2020-12-05,Alat Suntik sekali Pakai 5 ml Harga 2,pcs,300,950,285000
Kalimantan Selatan,Banjarbaru,PUSKESMAS RAWAT INAP CEMPAKA,DINAS KESEHATAN,Umum,Obat-Obatan,21331,114.,2020-11-05,Alkohol swab,Buah,8000,110,880000
Kalimantan Selatan,Banjarbaru,PUSKESMAS RAWAT INAP CEMPAKA,DINAS KESEHATAN,Umum,Obat-Obatan,21331,115.,2020-12-05,Alkohol swab,Buah,1000,110,110000
Kalimantan Selatan,Banjarbaru,PUSKESMAS RAWAT INAP CEMPAKA,DINAS KESEHATAN,Umum,Obat-Obatan,18497,116.,2020-01-02,Alprazolam 1 mg Harga 2,Tablet,100,120,12000
Kalimantan Selatan,Banjarbaru,PUSKESMAS RAWAT INAP CEMPAKA,DINAS KESEHATAN,Umum,Obat-Obatan,18498,117.,2020-06-02,Ambroxol 30 MG,Tablet,200,99,19800
Kalimantan Selatan,Banjarbaru,PUSKESMAS RAWAT INAP CEMPAKA,DINAS KESEHATAN,Umum,Obat-Obatan,18498,118.,2020-07-02,Ambroxol 30 MG,Tablet,200,99,19800
Kalimantan Selatan,Banjarbaru,PUSKESMAS RAWAT INAP CEMPAKA,DINAS KESEHATAN,Umum,Obat-Obatan,18498,119.,2020-08-06,Ambroxol 30 MG,Tablet,1500,99,148500
Kalimantan Selatan,Banjarbaru,PUSKESMAS RAWAT INAP CEMPAKA,DINAS KESEHATAN,Umum,Obat-Obatan,18498,120.,2020-11-05,Ambroxol 30 MG,Tablet,2900,99,287100
Kalimantan Selatan,Banjarbaru,PUSKESMAS RAWAT INAP CEMPAKA,DINAS KESEHATAN,Umum,Obat-Obatan,19341,121.,2020-06-02,Amlodipin 10 mg,Tablet,360,94,33840
Kalimantan Selatan,Banjarbaru,PUSKESMAS RAWAT INAP CEMPAKA,DINAS KESEHATAN,Umum,Obat-Obatan,699,122.,2020-01-02,Amlodipin 5 mg TAB (IFRS),Tablet,140,76,10640
Kalimantan Selatan,Banjarbaru,PUSKESMAS RAWAT INAP CEMPAKA,DINAS KESEHATAN,Umum,Obat-Obatan,2505,123.,2020-11-05,Amoksisilin kaplet 500 mg,kaplet,2000,265,530000
Kalimantan Selatan,Banjarbaru,PUSKESMAS RAWAT INAP CEMPAKA,DINAS KESEHATAN,Umum,Obat-Obatan,2505,124.,2020-12-05,Amoksisilin kaplet 500 mg,kaplet,2000,265,530000
Kalimantan Selatan,Banjarbaru,PUSKESMAS RAWAT INAP CEMPAKA,DINAS KESEHATAN,Umum,Obat-Obatan,941,125.,2020-01-02,Antibakteri DOEN komb. Basitrasin 500 iu/g + Polimiksin B 10.000 iu/g,Tube,50,3490,174500
Kalimantan Selatan,Banjarbaru,PUSKESMAS RAWAT INAP CEMPAKA,DINAS KESEHATAN,Umum,Obat-Obatan,3979,126.,2020-11-05,Asam traneksamat inj 500 mg/ 5 ml 2,ampul,30,1813,54390
Kalimantan Selatan,Banjarbaru,PUSKESMAS RAWAT INAP CEMPAKA,DINAS KESEHATAN,Umum,Obat-Obatan,3979,127.,2020-12-05,Asam traneksamat inj 500 mg/ 5 ml 2,ampul,30,1813,54390
Kalimantan Selatan,Banjarbaru,PUSKESMAS RAWAT INAP CEMPAKA,DINAS KESEHATAN,Umum,Obat-Obatan,16847,128.,2020-09-07,Autocheck Total cholesterol  Test Strip,box,5,402100,2010500
Kalimantan Selatan,Banjarbaru,PUSKESMAS RAWAT INAP CEMPAKA,DINAS KESEHATAN,Umum,Obat-Obatan,16847,129.,2020-12-11,Autocheck Total cholesterol  Test Strip,box,1,402200,402200
Kalimantan Selatan,Banjarbaru,PUSKESMAS RAWAT INAP CEMPAKA,DINAS KESEHATAN,Umum,Obat-Obatan,3337,130.,2020-12-05,Azitromisin Tab Selaput 500 MG,Tablet,5,1888,9440
Kalimantan Selatan,Banjarbaru,PUSKESMAS RAWAT INAP CEMPAKA,DINAS KESEHATAN,Umum,Obat-Obatan,18379,132.,2020-01-02,BEROTEC SOL,Botol,6,117500,705000
Kalimantan Selatan,Banjarbaru,PUSKESMAS RAWAT INAP CEMPAKA,DINAS KESEHATAN,Umum,Obat-Obatan,18379,134.,2020-01-02,BEROTEC SOL,Botol,4,117500,470000
Kalimantan Selatan,Banjarbaru,PUSKESMAS RAWAT INAP CEMPAKA,DINAS KESEHATAN,Umum,Obat-Obatan,16596,136.,2020-06-02,BETAHISTIN 6 MG,Tablet,1940,119,230860
Kalimantan Selatan,Banjarbaru,PUSKESMAS RAWAT INAP CEMPAKA,DINAS KESEHATAN,Umum,Obat-Obatan,20022,137.,2020-09-10,"BETAMETASON KRIM 0,1 % TUBE",Tube,70,1865,130550
Kalimantan Selatan,Banjarbaru,PUSKESMAS RAWAT INAP CEMPAKA,DINAS KESEHATAN,Umum,Obat-Obatan,20022,138.,2020-11-05,"BETAMETASON KRIM 0,1 % TUBE",Tube,25,1865,46625
Kalimantan Selatan,Banjarbaru,PUSKESMAS RAWAT INAP CEMPAKA,DINAS KESEHATAN,Umum,Obat-Obatan,20022,139.,2020-12-05,"BETAMETASON KRIM 0,1 % TUBE",Tube,50,1865,93250
Kalimantan Selatan,Banjarbaru,PUSKESMAS RAWAT INAP CEMPAKA,DINAS KESEHATAN,Umum,Obat-Obatan,499,140.,2020-09-10,Bedak Salisil Serbuk 2 %,Bungkus,20,4499,89980
Kalimantan Selatan,Banjarbaru,PUSKESMAS RAWAT INAP CEMPAKA,DINAS KESEHATAN,Umum,Obat-Obatan,499,141.,2020-11-05,Bedak Salisil Serbuk 2 %,Bungkus,40,4499,179960
Kalimantan Selatan,Banjarbaru,PUSKESMAS RAWAT INAP CEMPAKA,DINAS KESEHATAN,Umum,Obat-Obatan,499,142.,2020-12-05,Bedak Salisil Serbuk 2 %,Bungkus,50,4499,224950
Kalimantan Selatan,Banjarbaru,PUSKESMAS RAWAT INAP CEMPAKA,DINAS KESEHATAN,Umum,Obat-Obatan,16786,143.,2020-01-19,Bufacetine,Tube,48,3360,161280
Kalimantan Selatan,Banjarbaru,PUSKESMAS RAWAT INAP CEMPAKA,DINAS KESEHATAN,Umum,Obat-Obatan,16786,144.,2020-02-10,Bufacetine,Tube,120,3360,403200
Kalimantan Selatan,Banjarbaru,PUSKESMAS RAWAT INAP CEMPAKA,DINAS KESEHATAN,Umum,Obat-Obatan,16786,145.,2020-03-09,Bufacetine,Tube,96,3360,322560
Kalimantan Selatan,Banjarbaru,PUSKESMAS RAWAT INAP CEMPAKA,DINAS KESEHATAN,Umum,Obat-Obatan,16786,146.,2020-06-02,Bufacetine,Tube,96,3360,322560
Kalimantan Selatan,Banjarbaru,PUSKESMAS RAWAT INAP CEMPAKA,DINAS KESEHATAN,Umum,Obat-Obatan,16786,147.,2020-07-02,Bufacetine,Tube,72,3360,241920
Kalimantan Selatan,Banjarbaru,PUSKESMAS RAWAT INAP CEMPAKA,DINAS KESEHATAN,Umum,Obat-Obatan,16786,148.,2020-09-10,Bufacetine,Tube,288,3360,967680
Kalimantan Selatan,Banjarbaru,PUSKESMAS RAWAT INAP CEMPAKA,DINAS KESEHATAN,Umum,Obat-Obatan,16786,149.,2020-11-05,Bufacetine,Tube,288,3360,967680
Kalimantan Selatan,Banjarbaru,PUSKESMAS RAWAT INAP CEMPAKA,DINAS KESEHATAN,Umum,Obat-Obatan,16786,150.,2020-12-05,Bufacetine,Tube,120,3360,403200
Kalimantan Selatan,Banjarbaru,PUSKESMAS RAWAT INAP CEMPAKA,DINAS KESEHATAN,Umum,Obat-Obatan,18974,151.,2020-06-02,"CAPTOPRIL 12,5 MG TABLET KF",Tablet,160,69,11040
Kalimantan Selatan,Banjarbaru,PUSKESMAS RAWAT INAP CEMPAKA,DINAS KESEHATAN,Umum,Obat-Obatan,18974,152.,2020-07-02,"CAPTOPRIL 12,5 MG TABLET KF",Tablet,1500,69,103500
Kalimantan Selatan,Banjarbaru,PUSKESMAS RAWAT INAP CEMPAKA,DINAS KESEHATAN,Umum,Obat-Obatan,18974,153.,2020-11-05,"CAPTOPRIL 12,5 MG TABLET KF",Tablet,1500,69,103500
Kalimantan Selatan,Banjarbaru,PUSKESMAS RAWAT INAP CEMPAKA,DINAS KESEHATAN,Umum,Obat-Obatan,18989,154.,2020-01-02,CAPTOPRIL 25 MG TABLET KF,Tablet,200,138,27600
Kalimantan Selatan,Banjarbaru,PUSKESMAS RAWAT INAP CEMPAKA,DINAS KESEHATAN,Umum,Obat-Obatan,18989,155.,2020-01-02,CAPTOPRIL 25 MG TABLET KF,Tablet,2300,138,317400
Kalimantan Selatan,Banjarbaru,PUSKESMAS RAWAT INAP CEMPAKA,DINAS KESEHATAN,Umum,Obat-Obatan,16598,156.,2020-09-10,CEFADROXIL CAPSUL 500 MG,Tablet,300,680,204000
Kalimantan Selatan,Banjarbaru,PUSKESMAS RAWAT INAP CEMPAKA,DINAS KESEHATAN,Umum,Obat-Obatan,16598,157.,2020-11-05,CEFADROXIL CAPSUL 500 MG,Tablet,500,680,340000
Kalimantan Selatan,Banjarbaru,PUSKESMAS RAWAT INAP CEMPAKA,DINAS KESEHATAN,Umum,Obat-Obatan,17463,158.,2020-09-10,CEFADROXIL FORTE SIRUP KERING 250MG/5ML HARGA 2,Botol,20,5826,116520
Kalimantan Selatan,Banjarbaru,PUSKESMAS RAWAT INAP CEMPAKA,DINAS KESEHATAN,Umum,Obat-Obatan,2565,159.,2020-06-02,CEFIXIME 200MG,Kapsul,500,2430,1215000
Kalimantan Selatan,Banjarbaru,PUSKESMAS RAWAT INAP CEMPAKA,DINAS KESEHATAN,Umum,Obat-Obatan,18311,160.,2020-02-10,CEFOTAXIM INJ 1 GRAM HARGA 1,Vial,100,4706,470600
Kalimantan Selatan,Banjarbaru,PUSKESMAS RAWAT INAP CEMPAKA,DINAS KESEHATAN,Umum,Obat-Obatan,18312,161.,2020-01-02,CEFOTAXIM INJ 1 GRAM HARGA 2,Vial,10,4410,44100
Kalimantan Selatan,Banjarbaru,PUSKESMAS RAWAT INAP CEMPAKA,DINAS KESEHATAN,Umum,Obat-Obatan,18312,162.,2020-01-02,CEFOTAXIM INJ 1 GRAM HARGA 2,Vial,10,4410,44100
Kalimantan Selatan,Banjarbaru,PUSKESMAS RAWAT INAP CEMPAKA,DINAS KESEHATAN,Umum,Obat-Obatan,18312,163.,2020-01-02,CEFOTAXIM INJ 1 GRAM HARGA 2,Vial,70,4410,308700
Kalimantan Selatan,Banjarbaru,PUSKESMAS RAWAT INAP CEMPAKA,DINAS KESEHATAN,Umum,Obat-Obatan,18312,164.,2020-01-02,CEFOTAXIM INJ 1 GRAM HARGA 2,Vial,50,4410,220500
Kalimantan Selatan,Banjarbaru,PUSKESMAS RAWAT INAP CEMPAKA,DINAS KESEHATAN,Umum,Obat-Obatan,18312,165.,2020-01-02,CEFOTAXIM INJ 1 GRAM HARGA 2,Vial,30,4410,132300
Kalimantan Selatan,Banjarbaru,PUSKESMAS RAWAT INAP CEMPAKA,DINAS KESEHATAN,Umum,Obat-Obatan,18312,166.,2020-02-10,CEFOTAXIM INJ 1 GRAM HARGA 2,Vial,20,4410,88200
Kalimantan Selatan,Banjarbaru,PUSKESMAS RAWAT INAP CEMPAKA,DINAS KESEHATAN,Umum,Obat-Obatan,18313,167.,2020-01-02,CEFTRIAXONE 1 GR INJEKSI BERNO,Vial,50,11880,594000
Kalimantan Selatan,Banjarbaru,PUSKESMAS RAWAT INAP CEMPAKA,DINAS KESEHATAN,Umum,Obat-Obatan,2573,169.,2020-02-10,CEFTRIAXONE 1 GR INJEKSI HJ,Vial,10,5146,51460
Kalimantan Selatan,Banjarbaru,PUSKESMAS RAWAT INAP CEMPAKA,DINAS KESEHATAN,Umum,Obat-Obatan,18990,170.,2020-08-06,CIPROFLOXACIN 500 MG,Tablet,12,77880,934560
Kalimantan Selatan,Banjarbaru,PUSKESMAS RAWAT INAP CEMPAKA,DINAS KESEHATAN,Umum,Obat-Obatan,16604,171.,2020-01-02,CLOBAZAM 10 MG,Tablet,9,872,7848
Kalimantan Selatan,Banjarbaru,PUSKESMAS RAWAT INAP CEMPAKA,DINAS KESEHATAN,Umum,Obat-Obatan,3727,172.,2020-06-02,CLOBAZAM TAB 10 MG TABLET DEXA,Tablet,75,916,68700
Kalimantan Selatan,Banjarbaru,PUSKESMAS RAWAT INAP CEMPAKA,DINAS KESEHATAN,Umum,Obat-Obatan,3727,173.,2020-12-05,CLOBAZAM TAB 10 MG TABLET DEXA,Tablet,200,916,183200
Kalimantan Selatan,Banjarbaru,PUSKESMAS RAWAT INAP CEMPAKA,DINAS KESEHATAN,Umum,Obat-Obatan,21670,174.,2020-02-10,Captopril 25 mg,box,10,14463,144630
Kalimantan Selatan,Banjarbaru,PUSKESMAS RAWAT INAP CEMPAKA,DINAS KESEHATAN,Umum,Obat-Obatan,21670,175.,2020-03-09,Captopril 25 mg,box,10,14463,144630
Kalimantan Selatan,Banjarbaru,PUSKESMAS RAWAT INAP CEMPAKA,DINAS KESEHATAN,Umum,Obat-Obatan,21670,176.,2020-06-02,Captopril 25 mg,box,1,14463,14463
Kalimantan Selatan,Banjarbaru,PUSKESMAS RAWAT INAP CEMPAKA,DINAS KESEHATAN,Umum,Obat-Obatan,21670,177.,2020-08-06,Captopril 25 mg,box,10,14463,144630
Kalimantan Selatan,Banjarbaru,PUSKESMAS RAWAT INAP CEMPAKA,DINAS KESEHATAN,Umum,Obat-Obatan,21670,178.,2020-11-05,Captopril 25 mg,box,3,14463,43389
Kalimantan Selatan,Banjarbaru,PUSKESMAS RAWAT INAP CEMPAKA,DINAS KESEHATAN,Umum,Obat-Obatan,16730,179.,2020-07-02,Catgut / Benang Bedah No.2/0 Harga 1,pcs,42,7571,317982
Kalimantan Selatan,Banjarbaru,PUSKESMAS RAWAT INAP CEMPAKA,DINAS KESEHATAN,Umum,Obat-Obatan,16728,180.,2020-06-02,Catgut / Benang Bedah No.3/0 Harga 1,pcs,4,7570,30280
Kalimantan Selatan,Banjarbaru,PUSKESMAS RAWAT INAP CEMPAKA,DINAS KESEHATAN,Umum,Obat-Obatan,16728,181.,2020-07-02,Catgut / Benang Bedah No.3/0 Harga 1,pcs,48,7570,363360
Kalimantan Selatan,Banjarbaru,PUSKESMAS RAWAT INAP CEMPAKA,DINAS KESEHATAN,Umum,Obat-Obatan,495,182.,2020-08-06,Cetirizine syrup 5 mg/5 ml,Botol,36,3061,110196
Kalimantan Selatan,Banjarbaru,PUSKESMAS RAWAT INAP CEMPAKA,DINAS KESEHATAN,Umum,Obat-Obatan,495,183.,2020-09-10,Cetirizine syrup 5 mg/5 ml,Botol,50,3061,153050
Kalimantan Selatan,Banjarbaru,PUSKESMAS RAWAT INAP CEMPAKA,DINAS KESEHATAN,Umum,Obat-Obatan,495,184.,2020-12-05,Cetirizine syrup 5 mg/5 ml,Botol,200,3061,612200
Kalimantan Selatan,Banjarbaru,PUSKESMAS RAWAT INAP CEMPAKA,DINAS KESEHATAN,Umum,Obat-Obatan,19297,186.,2020-01-02,Clobazam 10 Mg harga 2,Tablet,65,950,61750
Kalimantan Selatan,Banjarbaru,PUSKESMAS RAWAT INAP CEMPAKA,DINAS KESEHATAN,Umum,Obat-Obatan,20212,187.,2020-12-05,DEKSAMETASON INJ 5 MG /ML 1 - ML,Ampul,90,1210,108900
Kalimantan Selatan,Banjarbaru,PUSKESMAS RAWAT INAP CEMPAKA,DINAS KESEHATAN,Umum,Obat-Obatan,16605,188.,2020-02-10,"DEKSAMETASON TABLET 0,5 MG",Tablet,500,77,38500
Kalimantan Selatan,Banjarbaru,PUSKESMAS RAWAT INAP CEMPAKA,DINAS KESEHATAN,Umum,Obat-Obatan,20168,189.,2020-03-09,"DEKSAMETHASON TAB 0,5 mg",Tablet,7,18029,126203
Kalimantan Selatan,Banjarbaru,PUSKESMAS RAWAT INAP CEMPAKA,DINAS KESEHATAN,Umum,Obat-Obatan,16607,190.,2020-01-02,DIFENHIDRAMIN HCL INJ 10 MG/ML-1 ML,ampul,30,1262,37860
Kalimantan Selatan,Banjarbaru,PUSKESMAS RAWAT INAP CEMPAKA,DINAS KESEHATAN,Umum,Obat-Obatan,17635,191.,2020-12-05,DIMENHYDRINATE 50 MG TABLET KF,Tablet,500,129,64500
Kalimantan Selatan,Banjarbaru,PUSKESMAS RAWAT INAP CEMPAKA,DINAS KESEHATAN,Umum,Obat-Obatan,16614,192.,2020-01-02,DULCOLAX 5 MG SUPPOSITORIA (ANAK),Suppo,40,6000,240000
Kalimantan Selatan,Banjarbaru,PUSKESMAS RAWAT INAP CEMPAKA,DINAS KESEHATAN,Umum,Obat-Obatan,16614,193.,2020-09-10,DULCOLAX 5 MG SUPPOSITORIA (ANAK),Suppo,12,6000,72000
Kalimantan Selatan,Banjarbaru,PUSKESMAS RAWAT INAP CEMPAKA,DINAS KESEHATAN,Umum,Obat-Obatan,16614,194.,2020-11-05,DULCOLAX 5 MG SUPPOSITORIA (ANAK),Suppo,24,6000,144000
Kalimantan Selatan,Banjarbaru,PUSKESMAS RAWAT INAP CEMPAKA,DINAS KESEHATAN,Umum,Obat-Obatan,601,196.,2020-01-02,Deksametason inj 5 mg/ml,Ampul,7,1210,8470
Kalimantan Selatan,Banjarbaru,PUSKESMAS RAWAT INAP CEMPAKA,DINAS KESEHATAN,Umum,Obat-Obatan,10477,197.,2020-08-13,Disposible Clothing Hospital Safety Converall Protection,pcs,60,178260,10695600
Kalimantan Selatan,Banjarbaru,PUSKESMAS RAWAT INAP CEMPAKA,DINAS KESEHATAN,Umum,Obat-Obatan,786,198.,2020-01-02,Domperidone 10 mg,Tablet,10,90,900
Kalimantan Selatan,Banjarbaru,PUSKESMAS RAWAT INAP CEMPAKA,DINAS KESEHATAN,Umum,Obat-Obatan,19807,199.,2020-02-10,Dulcolax supp,Biji,7,5900,41300
Kalimantan Selatan,Banjarbaru,PUSKESMAS RAWAT INAP CEMPAKA,DINAS KESEHATAN,Umum,Obat-Obatan,16623,201.,2020-03-09,"ETAKRIDIN (RIVANOL) LARUTAN 0,1 %",Botol,22,3000,66000
Kalimantan Selatan,Banjarbaru,PUSKESMAS RAWAT INAP CEMPAKA,DINAS KESEHATAN,Umum,Obat-Obatan,16623,202.,2020-06-02,"ETAKRIDIN (RIVANOL) LARUTAN 0,1 %",Botol,21,3000,63000
Kalimantan Selatan,Banjarbaru,PUSKESMAS RAWAT INAP CEMPAKA,DINAS KESEHATAN,Umum,Obat-Obatan,20042,203.,2020-06-02,ETANOL 70% (1000 ML),Botol,4,30000,120000
Kalimantan Selatan,Banjarbaru,PUSKESMAS RAWAT INAP CEMPAKA,DINAS KESEHATAN,Umum,Obat-Obatan,20042,204.,2020-08-06,ETANOL 70% (1000 ML),Botol,20,30000,600000
Kalimantan Selatan,Banjarbaru,PUSKESMAS RAWAT INAP CEMPAKA,DINAS KESEHATAN,Umum,Obat-Obatan,20042,205.,2020-11-05,ETANOL 70% (1000 ML),Botol,20,30000,600000
Kalimantan Selatan,Banjarbaru,PUSKESMAS RAWAT INAP CEMPAKA,DINAS KESEHATAN,Umum,Obat-Obatan,20042,206.,2020-12-05,ETANOL 70% (1000 ML),Botol,18,30000,540000
Kalimantan Selatan,Banjarbaru,PUSKESMAS RAWAT INAP CEMPAKA,DINAS KESEHATAN,Umum,Obat-Obatan,18978,207.,2020-03-09,FDC 1 / 111,Paket,7,477791,3344537
Kalimantan Selatan,Banjarbaru,PUSKESMAS RAWAT INAP CEMPAKA,DINAS KESEHATAN,Umum,Obat-Obatan,18978,208.,2020-09-07,FDC 1 / 111,Paket,7,477791,3344537
Kalimantan Selatan,Banjarbaru,PUSKESMAS RAWAT INAP CEMPAKA,DINAS KESEHATAN,Umum,Obat-Obatan,18978,209.,2020-12-02,FDC 1 / 111,Paket,10,477791,4777910
Kalimantan Selatan,Banjarbaru,PUSKESMAS RAWAT INAP CEMPAKA,DINAS KESEHATAN,Umum,Obat-Obatan,20975,210.,2020-12-02,FDC 11 (PAKET OBAT),Paket,1,1592726,1592726
Kalimantan Selatan,Banjarbaru,PUSKESMAS RAWAT INAP CEMPAKA,DINAS KESEHATAN,Umum,Obat-Obatan,20680,211.,2020-06-03,FDC 11 (PAKET),Paket,1,1592726,1592726
Kalimantan Selatan,Banjarbaru,PUSKESMAS RAWAT INAP CEMPAKA,DINAS KESEHATAN,Umum,Obat-Obatan,16626,212.,2020-09-10,FENOBARBITAL INJEKSI 50 MG/ML-2ML,Ampul,30,2278,68340
Kalimantan Selatan,Banjarbaru,PUSKESMAS RAWAT INAP CEMPAKA,DINAS KESEHATAN,Umum,Obat-Obatan,16628,213.,2020-12-05,FENOL GLISEROL TETES TELINGA 10%,Botol,48,2727,130896
Kalimantan Selatan,Banjarbaru,PUSKESMAS RAWAT INAP CEMPAKA,DINAS KESEHATAN,Umum,Obat-Obatan,537,215.,2020-01-02,Fenobarbital tablet 30 mg,Tablet,266,144,38304
Kalimantan Selatan,Banjarbaru,PUSKESMAS RAWAT INAP CEMPAKA,DINAS KESEHATAN,Umum,Obat-Obatan,18521,216.,2020-07-02,Fitomenadion (vit k 1) tablet salut 10mg,Tablet,200,873,174600
Kalimantan Selatan,Banjarbaru,PUSKESMAS RAWAT INAP CEMPAKA,DINAS KESEHATAN,Umum,Obat-Obatan,16779,217.,2020-06-02,Flagsol (Metronidazol),Botol,400,638,255200
Kalimantan Selatan,Banjarbaru,PUSKESMAS RAWAT INAP CEMPAKA,DINAS KESEHATAN,Umum,Obat-Obatan,7862,218.,2020-12-05,Furosemid inj,ampul,200,84,16800
Kalimantan Selatan,Banjarbaru,PUSKESMAS RAWAT INAP CEMPAKA,DINAS KESEHATAN,Umum,Obat-Obatan,18320,219.,2020-02-10,GEMFIBROZIL 300 MG,Tablet,216,428,92448
Kalimantan Selatan,Banjarbaru,PUSKESMAS RAWAT INAP CEMPAKA,DINAS KESEHATAN,Umum,Obat-Obatan,18321,220.,2020-09-10,GENTAMICIN SALEP MATA HARGA 1,Tube,48,3075,147600
Kalimantan Selatan,Banjarbaru,PUSKESMAS RAWAT INAP CEMPAKA,DINAS KESEHATAN,Umum,Obat-Obatan,18321,221.,2020-12-05,GENTAMICIN SALEP MATA HARGA 1,Tube,96,3075,295200
Kalimantan Selatan,Banjarbaru,PUSKESMAS RAWAT INAP CEMPAKA,DINAS KESEHATAN,Umum,Obat-Obatan,16634,222.,2020-06-02,GENTAMICIN TETES MATA,Botol,24,7051,169224
Kalimantan Selatan,Banjarbaru,PUSKESMAS RAWAT INAP CEMPAKA,DINAS KESEHATAN,Umum,Obat-Obatan,16634,223.,2020-09-10,GENTAMICIN TETES MATA,Botol,48,7051,338448
Kalimantan Selatan,Banjarbaru,PUSKESMAS RAWAT INAP CEMPAKA,DINAS KESEHATAN,Umum,Obat-Obatan,18323,224.,2020-12-05,GENTAMICIN TETES MATA HARGA 2,Botol,96,4885,468960
Kalimantan Selatan,Banjarbaru,PUSKESMAS RAWAT INAP CEMPAKA,DINAS KESEHATAN,Umum,Obat-Obatan,18418,225.,2020-06-02,GLIMEPIRIDE 1 MG TABLET KF,Tablet,2000,174,348000
Kalimantan Selatan,Banjarbaru,PUSKESMAS RAWAT INAP CEMPAKA,DINAS KESEHATAN,Umum,Obat-Obatan,16639,226.,2020-01-19,GLISERIL GUAYAKOLAT TABLET 100 MG,Tablet,1000,160,160000
Kalimantan Selatan,Banjarbaru,PUSKESMAS RAWAT INAP CEMPAKA,DINAS KESEHATAN,Umum,Obat-Obatan,16641,227.,2020-02-10,GLUKOSA LARUTAN INFUS 5% STERIL,Botol,40,6900,276000
Kalimantan Selatan,Banjarbaru,PUSKESMAS RAWAT INAP CEMPAKA,DINAS KESEHATAN,Umum,Obat-Obatan,18380,228.,2020-06-02,"GRISEOFULVIN TABLET 125 MG, MICRONIZED HARGA 2",Tablet,100,238,23800
Kalimantan Selatan,Banjarbaru,PUSKESMAS RAWAT INAP CEMPAKA,DINAS KESEHATAN,Umum,Obat-Obatan,18380,229.,2020-12-05,"GRISEOFULVIN TABLET 125 MG, MICRONIZED HARGA 2",Tablet,500,238,119000
Kalimantan Selatan,Banjarbaru,PUSKESMAS RAWAT INAP CEMPAKA,DINAS KESEHATAN,Umum,Obat-Obatan,19372,230.,2020-12-05,Glibenklamid tablett 5 mg,Tablet,400,137,54800
Kalimantan Selatan,Banjarbaru,PUSKESMAS RAWAT INAP CEMPAKA,DINAS KESEHATAN,Umum,Obat-Obatan,16643,231.,2020-06-02,HALOPERIDOL 5 MG TABLET INDOFARMA,Tablet,570,60,34200
Kalimantan Selatan,Banjarbaru,PUSKESMAS RAWAT INAP CEMPAKA,DINAS KESEHATAN,Umum,Obat-Obatan,16644,232.,2020-03-09,"HALOPERIDOL TABLET 1,5 MG",Tablet,80,59,4720
Kalimantan Selatan,Banjarbaru,PUSKESMAS RAWAT INAP CEMPAKA,DINAS KESEHATAN,Umum,Obat-Obatan,20038,233.,2020-02-10,HANDSCOON (STERIL 7),pcs,200,4605,921000
Kalimantan Selatan,Banjarbaru,PUSKESMAS RAWAT INAP CEMPAKA,DINAS KESEHATAN,Umum,Obat-Obatan,16645,234.,2020-06-02,"HIDROKORTISON KRIM 2,5 %",Tube,71,2533,179843
Kalimantan Selatan,Banjarbaru,PUSKESMAS RAWAT INAP CEMPAKA,DINAS KESEHATAN,Umum,Obat-Obatan,16645,235.,2020-09-10,"HIDROKORTISON KRIM 2,5 %",Tube,96,2533,243168
Kalimantan Selatan,Banjarbaru,PUSKESMAS RAWAT INAP CEMPAKA,DINAS KESEHATAN,Umum,Obat-Obatan,16645,236.,2020-11-05,"HIDROKORTISON KRIM 2,5 %",Tube,120,2533,303960
Kalimantan Selatan,Banjarbaru,PUSKESMAS RAWAT INAP CEMPAKA,DINAS KESEHATAN,Umum,Obat-Obatan,20686,237.,2020-03-09,"Halloperidol 0,5 mg",kotak,20,6200,124000
Kalimantan Selatan,Banjarbaru,PUSKESMAS RAWAT INAP CEMPAKA,DINAS KESEHATAN,Umum,Obat-Obatan,21133,238.,2020-12-02,Halloperidol 5 mg,kotak,5,5456,27280
Kalimantan Selatan,Banjarbaru,PUSKESMAS RAWAT INAP CEMPAKA,DINAS KESEHATAN,Umum,Obat-Obatan,22044,239.,2020-12-02,Halloperidol 50 mg inj,Ampul,10,101300,1013000
Kalimantan Selatan,Banjarbaru,PUSKESMAS RAWAT INAP CEMPAKA,DINAS KESEHATAN,Umum,Obat-Obatan,1099,240.,2020-11-05,Haloperidol TAB 5 MG,Tablet,200,1916,383200
Kalimantan Selatan,Banjarbaru,PUSKESMAS RAWAT INAP CEMPAKA,DINAS KESEHATAN,Umum,Obat-Obatan,19301,241.,2020-12-05,"Haloperidol tablet 1,5 MG harga 2",Tablet,500,143,71500
Kalimantan Selatan,Banjarbaru,PUSKESMAS RAWAT INAP CEMPAKA,DINAS KESEHATAN,Umum,Obat-Obatan,20954,242.,2020-12-02,Hb PID,Buah,36,25597,921492
Kalimantan Selatan,Banjarbaru,PUSKESMAS RAWAT INAP CEMPAKA,DINAS KESEHATAN,Umum,Obat-Obatan,16646,243.,2020-01-02,IBUPROFEN 100 MG / 5 ML SYRUP RAMA,Botol,36,2678,96408
Kalimantan Selatan,Banjarbaru,PUSKESMAS RAWAT INAP CEMPAKA,DINAS KESEHATAN,Umum,Obat-Obatan,16646,244.,2020-01-02,IBUPROFEN 100 MG / 5 ML SYRUP RAMA,Botol,50,2678,133900
Kalimantan Selatan,Banjarbaru,PUSKESMAS RAWAT INAP CEMPAKA,DINAS KESEHATAN,Umum,Obat-Obatan,17805,245.,2020-01-02,IBUPROFEN 200 MG TABLET PHAPROS (IFRS),Tablet,536,111,59496
Kalimantan Selatan,Banjarbaru,PUSKESMAS RAWAT INAP CEMPAKA,DINAS KESEHATAN,Umum,Obat-Obatan,20838,246.,2020-11-05,IBUPROFEN SUSPENSI 200 MG / 5 ML,Botol,82,5414,443948
Kalimantan Selatan,Banjarbaru,PUSKESMAS RAWAT INAP CEMPAKA,DINAS KESEHATAN,Umum,Obat-Obatan,16647,247.,2020-02-10,IBUPROFEN SUSPENSI 200 MG/5 ML,Botol,15,2858,42870
Kalimantan Selatan,Banjarbaru,PUSKESMAS RAWAT INAP CEMPAKA,DINAS KESEHATAN,Umum,Obat-Obatan,16647,248.,2020-12-05,IBUPROFEN SUSPENSI 200 MG/5 ML,Botol,100,2858,285800
Kalimantan Selatan,Banjarbaru,PUSKESMAS RAWAT INAP CEMPAKA,DINAS KESEHATAN,Umum,Obat-Obatan,19193,249.,2020-01-02,IBUPROFEN TABLET 200 mg,Tablet,2764,111,306804
Kalimantan Selatan,Banjarbaru,PUSKESMAS RAWAT INAP CEMPAKA,DINAS KESEHATAN,Umum,Obat-Obatan,18327,250.,2020-03-09,IBUPROFEN TABLET 400MG HARGA 2,Tablet,300,440,132000
Kalimantan Selatan,Banjarbaru,PUSKESMAS RAWAT INAP CEMPAKA,DINAS KESEHATAN,Umum,Obat-Obatan,18327,251.,2020-06-02,IBUPROFEN TABLET 400MG HARGA 2,Tablet,1200,440,528000
Kalimantan Selatan,Banjarbaru,PUSKESMAS RAWAT INAP CEMPAKA,DINAS KESEHATAN,Umum,Obat-Obatan,17473,252.,2020-12-05,"ICHTIOL SALEP, KEMASAN POT SALEP",Pot,11,6600,72600
Kalimantan Selatan,Banjarbaru,PUSKESMAS RAWAT INAP CEMPAKA,DINAS KESEHATAN,Umum,Obat-Obatan,16737,253.,2020-02-10,Infusion Set Anak,pcs,50,10406,520300
Kalimantan Selatan,Banjarbaru,PUSKESMAS RAWAT INAP CEMPAKA,DINAS KESEHATAN,Umum,Obat-Obatan,18394,254.,2020-12-05,Infusion Set Anak HARGA 2,pcs,100,7129,712900
Kalimantan Selatan,Banjarbaru,PUSKESMAS RAWAT INAP CEMPAKA,DINAS KESEHATAN,Umum,Obat-Obatan,16734,255.,2020-12-05,Infusion set Dewasa,pcs,200,4756,951200
Kalimantan Selatan,Banjarbaru,PUSKESMAS RAWAT INAP CEMPAKA,DINAS KESEHATAN,Umum,Obat-Obatan,20187,256.,2020-03-09,JAYAMAS BESMED MAXIFLOW ANAK (MASKER OKSIGEN),Buah,25,15585,389625
Kalimantan Selatan,Banjarbaru,PUSKESMAS RAWAT INAP CEMPAKA,DINAS KESEHATAN,Umum,Obat-Obatan,20187,257.,2020-12-05,JAYAMAS BESMED MAXIFLOW ANAK (MASKER OKSIGEN),Buah,49,15585,763665
Kalimantan Selatan,Banjarbaru,PUSKESMAS RAWAT INAP CEMPAKA,DINAS KESEHATAN,Umum,Obat-Obatan,20189,258.,2020-12-05,JAYAMAS BESMED MAXIFLOW DEWASA (MASKER OKSIGEN),Buah,49,15585,763665
Kalimantan Selatan,Banjarbaru,PUSKESMAS RAWAT INAP CEMPAKA,DINAS KESEHATAN,Umum,Obat-Obatan,16654,259.,2020-01-19,KALSIUM LAKTAT (KLAK) TABLET 500MG,Tablet,600,59,35400
Kalimantan Selatan,Banjarbaru,PUSKESMAS RAWAT INAP CEMPAKA,DINAS KESEHATAN,Umum,Obat-Obatan,16654,260.,2020-02-10,KALSIUM LAKTAT (KLAK) TABLET 500MG,Tablet,1500,59,88500
Kalimantan Selatan,Banjarbaru,PUSKESMAS RAWAT INAP CEMPAKA,DINAS KESEHATAN,Umum,Obat-Obatan,16654,261.,2020-06-02,KALSIUM LAKTAT (KLAK) TABLET 500MG,Tablet,1500,59,88500
Kalimantan Selatan,Banjarbaru,PUSKESMAS RAWAT INAP CEMPAKA,DINAS KESEHATAN,Umum,Obat-Obatan,18328,262.,2020-11-05,KARBAMAZEPIN TABLET 200 MG HARGA 2,Tablet,500,250,125000
Kalimantan Selatan,Banjarbaru,PUSKESMAS RAWAT INAP CEMPAKA,DINAS KESEHATAN,Umum,Obat-Obatan,18399,263.,2020-12-05,KASA KOTAK 16 X 16,pcs,140,9200,1288000
Kalimantan Selatan,Banjarbaru,PUSKESMAS RAWAT INAP CEMPAKA,DINAS KESEHATAN,Umum,Obat-Obatan,19150,264.,2020-09-10,KLINDAMISIN TABLET 150 mg,Kapsul,200,858,171600
Kalimantan Selatan,Banjarbaru,PUSKESMAS RAWAT INAP CEMPAKA,DINAS KESEHATAN,Umum,Obat-Obatan,16660,265.,2020-09-10,KLORAMFENIKOL SALEP MATA 1 %,Tube,70,1925,134750
Kalimantan Selatan,Banjarbaru,PUSKESMAS RAWAT INAP CEMPAKA,DINAS KESEHATAN,Umum,Obat-Obatan,16660,266.,2020-12-05,KLORAMFENIKOL SALEP MATA 1 %,Tube,120,1925,231000
Kalimantan Selatan,Banjarbaru,PUSKESMAS RAWAT INAP CEMPAKA,DINAS KESEHATAN,Umum,Obat-Obatan,16661,267.,2020-01-02,KLORAMFENIKOL TETES TELINGA 3 %,Botol,14,6490,90860
Kalimantan Selatan,Banjarbaru,PUSKESMAS RAWAT INAP CEMPAKA,DINAS KESEHATAN,Umum,Obat-Obatan,16666,268.,2020-02-10,KLORPROMAZIN HCL TABLET SALUT 100 MG,Tablet,40,144,5760
Kalimantan Selatan,Banjarbaru,PUSKESMAS RAWAT INAP CEMPAKA,DINAS KESEHATAN,Umum,Obat-Obatan,19305,269.,2020-12-05,KLORPROMAZIN HCL TABLET SALUT 100 MG HARGA 2,Tablet,200,170,34000
Kalimantan Selatan,Banjarbaru,PUSKESMAS RAWAT INAP CEMPAKA,DINAS KESEHATAN,Umum,Obat-Obatan,16667,270.,2020-01-02,KLORPROMAZIN HCL TABLET SALUT 25 MG,Tablet,70,75,5250
Kalimantan Selatan,Banjarbaru,PUSKESMAS RAWAT INAP CEMPAKA,DINAS KESEHATAN,Umum,Obat-Obatan,16668,271.,2020-01-02,KODEIN HCL TABLET 10 MG,Tablet,120,630,75600
Kalimantan Selatan,Banjarbaru,PUSKESMAS RAWAT INAP CEMPAKA,DINAS KESEHATAN,Umum,Obat-Obatan,20202,272.,2020-06-02,KODEIN TABLET 10 MG,Tablet,45,657,29565
Kalimantan Selatan,Banjarbaru,PUSKESMAS RAWAT INAP CEMPAKA,DINAS KESEHATAN,Umum,Obat-Obatan,16669,273.,2020-01-19,KOTRIMOKSAZOL SUSPENSI,Botol,25,2052,51300
Kalimantan Selatan,Banjarbaru,PUSKESMAS RAWAT INAP CEMPAKA,DINAS KESEHATAN,Umum,Obat-Obatan,16669,274.,2020-02-10,KOTRIMOKSAZOL SUSPENSI,Botol,100,2052,205200
Kalimantan Selatan,Banjarbaru,PUSKESMAS RAWAT INAP CEMPAKA,DINAS KESEHATAN,Umum,Obat-Obatan,16669,275.,2020-06-02,KOTRIMOKSAZOL SUSPENSI,Botol,100,2052,205200
Kalimantan Selatan,Banjarbaru,PUSKESMAS RAWAT INAP CEMPAKA,DINAS KESEHATAN,Umum,Obat-Obatan,637,276.,2020-01-02,Kalium Diklofenak 50 mg,Tablet,730,300,219000
Kalimantan Selatan,Banjarbaru,PUSKESMAS RAWAT INAP CEMPAKA,DINAS KESEHATAN,Umum,Obat-Obatan,17229,277.,2020-12-05,Kalsium Laktat (Klak) Tablet 500 mg,Tablet,3000,63,189000
Kalimantan Selatan,Banjarbaru,PUSKESMAS RAWAT INAP CEMPAKA,DINAS KESEHATAN,Umum,Obat-Obatan,16740,278.,2020-12-05,Kapas Pembalut Absorben 250 gram Harga 2,pcs,45,25750,1158750
Kalimantan Selatan,Banjarbaru,PUSKESMAS RAWAT INAP CEMPAKA,DINAS KESEHATAN,Umum,Obat-Obatan,19508,279.,2020-12-05,Kasa kompres 40/40 steril,pcs,160,1840,294400
Kalimantan Selatan,Banjarbaru,PUSKESMAS RAWAT INAP CEMPAKA,DINAS KESEHATAN,Umum,Obat-Obatan,17231,280.,2020-06-02,Ketokonazole Tablet 200 mg,Tablet,2000,305,610000
Kalimantan Selatan,Banjarbaru,PUSKESMAS RAWAT INAP CEMPAKA,DINAS KESEHATAN,Umum,Obat-Obatan,17230,281.,2020-01-02,Ketokonazole cream,Tube,45,2577,115965
Kalimantan Selatan,Banjarbaru,PUSKESMAS RAWAT INAP CEMPAKA,DINAS KESEHATAN,Umum,Obat-Obatan,17230,282.,2020-01-19,Ketokonazole cream,Tube,100,2577,257700
Kalimantan Selatan,Banjarbaru,PUSKESMAS RAWAT INAP CEMPAKA,DINAS KESEHATAN,Umum,Obat-Obatan,17230,283.,2020-06-02,Ketokonazole cream,Tube,100,2577,257700
Kalimantan Selatan,Banjarbaru,PUSKESMAS RAWAT INAP CEMPAKA,DINAS KESEHATAN,Umum,Obat-Obatan,17230,284.,2020-09-10,Ketokonazole cream,Tube,100,2577,257700
Kalimantan Selatan,Banjarbaru,PUSKESMAS RAWAT INAP CEMPAKA,DINAS KESEHATAN,Umum,Obat-Obatan,589,285.,2020-01-02,Klorfeniramina maleat 4 mg,Tablet,2000,24,48000
Kalimantan Selatan,Banjarbaru,PUSKESMAS RAWAT INAP CEMPAKA,DINAS KESEHATAN,Umum,Obat-Obatan,18995,288.,2020-11-05,LIDOKAIN KOMPOSITUM INJEKSI,Ampul,210,1405,295050
Kalimantan Selatan,Banjarbaru,PUSKESMAS RAWAT INAP CEMPAKA,DINAS KESEHATAN,Umum,Obat-Obatan,16673,289.,2020-08-06,LOPERAMIDE 2 MG,Tablet,200,198,39600
Kalimantan Selatan,Banjarbaru,PUSKESMAS RAWAT INAP CEMPAKA,DINAS KESEHATAN,Umum,Obat-Obatan,19307,290.,2020-11-05,Loratadine 10 Mg,Tablet,850,136,115600
Kalimantan Selatan,Banjarbaru,PUSKESMAS RAWAT INAP CEMPAKA,DINAS KESEHATAN,Umum,Obat-Obatan,19307,291.,2020-12-05,Loratadine 10 Mg,Tablet,500,136,68000
Kalimantan Selatan,Banjarbaru,PUSKESMAS RAWAT INAP CEMPAKA,DINAS KESEHATAN,Umum,Obat-Obatan,18997,292.,2020-03-09,MAGNESIUM SULFAT INJEKSI (IV) 40% - 25 ml,Ampul,24,3796,91104
Kalimantan Selatan,Banjarbaru,PUSKESMAS RAWAT INAP CEMPAKA,DINAS KESEHATAN,Umum,Obat-Obatan,18997,293.,2020-06-02,MAGNESIUM SULFAT INJEKSI (IV) 40% - 25 ml,Ampul,24,3796,91104
Kalimantan Selatan,Banjarbaru,PUSKESMAS RAWAT INAP CEMPAKA,DINAS KESEHATAN,Umum,Obat-Obatan,16675,294.,2020-01-02,MAGNESIUM SULFAT INJEKSI(IV) 20% - 25 ML,Ampul,13,3328,43264
Kalimantan Selatan,Banjarbaru,PUSKESMAS RAWAT INAP CEMPAKA,DINAS KESEHATAN,Umum,Obat-Obatan,16675,295.,2020-01-02,MAGNESIUM SULFAT INJEKSI(IV) 20% - 25 ML,Ampul,8,5500,44000
Kalimantan Selatan,Banjarbaru,PUSKESMAS RAWAT INAP CEMPAKA,DINAS KESEHATAN,Umum,Obat-Obatan,516,296.,2020-09-07,MB Dewasa,Blister,3,36579,109737
Kalimantan Selatan,Banjarbaru,PUSKESMAS RAWAT INAP CEMPAKA,DINAS KESEHATAN,Umum,Obat-Obatan,22358,297.,2020-12-02,MB dewasa,Blister,1,41240,41240
Kalimantan Selatan,Banjarbaru,PUSKESMAS RAWAT INAP CEMPAKA,DINAS KESEHATAN,Umum,Obat-Obatan,15957,298.,2020-01-02,METHYLPREDNISOLONE 4 MG TABLET HJ,Tablet,200,139,27800
Kalimantan Selatan,Banjarbaru,PUSKESMAS RAWAT INAP CEMPAKA,DINAS KESEHATAN,Umum,Obat-Obatan,18748,299.,2020-09-10,METHYLPREDNISOLONE 4 MG TABLET MBF,Tablet,700,148,103600
Kalimantan Selatan,Banjarbaru,PUSKESMAS RAWAT INAP CEMPAKA,DINAS KESEHATAN,Umum,Obat-Obatan,18748,300.,2020-11-05,METHYLPREDNISOLONE 4 MG TABLET MBF,Tablet,2000,148,296000
Kalimantan Selatan,Banjarbaru,PUSKESMAS RAWAT INAP CEMPAKA,DINAS KESEHATAN,Umum,Obat-Obatan,16684,301.,2020-11-05,MICONAZOLE CREAM 2 % KF (IFRS),Tube,42,3926,164892
Kalimantan Selatan,Banjarbaru,PUSKESMAS RAWAT INAP CEMPAKA,DINAS KESEHATAN,Umum,Obat-Obatan,18344,302.,2020-01-02,MICONAZOLE CREAM 2%,Tube,81,3926,318006
Kalimantan Selatan,Banjarbaru,PUSKESMAS RAWAT INAP CEMPAKA,DINAS KESEHATAN,Umum,Obat-Obatan,16686,303.,2020-07-02,MINIASPI / ASETOSAL 80 MG HARGA 2,Tablet,500,99,49500
Kalimantan Selatan,Banjarbaru,PUSKESMAS RAWAT INAP CEMPAKA,DINAS KESEHATAN,Umum,Obat-Obatan,16060,304.,2020-12-02,MR,Buah,7,166265,1163855
Kalimantan Selatan,Banjarbaru,PUSKESMAS RAWAT INAP CEMPAKA,DINAS KESEHATAN,Umum,Obat-Obatan,21669,305.,2020-06-02,MULTIVITAMIN PEHAVRAL,kotak,7,101530,710710
Kalimantan Selatan,Banjarbaru,PUSKESMAS RAWAT INAP CEMPAKA,DINAS KESEHATAN,Umum,Obat-Obatan,21669,306.,2020-07-02,MULTIVITAMIN PEHAVRAL,kotak,10,101530,1015300
Kalimantan Selatan,Banjarbaru,PUSKESMAS RAWAT INAP CEMPAKA,DINAS KESEHATAN,Umum,Obat-Obatan,22834,307.,2020-11-05,Masker KN 95,Buah,25,137500,3437500
Kalimantan Selatan,Banjarbaru,PUSKESMAS RAWAT INAP CEMPAKA,DINAS KESEHATAN,Umum,Obat-Obatan,22834,308.,2020-12-05,Masker KN 95,Buah,55,137500,7562500
Kalimantan Selatan,Banjarbaru,PUSKESMAS RAWAT INAP CEMPAKA,DINAS KESEHATAN,Umum,Obat-Obatan,16748,309.,2020-10-05,Masker Onemed,pcs,1050,506,531300
Kalimantan Selatan,Banjarbaru,PUSKESMAS RAWAT INAP CEMPAKA,DINAS KESEHATAN,Umum,Obat-Obatan,16832,310.,2020-09-10,Masker Sensi,pcs,500,506,253000
Kalimantan Selatan,Banjarbaru,PUSKESMAS RAWAT INAP CEMPAKA,DINAS KESEHATAN,Umum,Obat-Obatan,16796,311.,2020-01-02,Mersibion 5000 inj,Vial,100,4840,484000
Kalimantan Selatan,Banjarbaru,PUSKESMAS RAWAT INAP CEMPAKA,DINAS KESEHATAN,Umum,Obat-Obatan,16796,312.,2020-02-10,Mersibion 5000 inj,Vial,120,4840,580800
Kalimantan Selatan,Banjarbaru,PUSKESMAS RAWAT INAP CEMPAKA,DINAS KESEHATAN,Umum,Obat-Obatan,16687,313.,2020-06-02,NATRIUM DIKLOPENAK TABLET 50 MG,Tablet,600,136,81600
Kalimantan Selatan,Banjarbaru,PUSKESMAS RAWAT INAP CEMPAKA,DINAS KESEHATAN,Umum,Obat-Obatan,16687,314.,2020-09-10,NATRIUM DIKLOPENAK TABLET 50 MG,Tablet,2800,136,380800
Kalimantan Selatan,Banjarbaru,PUSKESMAS RAWAT INAP CEMPAKA,DINAS KESEHATAN,Umum,Obat-Obatan,16789,317.,2020-01-02,Nasal Oxygen Canula Adult dan Chilld,pcs,45,6844,307980
Kalimantan Selatan,Banjarbaru,PUSKESMAS RAWAT INAP CEMPAKA,DINAS KESEHATAN,Umum,Obat-Obatan,16789,318.,2020-06-02,Nasal Oxygen Canula Adult dan Chilld,pcs,55,6844,376420
Kalimantan Selatan,Banjarbaru,PUSKESMAS RAWAT INAP CEMPAKA,DINAS KESEHATAN,Umum,Obat-Obatan,16789,319.,2020-09-10,Nasal Oxygen Canula Adult dan Chilld,pcs,100,6844,684400
Kalimantan Selatan,Banjarbaru,PUSKESMAS RAWAT INAP CEMPAKA,DINAS KESEHATAN,Umum,Obat-Obatan,16915,320.,2020-07-02,"Natrium Klorida Larutan Infus 0,9% Steril",Botol,40,6840,273600
Kalimantan Selatan,Banjarbaru,PUSKESMAS RAWAT INAP CEMPAKA,DINAS KESEHATAN,Umum,Obat-Obatan,16915,321.,2020-12-05,"Natrium Klorida Larutan Infus 0,9% Steril",Botol,20,6840,136800
Kalimantan Selatan,Banjarbaru,PUSKESMAS RAWAT INAP CEMPAKA,DINAS KESEHATAN,Umum,Obat-Obatan,16788,322.,2020-01-02,Nebulizer Mask,pcs,65,11020,716300
Kalimantan Selatan,Banjarbaru,PUSKESMAS RAWAT INAP CEMPAKA,DINAS KESEHATAN,Umum,Obat-Obatan,16788,323.,2020-06-02,Nebulizer Mask,pcs,100,11020,1102000
Kalimantan Selatan,Banjarbaru,PUSKESMAS RAWAT INAP CEMPAKA,DINAS KESEHATAN,Umum,Obat-Obatan,16788,324.,2020-09-10,Nebulizer Mask,pcs,100,11020,1102000
Kalimantan Selatan,Banjarbaru,PUSKESMAS RAWAT INAP CEMPAKA,DINAS KESEHATAN,Umum,Obat-Obatan,16788,325.,2020-12-05,Nebulizer Mask,pcs,100,11020,1102000
Kalimantan Selatan,Banjarbaru,PUSKESMAS RAWAT INAP CEMPAKA,DINAS KESEHATAN,Umum,Obat-Obatan,742,326.,2020-06-02,Noza,Tablet,20,86570,1731400
Kalimantan Selatan,Banjarbaru,PUSKESMAS RAWAT INAP CEMPAKA,DINAS KESEHATAN,Umum,Obat-Obatan,18584,327.,2020-01-02,Noza Harga 2,kaplet,600,730,438000
Kalimantan Selatan,Banjarbaru,PUSKESMAS RAWAT INAP CEMPAKA,DINAS KESEHATAN,Umum,Obat-Obatan,16620,328.,2020-03-09,OKSITOSIN INJEKSI 10 IU/ML-1 ML,Ampul,70,1232,86240
Kalimantan Selatan,Banjarbaru,PUSKESMAS RAWAT INAP CEMPAKA,DINAS KESEHATAN,Umum,Obat-Obatan,16621,329.,2020-09-10,OMEPRAZOL 20 MG,Tablet,1680,147,246960
Kalimantan Selatan,Banjarbaru,PUSKESMAS RAWAT INAP CEMPAKA,DINAS KESEHATAN,Umum,Obat-Obatan,16621,330.,2020-11-05,OMEPRAZOL 20 MG,Tablet,5820,147,855540
Kalimantan Selatan,Banjarbaru,PUSKESMAS RAWAT INAP CEMPAKA,DINAS KESEHATAN,Umum,Obat-Obatan,19980,335.,2020-06-02,Obat batuk hitam (OBH) harga 2,Botol,40,3960,158400
Kalimantan Selatan,Banjarbaru,PUSKESMAS RAWAT INAP CEMPAKA,DINAS KESEHATAN,Umum,Obat-Obatan,18552,337.,2020-09-10,Oksitetrasiklin Hcl Salep mata,Tube,79,3624,286296
Kalimantan Selatan,Banjarbaru,PUSKESMAS RAWAT INAP CEMPAKA,DINAS KESEHATAN,Umum,Obat-Obatan,851,338.,2020-07-02,Oksitetrasiklin salep kulit 3 %,Tube,56,4659,260904
Kalimantan Selatan,Banjarbaru,PUSKESMAS RAWAT INAP CEMPAKA,DINAS KESEHATAN,Umum,Obat-Obatan,851,339.,2020-09-10,Oksitetrasiklin salep kulit 3 %,Tube,100,4659,465900
Kalimantan Selatan,Banjarbaru,PUSKESMAS RAWAT INAP CEMPAKA,DINAS KESEHATAN,Umum,Obat-Obatan,16767,340.,2020-10-05,One Scrub / Aseptic gel,Botol,2,25333,50666
Kalimantan Selatan,Banjarbaru,PUSKESMAS RAWAT INAP CEMPAKA,DINAS KESEHATAN,Umum,Obat-Obatan,16767,341.,2020-11-05,One Scrub / Aseptic gel,Botol,36,25333,911988
Kalimantan Selatan,Banjarbaru,PUSKESMAS RAWAT INAP CEMPAKA,DINAS KESEHATAN,Umum,Obat-Obatan,16767,342.,2020-12-05,One Scrub / Aseptic gel,Botol,48,25333,1215984
Kalimantan Selatan,Banjarbaru,PUSKESMAS RAWAT INAP CEMPAKA,DINAS KESEHATAN,Umum,Obat-Obatan,12149,343.,2020-07-02,Oseltavimir,Tablet,20,9900,198000
Kalimantan Selatan,Banjarbaru,PUSKESMAS RAWAT INAP CEMPAKA,DINAS KESEHATAN,Umum,Obat-Obatan,12149,344.,2020-12-05,Oseltavimir,Tablet,10,9900,99000
Kalimantan Selatan,Banjarbaru,PUSKESMAS RAWAT INAP CEMPAKA,DINAS KESEHATAN,Umum,Obat-Obatan,22160,345.,2020-09-07,PARAFILM 4X125 FIT,roll,2,890000,1780000
Kalimantan Selatan,Banjarbaru,PUSKESMAS RAWAT INAP CEMPAKA,DINAS KESEHATAN,Umum,Obat-Obatan,18348,346.,2020-11-05,PARASETAMOL DROP,Botol,223,7646,1705058
Kalimantan Selatan,Banjarbaru,PUSKESMAS RAWAT INAP CEMPAKA,DINAS KESEHATAN,Umum,Obat-Obatan,18348,347.,2020-12-05,PARASETAMOL DROP,Botol,336,7646,2569056
Kalimantan Selatan,Banjarbaru,PUSKESMAS RAWAT INAP CEMPAKA,DINAS KESEHATAN,Umum,Obat-Obatan,18370,348.,2020-03-09,PARASETAMOL TABLET 500 MG,Tablet,13900,49,681100
Kalimantan Selatan,Banjarbaru,PUSKESMAS RAWAT INAP CEMPAKA,DINAS KESEHATAN,Umum,Obat-Obatan,18371,349.,2020-06-02,PARASETAMOL TABLET 500 MG HARGA 2,Tablet,17500,60,1050000
Kalimantan Selatan,Banjarbaru,PUSKESMAS RAWAT INAP CEMPAKA,DINAS KESEHATAN,Umum,Obat-Obatan,18371,350.,2020-07-02,PARASETAMOL TABLET 500 MG HARGA 2,Tablet,10000,60,600000
Kalimantan Selatan,Banjarbaru,PUSKESMAS RAWAT INAP CEMPAKA,DINAS KESEHATAN,Umum,Obat-Obatan,18371,351.,2020-11-05,PARASETAMOL TABLET 500 MG HARGA 2,Tablet,9000,60,540000
Kalimantan Selatan,Banjarbaru,PUSKESMAS RAWAT INAP CEMPAKA,DINAS KESEHATAN,Umum,Obat-Obatan,19053,352.,2020-06-02,PIRACETAM 400 MG KAPSUL DEXA,Kapsul,300,2200,660000
Kalimantan Selatan,Banjarbaru,PUSKESMAS RAWAT INAP CEMPAKA,DINAS KESEHATAN,Umum,Obat-Obatan,18381,353.,2020-06-02,PIRIDOKSIN HCL TABLET 10 MG,Tablet,300,141,42300
Kalimantan Selatan,Banjarbaru,PUSKESMAS RAWAT INAP CEMPAKA,DINAS KESEHATAN,Umum,Obat-Obatan,18404,354.,2020-12-02,POT SPUTUM,pcs,150,5890,883500
Kalimantan Selatan,Banjarbaru,PUSKESMAS RAWAT INAP CEMPAKA,DINAS KESEHATAN,Umum,Obat-Obatan,18372,355.,2020-01-02,PREDNISON 5 MG TABLET PHAPROS,Tablet,100,74,7400
Kalimantan Selatan,Banjarbaru,PUSKESMAS RAWAT INAP CEMPAKA,DINAS KESEHATAN,Umum,Obat-Obatan,18534,356.,2020-02-10,Parasetamol sirup 120mg/5ml,Botol,143,1160,165880
Kalimantan Selatan,Banjarbaru,PUSKESMAS RAWAT INAP CEMPAKA,DINAS KESEHATAN,Umum,Obat-Obatan,18534,357.,2020-03-09,Parasetamol sirup 120mg/5ml,Botol,300,1160,348000
Kalimantan Selatan,Banjarbaru,PUSKESMAS RAWAT INAP CEMPAKA,DINAS KESEHATAN,Umum,Obat-Obatan,817,358.,2020-01-02,Pirantel 125 mg,Tablet,700,331,231700
Kalimantan Selatan,Banjarbaru,PUSKESMAS RAWAT INAP CEMPAKA,DINAS KESEHATAN,Umum,Obat-Obatan,796,359.,2020-12-05,Pirantel syrup 125 mg / 5 mg,Botol,200,953,190600
Kalimantan Selatan,Banjarbaru,PUSKESMAS RAWAT INAP CEMPAKA,DINAS KESEHATAN,Umum,Obat-Obatan,911,360.,2020-12-05,Piroksikam 10 mg,Tablet,3000,150,450000
Kalimantan Selatan,Banjarbaru,PUSKESMAS RAWAT INAP CEMPAKA,DINAS KESEHATAN,Umum,Obat-Obatan,16784,361.,2020-06-02,Polifix 5 cm x 5 meter Harga 1,pcs,5,39800,199000
Kalimantan Selatan,Banjarbaru,PUSKESMAS RAWAT INAP CEMPAKA,DINAS KESEHATAN,Umum,Obat-Obatan,16784,362.,2020-09-10,Polifix 5 cm x 5 meter Harga 1,pcs,10,39800,398000
Kalimantan Selatan,Banjarbaru,PUSKESMAS RAWAT INAP CEMPAKA,DINAS KESEHATAN,Umum,Obat-Obatan,16784,363.,2020-12-05,Polifix 5 cm x 5 meter Harga 1,pcs,48,39800,1910400
Kalimantan Selatan,Banjarbaru,PUSKESMAS RAWAT INAP CEMPAKA,DINAS KESEHATAN,Umum,Obat-Obatan,18528,364.,2020-12-05,Prednison tablet 5mg harga 2,Tablet,2000,79,158000
Kalimantan Selatan,Banjarbaru,PUSKESMAS RAWAT INAP CEMPAKA,DINAS KESEHATAN,Umum,Obat-Obatan,22362,365.,2020-12-02,Primaquin (kotak),kotak,30,24200,726000
Kalimantan Selatan,Banjarbaru,PUSKESMAS RAWAT INAP CEMPAKA,DINAS KESEHATAN,Umum,Obat-Obatan,22359,366.,2020-12-02,Primaquin box,kotak,78,25300,1973400
Kalimantan Selatan,Banjarbaru,PUSKESMAS RAWAT INAP CEMPAKA,DINAS KESEHATAN,Umum,Obat-Obatan,17190,368.,2020-06-02,Propranolol HCL Tablet 10 mg,Tablet,100,63,6300
Kalimantan Selatan,Banjarbaru,PUSKESMAS RAWAT INAP CEMPAKA,DINAS KESEHATAN,Umum,Obat-Obatan,17190,369.,2020-09-10,Propranolol HCL Tablet 10 mg,Tablet,200,63,12600
Kalimantan Selatan,Banjarbaru,PUSKESMAS RAWAT INAP CEMPAKA,DINAS KESEHATAN,Umum,Obat-Obatan,17190,370.,2020-12-05,Propranolol HCL Tablet 10 mg,Tablet,200,63,12600
Kalimantan Selatan,Banjarbaru,PUSKESMAS RAWAT INAP CEMPAKA,DINAS KESEHATAN,Umum,Obat-Obatan,2762,371.,2020-07-02,RANITIDIN 25 MG/ML INJEKSI HJ,Ampul,70,1155,80850
Kalimantan Selatan,Banjarbaru,PUSKESMAS RAWAT INAP CEMPAKA,DINAS KESEHATAN,Umum,Obat-Obatan,20178,372.,2020-07-02,RANITIDIN TAB 150 mg,Tablet,3000,187,561000
Kalimantan Selatan,Banjarbaru,PUSKESMAS RAWAT INAP CEMPAKA,DINAS KESEHATAN,Umum,Obat-Obatan,20178,373.,2020-09-10,RANITIDIN TAB 150 mg,Tablet,2000,187,374000
Kalimantan Selatan,Banjarbaru,PUSKESMAS RAWAT INAP CEMPAKA,DINAS KESEHATAN,Umum,Obat-Obatan,20178,374.,2020-11-05,RANITIDIN TAB 150 mg,Tablet,2000,187,374000
Kalimantan Selatan,Banjarbaru,PUSKESMAS RAWAT INAP CEMPAKA,DINAS KESEHATAN,Umum,Obat-Obatan,19991,376.,2020-06-03,REAGEN zn,Botol,1,273978,273978
Kalimantan Selatan,Banjarbaru,PUSKESMAS RAWAT INAP CEMPAKA,DINAS KESEHATAN,Umum,Obat-Obatan,7092,377.,2020-12-11,Rapid HBsAG Test Card Serum Plasma,Tes,100,9800,980000
Kalimantan Selatan,Banjarbaru,PUSKESMAS RAWAT INAP CEMPAKA,DINAS KESEHATAN,Umum,Obat-Obatan,10875,378.,2020-09-07,Rapid Tes Covid-19 igG/igM Helgen,Tes,170,256500,43605000
Kalimantan Selatan,Banjarbaru,PUSKESMAS RAWAT INAP CEMPAKA,DINAS KESEHATAN,Umum,Obat-Obatan,10875,379.,2020-12-07,Rapid Tes Covid-19 igG/igM Helgen,Tes,100,256500,25650000
Kalimantan Selatan,Banjarbaru,PUSKESMAS RAWAT INAP CEMPAKA,DINAS KESEHATAN,Umum,Obat-Obatan,6777,380.,2020-12-11,Rapid Test NS1,pcs,5,67500,337500
Kalimantan Selatan,Banjarbaru,PUSKESMAS RAWAT INAP CEMPAKA,DINAS KESEHATAN,Umum,Obat-Obatan,16698,381.,2020-07-02,Ringerlaktat Larutan Infus Steril Harga 1,Botol,100,7630,763000
Kalimantan Selatan,Banjarbaru,PUSKESMAS RAWAT INAP CEMPAKA,DINAS KESEHATAN,Umum,Obat-Obatan,16698,382.,2020-08-06,Ringerlaktat Larutan Infus Steril Harga 1,Botol,200,7630,1526000
Kalimantan Selatan,Banjarbaru,PUSKESMAS RAWAT INAP CEMPAKA,DINAS KESEHATAN,Umum,Obat-Obatan,16698,383.,2020-09-10,Ringerlaktat Larutan Infus Steril Harga 1,Botol,100,7630,763000
Kalimantan Selatan,Banjarbaru,PUSKESMAS RAWAT INAP CEMPAKA,DINAS KESEHATAN,Umum,Obat-Obatan,16698,384.,2020-11-05,Ringerlaktat Larutan Infus Steril Harga 1,Botol,100,7630,763000
Kalimantan Selatan,Banjarbaru,PUSKESMAS RAWAT INAP CEMPAKA,DINAS KESEHATAN,Umum,Obat-Obatan,16698,385.,2020-12-05,Ringerlaktat Larutan Infus Steril Harga 1,Botol,140,7630,1068200
Kalimantan Selatan,Banjarbaru,PUSKESMAS RAWAT INAP CEMPAKA,DINAS KESEHATAN,Umum,Obat-Obatan,16699,386.,2020-02-10,Ringerlaktat Larutan Infus Steril Harga 2,Botol,30,7149,214470
Kalimantan Selatan,Banjarbaru,PUSKESMAS RAWAT INAP CEMPAKA,DINAS KESEHATAN,Umum,Obat-Obatan,18844,387.,2020-07-02,SALBUTAMOL TABLET 2 MG,Tablet,400,64,25600
Kalimantan Selatan,Banjarbaru,PUSKESMAS RAWAT INAP CEMPAKA,DINAS KESEHATAN,Umum,Obat-Obatan,18845,388.,2020-09-10,SALBUTAMOL TABLET 4 MG,Tablet,700,77,53900
Kalimantan Selatan,Banjarbaru,PUSKESMAS RAWAT INAP CEMPAKA,DINAS KESEHATAN,Umum,Obat-Obatan,615,389.,2020-01-02,Salep 2-4,Pot,200,3017,603400
Kalimantan Selatan,Banjarbaru,PUSKESMAS RAWAT INAP CEMPAKA,DINAS KESEHATAN,Umum,Obat-Obatan,19058,390.,2020-09-10,Silk (Benang Sutra) No.3/D,pcs,36,20685,744660
Kalimantan Selatan,Banjarbaru,PUSKESMAS RAWAT INAP CEMPAKA,DINAS KESEHATAN,Umum,Obat-Obatan,19058,391.,2020-11-05,Silk (Benang Sutra) No.3/D,pcs,48,20685,992880
Kalimantan Selatan,Banjarbaru,PUSKESMAS RAWAT INAP CEMPAKA,DINAS KESEHATAN,Umum,Obat-Obatan,19058,392.,2020-12-05,Silk (Benang Sutra) No.3/D,pcs,60,20685,1241100
Kalimantan Selatan,Banjarbaru,PUSKESMAS RAWAT INAP CEMPAKA,DINAS KESEHATAN,Umum,Obat-Obatan,16708,393.,2020-09-10,Simvastatin 20 mg harga 2,Tablet,1000,237,237000
Kalimantan Selatan,Banjarbaru,PUSKESMAS RAWAT INAP CEMPAKA,DINAS KESEHATAN,Umum,Obat-Obatan,16708,394.,2020-11-05,Simvastatin 20 mg harga 2,Tablet,2500,237,592500
Kalimantan Selatan,Banjarbaru,PUSKESMAS RAWAT INAP CEMPAKA,DINAS KESEHATAN,Umum,Obat-Obatan,16708,395.,2020-12-05,Simvastatin 20 mg harga 2,Tablet,3500,237,829500
Kalimantan Selatan,Banjarbaru,PUSKESMAS RAWAT INAP CEMPAKA,DINAS KESEHATAN,Umum,Obat-Obatan,16710,396.,2020-01-02,Stesolid Rectal Harga 1,Tube,5,14459,72295
Kalimantan Selatan,Banjarbaru,PUSKESMAS RAWAT INAP CEMPAKA,DINAS KESEHATAN,Umum,Obat-Obatan,16710,397.,2020-01-19,Stesolid Rectal Harga 1,Tube,5,14459,72295
Kalimantan Selatan,Banjarbaru,PUSKESMAS RAWAT INAP CEMPAKA,DINAS KESEHATAN,Umum,Obat-Obatan,16710,398.,2020-02-10,Stesolid Rectal Harga 1,Tube,15,14459,216885
Kalimantan Selatan,Banjarbaru,PUSKESMAS RAWAT INAP CEMPAKA,DINAS KESEHATAN,Umum,Obat-Obatan,16754,400.,2020-06-02,Surflo 18 G x 1,pcs,5,8355,41775
Kalimantan Selatan,Banjarbaru,PUSKESMAS RAWAT INAP CEMPAKA,DINAS KESEHATAN,Umum,Obat-Obatan,16754,401.,2020-11-05,Surflo 18 G x 1,pcs,45,8355,375975
Kalimantan Selatan,Banjarbaru,PUSKESMAS RAWAT INAP CEMPAKA,DINAS KESEHATAN,Umum,Obat-Obatan,16754,402.,2020-12-05,Surflo 18 G x 1,pcs,100,8355,835500
Kalimantan Selatan,Banjarbaru,PUSKESMAS RAWAT INAP CEMPAKA,DINAS KESEHATAN,Umum,Obat-Obatan,16756,404.,2020-12-05,Surflo 22 G x 1,pcs,145,8355,1211475
Kalimantan Selatan,Banjarbaru,PUSKESMAS RAWAT INAP CEMPAKA,DINAS KESEHATAN,Umum,Obat-Obatan,16757,406.,2020-12-05,Surflo No.24 G,pcs,50,6270,313500
Kalimantan Selatan,Banjarbaru,PUSKESMAS RAWAT INAP CEMPAKA,DINAS KESEHATAN,Umum,Obat-Obatan,16714,407.,2020-01-02,Tablet Tambah Darah Kombinasi,Tablet,2070,55,113850
Kalimantan Selatan,Banjarbaru,PUSKESMAS RAWAT INAP CEMPAKA,DINAS KESEHATAN,Umum,Obat-Obatan,17236,409.,2020-12-05,Tiamin HCL Mononitrat (Vit.B1) Tablet Harga 1,Tablet,1700,88,149600
Kalimantan Selatan,Banjarbaru,PUSKESMAS RAWAT INAP CEMPAKA,DINAS KESEHATAN,Umum,Obat-Obatan,22043,410.,2020-09-07,Trihexypenedil,kotak,2,69300,138600
Kalimantan Selatan,Banjarbaru,PUSKESMAS RAWAT INAP CEMPAKA,DINAS KESEHATAN,Umum,Obat-Obatan,16716,411.,2020-02-10,Truvit,Botol,169,12540,2119260
Kalimantan Selatan,Banjarbaru,PUSKESMAS RAWAT INAP CEMPAKA,DINAS KESEHATAN,Umum,Obat-Obatan,16716,412.,2020-06-02,Truvit,Botol,60,12540,752400
Kalimantan Selatan,Banjarbaru,PUSKESMAS RAWAT INAP CEMPAKA,DINAS KESEHATAN,Umum,Obat-Obatan,16716,413.,2020-11-05,Truvit,Botol,240,12540,3009600
Kalimantan Selatan,Banjarbaru,PUSKESMAS RAWAT INAP CEMPAKA,DINAS KESEHATAN,Umum,Obat-Obatan,16761,414.,2020-11-05,Twist Lancets Serenity Harga 1,pcs,76,19200,1459200
Kalimantan Selatan,Banjarbaru,PUSKESMAS RAWAT INAP CEMPAKA,DINAS KESEHATAN,Umum,Obat-Obatan,16761,415.,2020-12-05,Twist Lancets Serenity Harga 1,pcs,5,19200,96000
Kalimantan Selatan,Banjarbaru,PUSKESMAS RAWAT INAP CEMPAKA,DINAS KESEHATAN,Umum,Obat-Obatan,16758,418.,2020-01-02,Urine Bag Harga 1,pcs,1,4515,4515
Kalimantan Selatan,Banjarbaru,PUSKESMAS RAWAT INAP CEMPAKA,DINAS KESEHATAN,Umum,Obat-Obatan,18985,420.,2020-12-02,VERORAB,kotak,6,164030,984180
Kalimantan Selatan,Banjarbaru,PUSKESMAS RAWAT INAP CEMPAKA,DINAS KESEHATAN,Umum,Obat-Obatan,17102,421.,2020-12-02,Vaksin BCG,Vial,15,66154,992310
Kalimantan Selatan,Banjarbaru,PUSKESMAS RAWAT INAP CEMPAKA,DINAS KESEHATAN,Umum,Obat-Obatan,17104,422.,2020-12-02,Vaksin DT,Vial,26,17450,453700
Kalimantan Selatan,Banjarbaru,PUSKESMAS RAWAT INAP CEMPAKA,DINAS KESEHATAN,Umum,Obat-Obatan,17107,423.,2020-12-02,Vaksin IPV,Vial,3,144540,433620
Kalimantan Selatan,Banjarbaru,PUSKESMAS RAWAT INAP CEMPAKA,DINAS KESEHATAN,Umum,Obat-Obatan,17101,424.,2020-12-02,Vaksin Polio 10 dosis,Vial,25,21285,532125
Kalimantan Selatan,Banjarbaru,PUSKESMAS RAWAT INAP CEMPAKA,DINAS KESEHATAN,Umum,Obat-Obatan,17105,425.,2020-12-02,Vaksin TD,Vial,58,18128,1051424
Kalimantan Selatan,Banjarbaru,PUSKESMAS RAWAT INAP CEMPAKA,DINAS KESEHATAN,Umum,Obat-Obatan,21591,426.,2020-06-04,Vaksin influenza,Vial,1,167460,167460
Kalimantan Selatan,Banjarbaru,PUSKESMAS RAWAT INAP CEMPAKA,DINAS KESEHATAN,Umum,Obat-Obatan,16717,427.,2020-01-02,Vit B 1 100 mg,Tablet,900,273,245700
Kalimantan Selatan,Banjarbaru,PUSKESMAS RAWAT INAP CEMPAKA,DINAS KESEHATAN,Umum,Obat-Obatan,16768,428.,2020-02-10,Vitalex,kotak,2412,440,1061280
Kalimantan Selatan,Banjarbaru,PUSKESMAS RAWAT INAP CEMPAKA,DINAS KESEHATAN,Umum,Obat-Obatan,16768,429.,2020-06-02,Vitalex,kotak,12000,440,5280000
Kalimantan Selatan,Banjarbaru,PUSKESMAS RAWAT INAP CEMPAKA,DINAS KESEHATAN,Umum,Obat-Obatan,16718,430.,2020-11-05,Vitamin B Kompleks Tablet,Tablet,106,135,14310
Kalimantan Selatan,Banjarbaru,PUSKESMAS RAWAT INAP CEMPAKA,DINAS KESEHATAN,Umum,Obat-Obatan,16718,431.,2020-12-05,Vitamin B Kompleks Tablet,Tablet,2500,135,337500
Kalimantan Selatan,Banjarbaru,PUSKESMAS RAWAT INAP CEMPAKA,DINAS KESEHATAN,Umum,Obat-Obatan,17238,432.,2020-09-10,Vitamin B.12 Tablet Harga 2,Tablet,1100,52,57200
Kalimantan Selatan,Banjarbaru,PUSKESMAS RAWAT INAP CEMPAKA,DINAS KESEHATAN,Umum,Obat-Obatan,17238,433.,2020-12-05,Vitamin B.12 Tablet Harga 2,Tablet,2000,52,104000
Kalimantan Selatan,Banjarbaru,PUSKESMAS RAWAT INAP CEMPAKA,DINAS KESEHATAN,Umum,Obat-Obatan,16720,434.,2020-01-02,Yodium Povidon Larutan 10 % 30 ml,Botol,11,3480,38280
Kalimantan Selatan,Banjarbaru,PUSKESMAS RAWAT INAP CEMPAKA,DINAS KESEHATAN,Umum,Obat-Obatan,18393,435.,2020-06-02,ZINCI TABLET 20 MG,Tablet,100,604,60400
Kalimantan Selatan,Banjarbaru,PUSKESMAS RAWAT INAP CEMPAKA,DINAS KESEHATAN,Umum,Obat-Obatan,19982,436.,2020-06-02,Zinc syrup,Botol,50,3285,164250
Kalimantan Selatan,Banjarbaru,PUSKESMAS RAWAT INAP CEMPAKA,DINAS KESEHATAN,Umum,Obat-Obatan,19982,437.,2020-12-05,Zinc syrup,Botol,150,3285,492750
Kalimantan Selatan,Banjarbaru,PUSKESMAS RAWAT INAP CEMPAKA,DINAS KESEHATAN,Umum,Obat-Obatan,13290,438.,2020-01-02,bayclin,Botol,3,16693,50079
Kalimantan Selatan,Banjarbaru,PUSKESMAS RAWAT INAP CEMPAKA,DINAS KESEHATAN,Umum,Obat-Obatan,15992,439.,2020-01-02,masker N95,box,40,21000,840000
Kalimantan Selatan,Banjarbaru,PUSKESMAS RAWAT INAP CEMPAKA,DINAS KESEHATAN,Umum,Obat-Obatan,20977,440.,2020-12-02,reagen Zn (btl),Botol,4,417900,1671600
Kalimantan Selatan,Banjarbaru,PUSKESMAS RAWAT INAP CEMPAKA,DINAS KESEHATAN,Umum,Obat-Obatan,22051,441.,2020-09-10,trihexypenedil,Tablet,1000,101,101000
Kalimantan Selatan,Banjarbaru,PUSKESMAS RAWAT INAP CEMPAKA,DINAS KESEHATAN,Umum,Obat-Obatan,22051,442.,2020-12-05,trihexypenedil,Tablet,300,101,30300
Kalimantan Selatan,Banjarbaru,PUSKESMAS RAWAT INAP CEMPAKA,DINAS KESEHATAN,Umum,Cetak,82,445.,2020-11-12,Blangko kuitansi,Buah,5,75000,375000
Kalimantan Selatan,Banjarbaru,PUSKESMAS RAWAT INAP CEMPAKA,DINAS KESEHATAN,Umum,Cetak,19839,446.,2020-01-02,CETAK BUKU KIA & STIKER P4K,Buah,30,24000,720000
Kalimantan Selatan,Banjarbaru,PUSKESMAS RAWAT INAP CEMPAKA,DINAS KESEHATAN,Umum,Cetak,19858,447.,2020-03-03,CETAK BUKU MONITORING PTM,Buah,10,12500,125000
Kalimantan Selatan,Banjarbaru,PUSKESMAS RAWAT INAP CEMPAKA,DINAS KESEHATAN,Umum,Cetak,19857,448.,2020-03-03,CETAK BUKU REGISTER POSBINDU,Buah,3,35000,105000
Kalimantan Selatan,Banjarbaru,PUSKESMAS RAWAT INAP CEMPAKA,DINAS KESEHATAN,Umum,Cetak,18688,449.,2020-01-02,CETAK BUKU SUPERVISI FASILITATIF,Meter,1,50000,50000
Kalimantan Selatan,Banjarbaru,PUSKESMAS RAWAT INAP CEMPAKA,DINAS KESEHATAN,Umum,Cetak,19847,450.,2020-01-02,CETAK FORM PENJARINGAN,Buah,5,200000,1000000
Kalimantan Selatan,Banjarbaru,PUSKESMAS RAWAT INAP CEMPAKA,DINAS KESEHATAN,Umum,Cetak,19842,451.,2020-09-07,CETAK KARTU IBU,lembar,12,25000,300000
Kalimantan Selatan,Banjarbaru,PUSKESMAS RAWAT INAP CEMPAKA,DINAS KESEHATAN,Umum,Cetak,19073,452.,2020-03-03,CETAK KARTU REGISTER Td WUS,lembar,25,7500,187500
Kalimantan Selatan,Banjarbaru,PUSKESMAS RAWAT INAP CEMPAKA,DINAS KESEHATAN,Umum,Cetak,21615,453.,2020-12-09,CETAK LEAFLET DBD,Explr,50,4500,225000
Kalimantan Selatan,Banjarbaru,PUSKESMAS RAWAT INAP CEMPAKA,DINAS KESEHATAN,Umum,Cetak,19840,454.,2020-05-05,CETAK SERTIFIKAT IMUNISASI BAYI,lembar,25,3740,93500
Kalimantan Selatan,Banjarbaru,PUSKESMAS RAWAT INAP CEMPAKA,DINAS KESEHATAN,Umum,Cetak,15308,455.,2020-05-05,CETAK STIKER KONTROL IMUNISASI,Rim,150,1500,225000
Kalimantan Selatan,Banjarbaru,PUSKESMAS RAWAT INAP CEMPAKA,DINAS KESEHATAN,Umum,Cetak,1511,456.,2020-12-09,"Cetak Buku Form, Autopsi Maternal dan Perinatal",Buah,6,200000,1200000
Kalimantan Selatan,Banjarbaru,PUSKESMAS RAWAT INAP CEMPAKA,DINAS KESEHATAN,Umum,Cetak,5043,457.,2020-12-09,Cetak Buku Kesehatan Lansia,Buah,10,50000,500000
Kalimantan Selatan,Banjarbaru,PUSKESMAS RAWAT INAP CEMPAKA,DINAS KESEHATAN,Umum,Cetak,17927,460.,2020-09-07,Cetak Buku Register,Buah,2,250000,500000
Kalimantan Selatan,Banjarbaru,PUSKESMAS RAWAT INAP CEMPAKA,DINAS KESEHATAN,Umum,Cetak,5820,461.,2020-09-07,Cetak Formulir (DDTK) dan Formulir (KPSP),Rim,9,50000,450000
Kalimantan Selatan,Banjarbaru,PUSKESMAS RAWAT INAP CEMPAKA,DINAS KESEHATAN,Umum,Cetak,3411,462.,2020-05-05,Cetak ID Card,lembar,13,5000,65000
Kalimantan Selatan,Banjarbaru,PUSKESMAS RAWAT INAP CEMPAKA,DINAS KESEHATAN,Umum,Cetak,11430,464.,2020-12-09,"Cetak Register Kohort Ibu, Bayi, Balita, Apras dan KB",Buah,32,35000,1120000
Kalimantan Selatan,Banjarbaru,PUSKESMAS RAWAT INAP CEMPAKA,DINAS KESEHATAN,Umum,Cetak,11902,465.,2020-12-09,Cetak Stiker Girij,lembar,200,2450,490000
Kalimantan Selatan,Banjarbaru,PUSKESMAS RAWAT INAP CEMPAKA,DINAS KESEHATAN,Umum,Cetak,20123,467.,2020-12-09,LEAFLET KECACINGAN,lembar,50,4500,225000
Kalimantan Selatan,Banjarbaru,PUSKESMAS RAWAT INAP CEMPAKA,DINAS KESEHATAN,Umum,Cetak,19841,469.,2020-01-02,REGISTER KOHORT,Buah,2,69000,138000
Kalimantan Selatan,Banjarbaru,PUSKESMAS RAWAT INAP CEMPAKA,DINAS KESEHATAN,Umum,Cetak,4641,470.,2020-09-07,cetak poster,lembar,9,35000,315000
Kalimantan Selatan,Banjarbaru,PUSKESMAS RAWAT INAP CEMPAKA,DINAS KESEHATAN,Umum,Bahan Obat Obatan,19123,473.,2020-06-03,ALETROL TM,Botol,24,18000,432000
Kalimantan Selatan,Banjarbaru,PUSKESMAS RAWAT INAP CEMPAKA,DINAS KESEHATAN,Umum,Bahan Obat Obatan,19123,474.,2020-09-10,ALETROL TM,Botol,48,18000,864000
Kalimantan Selatan,Banjarbaru,PUSKESMAS RAWAT INAP CEMPAKA,DINAS KESEHATAN,Umum,Bahan Obat Obatan,19123,475.,2020-11-19,ALETROL TM,Botol,48,18000,864000
Kalimantan Selatan,Banjarbaru,PUSKESMAS RAWAT INAP CEMPAKA,DINAS KESEHATAN,Umum,Bahan Obat Obatan,18052,476.,2020-11-19,BCC 3600 LYSE 500 ML I,Pak,1,3251500,3251500
Kalimantan Selatan,Banjarbaru,PUSKESMAS RAWAT INAP CEMPAKA,DINAS KESEHATAN,Umum,Bahan Obat Obatan,20829,477.,2020-11-19,CE SPRAY 100 ML,Botol,6,148500,891000
Kalimantan Selatan,Banjarbaru,PUSKESMAS RAWAT INAP CEMPAKA,DINAS KESEHATAN,Umum,Bahan Obat Obatan,19125,478.,2020-01-02,CIPROFLOXACIN 500 mg,kotak,1000,909,909000
Kalimantan Selatan,Banjarbaru,PUSKESMAS RAWAT INAP CEMPAKA,DINAS KESEHATAN,Umum,Bahan Obat Obatan,20824,479.,2020-03-10,DEXTROFEN SYR BTL 50 ML,Botol,50,11550,577500
Kalimantan Selatan,Banjarbaru,PUSKESMAS RAWAT INAP CEMPAKA,DINAS KESEHATAN,Umum,Bahan Obat Obatan,20824,480.,2020-11-19,DEXTROFEN SYR BTL 50 ML,Botol,150,11550,1732500
Kalimantan Selatan,Banjarbaru,PUSKESMAS RAWAT INAP CEMPAKA,DINAS KESEHATAN,Umum,Bahan Obat Obatan,19127,481.,2020-06-03,FERRO FUMARATE ( TTD PHAPROS BUMIL) 60 mg,Tablet,52,45700,2376400
Kalimantan Selatan,Banjarbaru,PUSKESMAS RAWAT INAP CEMPAKA,DINAS KESEHATAN,Umum,Bahan Obat Obatan,19127,482.,2020-08-06,FERRO FUMARATE ( TTD PHAPROS BUMIL) 60 mg,Tablet,10,45700,457000
Kalimantan Selatan,Banjarbaru,PUSKESMAS RAWAT INAP CEMPAKA,DINAS KESEHATAN,Umum,Bahan Obat Obatan,19127,483.,2020-11-19,FERRO FUMARATE ( TTD PHAPROS BUMIL) 60 mg,Tablet,112,45700,5118400
Kalimantan Selatan,Banjarbaru,PUSKESMAS RAWAT INAP CEMPAKA,DINAS KESEHATAN,Umum,Bahan Obat Obatan,20831,484.,2020-03-10,GENTIAN VOLET,Botol,2,77000,154000
Kalimantan Selatan,Banjarbaru,PUSKESMAS RAWAT INAP CEMPAKA,DINAS KESEHATAN,Umum,Bahan Obat Obatan,20822,485.,2020-01-02,KERTAS USG - SONY,roll,2,275000,550000
Kalimantan Selatan,Banjarbaru,PUSKESMAS RAWAT INAP CEMPAKA,DINAS KESEHATAN,Umum,Bahan Obat Obatan,21584,486.,2020-11-19,Kamolas 120 MG / 5 ML syrup,Botol,420,5500,2310000
Kalimantan Selatan,Banjarbaru,PUSKESMAS RAWAT INAP CEMPAKA,DINAS KESEHATAN,Umum,Bahan Obat Obatan,21578,487.,2020-11-19,ONE CLEAN 1 L,Botol,18,32500,585000
Kalimantan Selatan,Banjarbaru,PUSKESMAS RAWAT INAP CEMPAKA,DINAS KESEHATAN,Umum,Bahan Obat Obatan,20254,488.,2020-01-02,ORPHEN KAPLET,box,20,16060,321200
Kalimantan Selatan,Banjarbaru,PUSKESMAS RAWAT INAP CEMPAKA,DINAS KESEHATAN,Umum,Bahan Obat Obatan,20254,489.,2020-01-02,ORPHEN KAPLET,box,20,16060,321200
Kalimantan Selatan,Banjarbaru,PUSKESMAS RAWAT INAP CEMPAKA,DINAS KESEHATAN,Umum,Bahan Obat Obatan,19985,490.,2020-06-03,"Pehacain injeksi, kemasan kotak isi 20 ampul",Ampul,20,3850,77000
Kalimantan Selatan,Banjarbaru,PUSKESMAS RAWAT INAP CEMPAKA,DINAS KESEHATAN,Umum,Bahan Obat Obatan,21579,491.,2020-11-19,"REAGEN GOL A,B",Ampul,4,239775,959100
Kalimantan Selatan,Banjarbaru,PUSKESMAS RAWAT INAP CEMPAKA,DINAS KESEHATAN,Umum,Bahan Obat Obatan,21579,492.,2020-11-19,"REAGEN GOL A,B",Ampul,4,239775,959100
Kalimantan Selatan,Banjarbaru,PUSKESMAS RAWAT INAP CEMPAKA,DINAS KESEHATAN,Umum,Bahan Obat Obatan,20826,493.,2020-01-02,RED CAP PLAIN (NO ADDITIVE) 5 ML,Pak,4,1650,6600
Kalimantan Selatan,Banjarbaru,PUSKESMAS RAWAT INAP CEMPAKA,DINAS KESEHATAN,Umum,Bahan Obat Obatan,20825,494.,2020-01-02,RIGHTSIGN IHAV-C31,box,6,49500,297000
Kalimantan Selatan,Banjarbaru,PUSKESMAS RAWAT INAP CEMPAKA,DINAS KESEHATAN,Umum,Bahan Obat Obatan,20230,495.,2020-01-02,SALMONELLA PARATHYPI H,Vial,1,66286,66286
Kalimantan Selatan,Banjarbaru,PUSKESMAS RAWAT INAP CEMPAKA,DINAS KESEHATAN,Umum,Bahan Obat Obatan,15586,496.,2020-01-02,SALMONELLA PARATYPHI AO,Vial,2,66286,132572
Kalimantan Selatan,Banjarbaru,PUSKESMAS RAWAT INAP CEMPAKA,DINAS KESEHATAN,Umum,Bahan Obat Obatan,15587,497.,2020-01-02,SALMONELLA PARATYPHI BO,Vial,2,66286,132572
Kalimantan Selatan,Banjarbaru,PUSKESMAS RAWAT INAP CEMPAKA,DINAS KESEHATAN,Umum,Bahan Obat Obatan,15585,498.,2020-01-02,SALMONELLA TYPHI O,Vial,1,66286,66286
Kalimantan Selatan,Banjarbaru,PUSKESMAS RAWAT INAP CEMPAKA,DINAS KESEHATAN,Umum,Pengisian Tabung Gas,18115,499.,2020-06-11,ISI TABUNG GAS,Tabung,2,110000,220000
Kalimantan Selatan,Banjarbaru,PUSKESMAS RAWAT INAP CEMPAKA,DINAS KESEHATAN,Umum,Pengisian Tabung Gas,18115,500.,2020-09-18,ISI TABUNG GAS,Tabung,3,175000,525000
