SATKER,PUSKESMAS SUNGAI ULINANY,,,,,,,,,,,,
Nama Barang,ANY,,,,,,,,,,,,
,,,,,,,,,,,,,
Provinsi,Kota,SATKER,SKPD,Gudang,Jenis Barang,Kode Barang,No,Tanggal Beli,Nama Barang,Satuan,Jumlah,Harga,Total Harga
Daftar Persediaan Barang Habis Pakai,,,,,,,,,,,,,
Kalimantan Selatan,Banjarbaru,PUSKESMAS SUNGAI ULIN,DINAS KESEHATAN,Umum,Alat Tulis Kantor,51,1.,2020-10-21,Amplop kecil,kotak,4,15000,60000
,,,,,,,,,,,Total:4,,Total:60.000
Kalimantan Selatan,Banjarbaru,PUSKESMAS SUNGAI ULIN,DINAS KESEHATAN,BLUD,Alat Tulis Kantor,21613,2.,2020-12-14,Ballpoint Tebal,Buah,7,17600,123200
,,,,,,,,,,,Total:7,,Total:123.200
Kalimantan Selatan,Banjarbaru,PUSKESMAS SUNGAI ULIN,DINAS KESEHATAN,Umum,Alat Tulis Kantor,13019,3.,2020-12-14,Binder Clip Sedang,kotak,2,22000,44000
,,,,,,,,,,,Total:2,,Total:44.000
Kalimantan Selatan,Banjarbaru,PUSKESMAS SUNGAI ULIN,DINAS KESEHATAN,Umum,Alat Tulis Kantor,1988,4.,2020-11-16,Binder clip Kecil,kotak,3,17000,51000
,,,,,,,,,,,Total:3,,Total:51.000
Kalimantan Selatan,Banjarbaru,PUSKESMAS SUNGAI ULIN,DINAS KESEHATAN,Umum,Alat Tulis Kantor,95,5.,2020-12-14,Binder clip no. 260,kotak,2,28000,56000
,,,,,,,,,,,Total:2,,Total:56.000
Kalimantan Selatan,Banjarbaru,PUSKESMAS SUNGAI ULIN,DINAS KESEHATAN,Umum,Alat Tulis Kantor,1773,6.,2020-09-17,Bollpoint Balliner,Buah,2,20000,40000
,,,,,,,,,,,Total:2,,Total:40.000
Kalimantan Selatan,Banjarbaru,PUSKESMAS SUNGAI ULIN,DINAS KESEHATAN,Umum,Alat Tulis Kantor,64,7.,2020-09-17,Buku Folio,Buah,2,22000,44000
,,,,,,,,,,,Total:2,,Total:44.000
Kalimantan Selatan,Banjarbaru,PUSKESMAS SUNGAI ULIN,DINAS KESEHATAN,Umum,Alat Tulis Kantor,1443,8.,2020-09-17,Buku Tulis Kuarto,Buah,3,17000,51000
,,,,,,,,,,,Total:3,,Total:51.000
Kalimantan Selatan,Banjarbaru,PUSKESMAS SUNGAI ULIN,DINAS KESEHATAN,Umum,Alat Tulis Kantor,8293,9.,2020-10-21,Isi Cutter (ATK),kotak,1,38500,38500
,,,,,,,,,,,Total:1,,Total:38.500
Kalimantan Selatan,Banjarbaru,PUSKESMAS SUNGAI ULIN,DINAS KESEHATAN,Umum,Alat Tulis Kantor,1399,10.,2020-11-16,Isi Stapler Besar,kotak,3,6900,20700
,,,,,,,,,,,Total:3,,Total:20.700
Kalimantan Selatan,Banjarbaru,PUSKESMAS SUNGAI ULIN,DINAS KESEHATAN,Umum,Alat Tulis Kantor,1398,11.,2020-11-16,Isi Stapler Kecil,Buah,3,3000,9000
,,,,,,,,,,,Total:3,,Total:9.000
Kalimantan Selatan,Banjarbaru,PUSKESMAS SUNGAI ULIN,DINAS KESEHATAN,BLUD,Alat Tulis Kantor,4078,12.,2020-12-14,Kertas HVS F4,Rim,14,55000,770000
,,,,,,,,,,,Total:14,,Total:770.000
Kalimantan Selatan,Banjarbaru,PUSKESMAS SUNGAI ULIN,DINAS KESEHATAN,Umum,Alat Tulis Kantor,6389,13.,2020-12-14,Klip Paper Besar,kotak,6,8000,48000
,,,,,,,,,,,Total:6,,Total:48.000
Kalimantan Selatan,Banjarbaru,PUSKESMAS SUNGAI ULIN,DINAS KESEHATAN,Umum,Alat Tulis Kantor,6391,14.,2020-12-14,Klip Paper Kecil,kotak,21,4500,94500
,,,,,,,,,,,Total:21,,Total:94.500
Kalimantan Selatan,Banjarbaru,PUSKESMAS SUNGAI ULIN,DINAS KESEHATAN,Umum,Alat Tulis Kantor,5582,15.,2020-12-14,Map Kertas Folio,lembar,50,1200,60000
,,,,,,,,,,,Total:50,,Total:60.000
Kalimantan Selatan,Banjarbaru,PUSKESMAS SUNGAI ULIN,DINAS KESEHATAN,BLUD,Alat Tulis Kantor,100,16.,2020-12-14,Map Odner,Buah,4,25000,100000
,,,,,,,,,,,Total:4,,Total:100.000
Kalimantan Selatan,Banjarbaru,PUSKESMAS SUNGAI ULIN,DINAS KESEHATAN,Umum,Alat Tulis Kantor,13010,17.,2020-10-21,Map plastik Snelhecter,Buah,11,10000,110000
,,,,,,,,,,,Total:11,,Total:110.000
Kalimantan Selatan,Banjarbaru,PUSKESMAS SUNGAI ULIN,DINAS KESEHATAN,Umum,Alat Tulis Kantor,1418,18.,2020-09-17,Penghapus Pensil,Buah,5,4000,20000
,,,,,,,,,,,Total:5,,Total:20.000
Kalimantan Selatan,Banjarbaru,PUSKESMAS SUNGAI ULIN,DINAS KESEHATAN,Umum,Alat Tulis Kantor,13087,19.,2020-10-21,Rautan Pencil (buah),Buah,5,8000,40000
,,,,,,,,,,,Total:5,,Total:40.000
Kalimantan Selatan,Banjarbaru,PUSKESMAS SUNGAI ULIN,DINAS KESEHATAN,Umum,Alat Tulis Kantor,288,20.,2020-09-17,Spidol White Board,Buah,2,10000,20000
,,,,,,,,,,,Total:2,,Total:20.000
Kalimantan Selatan,Banjarbaru,PUSKESMAS SUNGAI ULIN,DINAS KESEHATAN,Umum,Alat Tulis Kantor,47,21.,2020-01-02,Stabilo,Buah,1,10000,10000
,,,,,,,,,,,Total:1,,Total:10.000
Kalimantan Selatan,Banjarbaru,PUSKESMAS SUNGAI ULIN,DINAS KESEHATAN,Umum,Alat Tulis Kantor,1396,22.,2020-10-21,Stapler Kecil,Buah,1,35000,35000
,,,,,,,,,,,Total:1,,Total:35.000
Kalimantan Selatan,Banjarbaru,PUSKESMAS SUNGAI ULIN,DINAS KESEHATAN,Umum,Alat Tulis Kantor,26,23.,2020-12-14,Tinta Stempel,Buah,2,12000,24000
,,,,,,,,,,,Total:2,,Total:24.000
Kalimantan Selatan,Banjarbaru,PUSKESMAS SUNGAI ULIN,DINAS KESEHATAN,Umum,Alat Tulis Kantor,5313,24.,2020-12-14,Tipe Ex,Buah,9,7000,63000
,,,,,,,,,,,Total:9,,Total:63.000
Kalimantan Selatan,Banjarbaru,PUSKESMAS SUNGAI ULIN,DINAS KESEHATAN,BLUD,Alat Tulis Kantor,2048,25.,2020-12-14,kertas NCR,Rim,30,100000,3000000
,,,,,,,,,,,Total:30,,Total:3.000.000
Kalimantan Selatan,Banjarbaru,PUSKESMAS SUNGAI ULIN,DINAS KESEHATAN,Umum,Alat Tulis Kantor,2920,26.,2020-10-21,map file,Buah,3,11000,33000
,,,,,,,,,,,Total:3,,Total:33.000
Kalimantan Selatan,Banjarbaru,PUSKESMAS SUNGAI ULIN,DINAS KESEHATAN,Umum,Alat Tulis Kantor,152,27.,2020-10-21,pensil 2b,Buah,7,5000,35000
,,,,,,,,,,,Total:7,,Total:35.000
Kalimantan Selatan,Banjarbaru,PUSKESMAS SUNGAI ULIN,DINAS KESEHATAN,BLUD,"Perangko, Materai dan Benda Pos Lainnya",1050,28.,2020-04-17,Materai 3.000,lembar,3,3000,9000
,,,,,,,,,,,Total:3,,Total:9.000
Kalimantan Selatan,Banjarbaru,PUSKESMAS SUNGAI ULIN,DINAS KESEHATAN,BLUD,"Perangko, Materai dan Benda Pos Lainnya",1053,29.,2020-04-17,Materai 6.000,lembar,9,6000,54000
,,,,,,,,,,,Total:9,,Total:54.000
Kalimantan Selatan,Banjarbaru,PUSKESMAS SUNGAI ULIN,DINAS KESEHATAN,Umum,"Perangko, Materai dan Benda Pos Lainnya",1053,30.,2020-12-22,Materai 6.000,lembar,10,6000,60000
,,,,,,,,,,,Total:19,,Total:114.000
Kalimantan Selatan,Banjarbaru,PUSKESMAS SUNGAI ULIN,DINAS KESEHATAN,BLUD,Peralatan Kebersihan dan Bahan Pembersih,22287,31.,2020-06-20,Google safety,Buah,2,165000,330000
,,,,,,,,,,,Total:2,,Total:330.000
Kalimantan Selatan,Banjarbaru,PUSKESMAS SUNGAI ULIN,DINAS KESEHATAN,Hibah Pihak Ketiga (Covid19),Peralatan Kebersihan dan Bahan Pembersih,10492,32.,2020-05-20,Handsanitizer,Buah,15,10000,150000
,,,,,,,,,,,Total:15,,Total:150.000
Kalimantan Selatan,Banjarbaru,PUSKESMAS SUNGAI ULIN,DINAS KESEHATAN,Umum,Peralatan Kebersihan dan Bahan Pembersih,3610,33.,2020-11-16,Kantong Plastik Sampah Besar,Pak,4,24000,96000
,,,,,,,,,,,Total:4,,Total:96.000
Kalimantan Selatan,Banjarbaru,PUSKESMAS SUNGAI ULIN,DINAS KESEHATAN,Umum,Peralatan Kebersihan dan Bahan Pembersih,1036,34.,2020-12-22,Pembersih Lantai,Buah,5,22000,110000
,,,,,,,,,,,Total:5,,Total:110.000
Kalimantan Selatan,Banjarbaru,PUSKESMAS SUNGAI ULIN,DINAS KESEHATAN,BLUD,Peralatan Kebersihan dan Bahan Pembersih,8840,35.,2020-04-29,Sarung tangan,Buah,1,40000,40000
,,,,,,,,,,,Total:1,,Total:40.000
Kalimantan Selatan,Banjarbaru,PUSKESMAS SUNGAI ULIN,DINAS KESEHATAN,BLUD,Peralatan Kebersihan dan Bahan Pembersih,3558,36.,2020-04-29,Sepatu Boot,Pasang,1,79600,79600
,,,,,,,,,,,Total:1,,Total:79.600
Kalimantan Selatan,Banjarbaru,PUSKESMAS SUNGAI ULIN,DINAS KESEHATAN,BLUD,Peralatan Kebersihan dan Bahan Pembersih,1656,37.,2020-11-28,Tisu Kotak,kotak,53,15000,795000
,,,,,,,,,,,Total:53,,Total:795.000
Kalimantan Selatan,Banjarbaru,PUSKESMAS SUNGAI ULIN,DINAS KESEHATAN,BLUD,Peralatan Kebersihan dan Bahan Pembersih,3633,38.,2020-04-29,kacamata safety,Buah,10,17575,175750
,,,,,,,,,,,Total:10,,Total:175.750
Kalimantan Selatan,Banjarbaru,PUSKESMAS SUNGAI ULIN,DINAS KESEHATAN,BLUD,Peralatan Kebersihan dan Bahan Pembersih,5537,39.,2020-04-29,sepatu booth,Buah,1,56900,56900
,,,,,,,,,,,Total:1,,Total:56.900
Kalimantan Selatan,Banjarbaru,PUSKESMAS SUNGAI ULIN,DINAS KESEHATAN,BLUD,Peralatan dan Perlengkapan Komputer,1798,40.,2020-09-14,Catridge Canon 810,Buah,1,275000,275000
,,,,,,,,,,,Total:1,,Total:275.000
Kalimantan Selatan,Banjarbaru,PUSKESMAS SUNGAI ULIN,DINAS KESEHATAN,BLUD,Peralatan dan Perlengkapan Komputer,1799,41.,2020-10-08,Catridge Canon 811,Buah,2,275000,550000
,,,,,,,,,,,Total:2,,Total:550.000
Kalimantan Selatan,Banjarbaru,PUSKESMAS SUNGAI ULIN,DINAS KESEHATAN,Umum,Peralatan dan Perlengkapan Komputer,12120,42.,2020-09-17,Catridge Tinta Hitam,Buah,2,275000,550000
,,,,,,,,,,,Total:2,,Total:550.000
Kalimantan Selatan,Banjarbaru,PUSKESMAS SUNGAI ULIN,DINAS KESEHATAN,Umum,Peralatan dan Perlengkapan Komputer,2256,43.,2020-07-16,Tinta printer hitam,Botol,1,160000,160000
Kalimantan Selatan,Banjarbaru,PUSKESMAS SUNGAI ULIN,DINAS KESEHATAN,Umum,Peralatan dan Perlengkapan Komputer,2256,44.,2020-09-17,Tinta printer hitam,Botol,1,160000,160000
,,,,,,,,,,,Total:2,,Total:320.000
Kalimantan Selatan,Banjarbaru,PUSKESMAS SUNGAI ULIN,DINAS KESEHATAN,Umum,Peralatan dan Perlengkapan Komputer,2259,45.,2020-07-16,tinta printer warna,Botol,1,90000,90000
Kalimantan Selatan,Banjarbaru,PUSKESMAS SUNGAI ULIN,DINAS KESEHATAN,Umum,Peralatan dan Perlengkapan Komputer,2259,46.,2020-09-17,tinta printer warna,Botol,2,90000,180000
,,,,,,,,,,,Total:3,,Total:270.000
Kalimantan Selatan,Banjarbaru,PUSKESMAS SUNGAI ULIN,DINAS KESEHATAN,Umum,Bahan Makanan,19772,47.,2020-01-02,CURVIPLEX SYR,Botol,7,25000,175000
,,,,,,,,,,,Total:7,,Total:175.000
Kalimantan Selatan,Banjarbaru,PUSKESMAS SUNGAI ULIN,DINAS KESEHATAN,Umum,Obat-Obatan,17846,48.,2020-11-25,10 total chol test strip autochek,box,3,236500,709500
,,,,,,,,,,,Total:3,,Total:709.500
Kalimantan Selatan,Banjarbaru,PUSKESMAS SUNGAI ULIN,DINAS KESEHATAN,Umum,Obat-Obatan,17845,49.,2020-11-25,25 blood glu test strip autochek,box,6,121000,726000
,,,,,,,,,,,Total:6,,Total:726.000
Kalimantan Selatan,Banjarbaru,PUSKESMAS SUNGAI ULIN,DINAS KESEHATAN,Umum,Obat-Obatan,17847,50.,2020-11-25,25 uric acid test strip autochek,box,3,159500,478500
,,,,,,,,,,,Total:3,,Total:478.500
Kalimantan Selatan,Banjarbaru,PUSKESMAS SUNGAI ULIN,DINAS KESEHATAN,BLUD,Obat-Obatan,17847,51.,2020-12-21,25 uric acid test strip autochek,box,6,159500,957000
,,,,,,,,,,,Total:9,,Total:1.435.500
Kalimantan Selatan,Banjarbaru,PUSKESMAS SUNGAI ULIN,DINAS KESEHATAN,Umum,Obat-Obatan,18835,52.,2020-07-29,ACYCLOVIR 400 MG,Tablet,80,425,34000
Kalimantan Selatan,Banjarbaru,PUSKESMAS SUNGAI ULIN,DINAS KESEHATAN,Umum,Obat-Obatan,18835,53.,2020-10-20,ACYCLOVIR 400 MG,Tablet,300,425,127500
,,,,,,,,,,,Total:380,,Total:161.500
Kalimantan Selatan,Banjarbaru,PUSKESMAS SUNGAI ULIN,DINAS KESEHATAN,Umum,Obat-Obatan,16497,54.,2020-03-02,ACYCLOVIR CREM 5%,Tube,46,2970,136620
,,,,,,,,,,,Total:46,,Total:136.620
Kalimantan Selatan,Banjarbaru,PUSKESMAS SUNGAI ULIN,DINAS KESEHATAN,Umum,Obat-Obatan,16062,55.,2020-09-02,"ADS 0,05 ml",Buah,167,1518,253506
,,,,,,,,,,,Total:167,,Total:253.506
Kalimantan Selatan,Banjarbaru,PUSKESMAS SUNGAI ULIN,DINAS KESEHATAN,Umum,Obat-Obatan,17108,56.,2020-10-11,"ADS 0,5 ml",Buah,348,1240,431520
,,,,,,,,,,,Total:348,,Total:431.520
Kalimantan Selatan,Banjarbaru,PUSKESMAS SUNGAI ULIN,DINAS KESEHATAN,Umum,Obat-Obatan,17109,57.,2020-09-02,ADS 5 ml,Buah,31,1583,49073
,,,,,,,,,,,Total:31,,Total:49.073
Kalimantan Selatan,Banjarbaru,PUSKESMAS SUNGAI ULIN,DINAS KESEHATAN,Umum,Obat-Obatan,20994,58.,2020-03-02,ALAT UKUR LINGKAR PERUT,Buah,1,163000,163000
,,,,,,,,,,,Total:1,,Total:163.000
Kalimantan Selatan,Banjarbaru,PUSKESMAS SUNGAI ULIN,DINAS KESEHATAN,Umum,Obat-Obatan,20993,59.,2020-03-02,ALAT UKUR TINGGI BADAN,Buah,1,53000,53000
,,,,,,,,,,,Total:1,,Total:53.000
Kalimantan Selatan,Banjarbaru,PUSKESMAS SUNGAI ULIN,DINAS KESEHATAN,Umum,Obat-Obatan,16501,60.,2020-01-02,ALBENDAZOL SUSPENSI,Botol,2,4426,8852
,,,,,,,,,,,Total:2,,Total:8.852
Kalimantan Selatan,Banjarbaru,PUSKESMAS SUNGAI ULIN,DINAS KESEHATAN,Umum,Obat-Obatan,20683,61.,2020-10-05,ALBENDAZOLE,kotak,1,46300,46300
,,,,,,,,,,,Total:1,,Total:46.300
Kalimantan Selatan,Banjarbaru,PUSKESMAS SUNGAI ULIN,DINAS KESEHATAN,Umum,Obat-Obatan,21003,62.,2020-03-02,ALKOHOL SWEB@100 (4BOK/PAKET),Buah,1,49000,49000
,,,,,,,,,,,Total:1,,Total:49.000
Kalimantan Selatan,Banjarbaru,PUSKESMAS SUNGAI ULIN,DINAS KESEHATAN,Umum,Obat-Obatan,18543,63.,2020-01-02,ALPARA,Tablet,299,683,204217
Kalimantan Selatan,Banjarbaru,PUSKESMAS SUNGAI ULIN,DINAS KESEHATAN,Umum,Obat-Obatan,18543,64.,2020-01-02,ALPARA,Tablet,261,684,178524
,,,,,,,,,,,Total:560,,Total:382.741
Kalimantan Selatan,Banjarbaru,PUSKESMAS SUNGAI ULIN,DINAS KESEHATAN,Umum,Obat-Obatan,16509,65.,2020-03-02,AMBROXOL SYRUP,Botol,28,3190,89320
,,,,,,,,,,,Total:28,,Total:89.320
Kalimantan Selatan,Banjarbaru,PUSKESMAS SUNGAI ULIN,DINAS KESEHATAN,Umum,Obat-Obatan,16517,66.,2020-10-20,AMITRIPTILIN HCL TABLET SALUT 25 MG,Tablet,500,304,152000
,,,,,,,,,,,Total:500,,Total:152.000
Kalimantan Selatan,Banjarbaru,PUSKESMAS SUNGAI ULIN,DINAS KESEHATAN,Umum,Obat-Obatan,18830,67.,2020-10-20,AMLODIPINE 5 MG TABLET DEXA,Tablet,2740,81,221940
,,,,,,,,,,,Total:2.740,,Total:221.940
Kalimantan Selatan,Banjarbaru,PUSKESMAS SUNGAI ULIN,DINAS KESEHATAN,Umum,Obat-Obatan,18257,68.,2020-01-02,AMOKSISILIN FORTE SIRUP KERING 250 MG / 5 ML,Botol,120,3846,461520
,,,,,,,,,,,Total:120,,Total:461.520
Kalimantan Selatan,Banjarbaru,PUSKESMAS SUNGAI ULIN,DINAS KESEHATAN,Umum,Obat-Obatan,18841,69.,2020-01-02,AMOXILIN TABLET 500 MG,Tablet,80,233,18640
,,,,,,,,,,,Total:80,,Total:18.640
Kalimantan Selatan,Banjarbaru,PUSKESMAS SUNGAI ULIN,DINAS KESEHATAN,Umum,Obat-Obatan,18305,70.,2020-10-20,"ANTASIDA DOEN TABLET , KOMBINASI HARGA 2",Tablet,1840,60,110400
,,,,,,,,,,,Total:1.840,,Total:110.400
Kalimantan Selatan,Banjarbaru,PUSKESMAS SUNGAI ULIN,DINAS KESEHATAN,Umum,Obat-Obatan,16585,71.,2020-06-01,"ANTASIDA DOEN TABLET, KOMBINASI",Tablet,270,56,15120
,,,,,,,,,,,Total:270,,Total:15.120
Kalimantan Selatan,Banjarbaru,PUSKESMAS SUNGAI ULIN,DINAS KESEHATAN,Umum,Obat-Obatan,16586,72.,2020-10-20,ANTASIDA SUSPENSI,Botol,82,2098,172036
,,,,,,,,,,,Total:82,,Total:172.036
Kalimantan Selatan,Banjarbaru,PUSKESMAS SUNGAI ULIN,DINAS KESEHATAN,Umum,Obat-Obatan,21911,73.,2020-11-25,APD COVID LENGKAP,Paket,3,406250,1218750
Kalimantan Selatan,Banjarbaru,PUSKESMAS SUNGAI ULIN,DINAS KESEHATAN,Umum,Obat-Obatan,21911,74.,2020-11-25,APD COVID LENGKAP,Paket,1,406249,406249
,,,,,,,,,,,Total:4,,Total:1.624.999
Kalimantan Selatan,Banjarbaru,PUSKESMAS SUNGAI ULIN,DINAS KESEHATAN,Umum,Obat-Obatan,16593,75.,2020-10-20,ASAM FOLAT,Tablet,1740,136,236640
,,,,,,,,,,,Total:1.740,,Total:236.640
Kalimantan Selatan,Banjarbaru,PUSKESMAS SUNGAI ULIN,DINAS KESEHATAN,Umum,Obat-Obatan,18829,76.,2020-01-02,ASAM TRANEKSAMAT 500 MG,Tablet,70,1430,100100
,,,,,,,,,,,Total:70,,Total:100.100
Kalimantan Selatan,Banjarbaru,PUSKESMAS SUNGAI ULIN,DINAS KESEHATAN,Umum,Obat-Obatan,20190,77.,2020-08-10,AUTOCHECK TOTAL CHOLESTEROL TEST STRIP 25 STRIPS / BOX,box,5,402100,2010500
,,,,,,,,,,,Total:5,,Total:2.010.500
Kalimantan Selatan,Banjarbaru,PUSKESMAS SUNGAI ULIN,DINAS KESEHATAN,Umum,Obat-Obatan,8187,78.,2020-01-02,Acyclovir 5% Cream,Tube,45,2700,121500
,,,,,,,,,,,Total:45,,Total:121.500
Kalimantan Selatan,Banjarbaru,PUSKESMAS SUNGAI ULIN,DINAS KESEHATAN,Umum,Obat-Obatan,426,79.,2020-01-02,Alat Suntik 10 ml,Buah,70,2000,140000
,,,,,,,,,,,Total:70,,Total:140.000
Kalimantan Selatan,Banjarbaru,PUSKESMAS SUNGAI ULIN,DINAS KESEHATAN,Umum,Obat-Obatan,16724,80.,2020-10-20,Alat Suntik sekali Pakai  3 ml Harga 1,pcs,299,818,244582
,,,,,,,,,,,Total:299,,Total:244.582
Kalimantan Selatan,Banjarbaru,PUSKESMAS SUNGAI ULIN,DINAS KESEHATAN,Umum,Obat-Obatan,16723,81.,2020-01-02,Alat Suntik sekali Pakai 1 ml,pcs,240,1430,343200
Kalimantan Selatan,Banjarbaru,PUSKESMAS SUNGAI ULIN,DINAS KESEHATAN,Umum,Obat-Obatan,16723,82.,2020-10-20,Alat Suntik sekali Pakai 1 ml,pcs,200,1430,286000
,,,,,,,,,,,Total:440,,Total:629.200
Kalimantan Selatan,Banjarbaru,PUSKESMAS SUNGAI ULIN,DINAS KESEHATAN,Umum,Obat-Obatan,16726,83.,2020-01-02,Alat Suntik sekali Pakai 5 ml Harga 1,pcs,94,5600,526400
,,,,,,,,,,,Total:94,,Total:526.400
Kalimantan Selatan,Banjarbaru,PUSKESMAS SUNGAI ULIN,DINAS KESEHATAN,Umum,Obat-Obatan,562,84.,2020-01-02,Albendazol tablet 400 mg,Tablet,147,323,47481
,,,,,,,,,,,Total:147,,Total:47.481
Kalimantan Selatan,Banjarbaru,PUSKESMAS SUNGAI ULIN,DINAS KESEHATAN,Umum,Obat-Obatan,1257,85.,2020-01-02,Alkohol 70 %,Botol,2,28057,56114
Kalimantan Selatan,Banjarbaru,PUSKESMAS SUNGAI ULIN,DINAS KESEHATAN,Umum,Obat-Obatan,1257,86.,2020-01-02,Alkohol 70 %,Botol,1,28058,28058
,,,,,,,,,,,Total:3,,Total:84.172
Kalimantan Selatan,Banjarbaru,PUSKESMAS SUNGAI ULIN,DINAS KESEHATAN,Umum,Obat-Obatan,19209,87.,2020-01-02,Alkohol 70% 1000 ML,Botol,1,30000,30000
Kalimantan Selatan,Banjarbaru,PUSKESMAS SUNGAI ULIN,DINAS KESEHATAN,Umum,Obat-Obatan,19209,88.,2020-01-02,Alkohol 70% 1000 ML,Botol,1,30000,30000
Kalimantan Selatan,Banjarbaru,PUSKESMAS SUNGAI ULIN,DINAS KESEHATAN,Umum,Obat-Obatan,19209,89.,2020-03-02,Alkohol 70% 1000 ML,Botol,5,30000,150000
Kalimantan Selatan,Banjarbaru,PUSKESMAS SUNGAI ULIN,DINAS KESEHATAN,Umum,Obat-Obatan,19209,90.,2020-06-01,Alkohol 70% 1000 ML,Botol,5,30000,150000
,,,,,,,,,,,Total:12,,Total:360.000
Kalimantan Selatan,Banjarbaru,PUSKESMAS SUNGAI ULIN,DINAS KESEHATAN,Umum,Obat-Obatan,575,91.,2020-01-02,Allopurinol tab 100 mg,Tablet,20,99,1980
Kalimantan Selatan,Banjarbaru,PUSKESMAS SUNGAI ULIN,DINAS KESEHATAN,Umum,Obat-Obatan,575,92.,2020-06-01,Allopurinol tab 100 mg,Tablet,700,99,69300
Kalimantan Selatan,Banjarbaru,PUSKESMAS SUNGAI ULIN,DINAS KESEHATAN,Umum,Obat-Obatan,575,93.,2020-07-29,Allopurinol tab 100 mg,Tablet,200,99,19800
Kalimantan Selatan,Banjarbaru,PUSKESMAS SUNGAI ULIN,DINAS KESEHATAN,Umum,Obat-Obatan,575,94.,2020-10-20,Allopurinol tab 100 mg,Tablet,400,99,39600
,,,,,,,,,,,Total:1.320,,Total:130.680
Kalimantan Selatan,Banjarbaru,PUSKESMAS SUNGAI ULIN,DINAS KESEHATAN,Umum,Obat-Obatan,590,95.,2020-06-01,Allopurinol tab 300 mg,Tablet,240,341,81840
,,,,,,,,,,,Total:240,,Total:81.840
Kalimantan Selatan,Banjarbaru,PUSKESMAS SUNGAI ULIN,DINAS KESEHATAN,Umum,Obat-Obatan,628,96.,2020-06-01,Ambroxol Syrup 15 mg/5 ml,Botol,110,3355,369050
,,,,,,,,,,,Total:110,,Total:369.050
Kalimantan Selatan,Banjarbaru,PUSKESMAS SUNGAI ULIN,DINAS KESEHATAN,Umum,Obat-Obatan,638,97.,2020-06-01,Ambroxol tab 30 mg,Tablet,348,99,34452
,,,,,,,,,,,Total:348,,Total:34.452
Kalimantan Selatan,Banjarbaru,PUSKESMAS SUNGAI ULIN,DINAS KESEHATAN,Umum,Obat-Obatan,711,98.,2020-03-02,Amoksisilin Kapsul 250 mg,Kapsul,90,209,18810
Kalimantan Selatan,Banjarbaru,PUSKESMAS SUNGAI ULIN,DINAS KESEHATAN,Umum,Obat-Obatan,711,99.,2020-10-20,Amoksisilin Kapsul 250 mg,Kapsul,300,209,62700
,,,,,,,,,,,Total:390,,Total:81.510
Kalimantan Selatan,Banjarbaru,PUSKESMAS SUNGAI ULIN,DINAS KESEHATAN,Umum,Obat-Obatan,2505,100.,2020-10-20,Amoksisilin kaplet 500 mg,kaplet,1630,265,431950
,,,,,,,,,,,Total:1.630,,Total:431.950
Kalimantan Selatan,Banjarbaru,PUSKESMAS SUNGAI ULIN,DINAS KESEHATAN,Umum,Obat-Obatan,771,101.,2020-01-02,Amoksisilin syrup kering  Forte 250 mg/5 ml,Botol,87,3797,330339
,,,,,,,,,,,Total:87,,Total:330.339
Kalimantan Selatan,Banjarbaru,PUSKESMAS SUNGAI ULIN,DINAS KESEHATAN,Umum,Obat-Obatan,750,102.,2020-01-02,Amoksisilin syrup kering 125 mg/5 ml,Botol,43,5280,227040
Kalimantan Selatan,Banjarbaru,PUSKESMAS SUNGAI ULIN,DINAS KESEHATAN,Umum,Obat-Obatan,750,103.,2020-01-02,Amoksisilin syrup kering 125 mg/5 ml,Botol,3,5280,15840
,,,,,,,,,,,Total:46,,Total:242.880
Kalimantan Selatan,Banjarbaru,PUSKESMAS SUNGAI ULIN,DINAS KESEHATAN,Umum,Obat-Obatan,491,104.,2020-10-20,Asam Askorbat (vitamin C) 50 mg,Tablet,1620,120,194400
,,,,,,,,,,,Total:1.620,,Total:194.400
Kalimantan Selatan,Banjarbaru,PUSKESMAS SUNGAI ULIN,DINAS KESEHATAN,Umum,Obat-Obatan,19197,105.,2020-10-20,Asam Mefenamat Tab 500 mg,Tablet,850,103,87550
,,,,,,,,,,,Total:850,,Total:87.550
Kalimantan Selatan,Banjarbaru,PUSKESMAS SUNGAI ULIN,DINAS KESEHATAN,Umum,Obat-Obatan,523,106.,2020-06-01,Asam Traneksamat inj 50 mg/ml (250 mg/5 ml) / Kalnex Inj,Ampul,10,1813,18130
,,,,,,,,,,,Total:10,,Total:18.130
Kalimantan Selatan,Banjarbaru,PUSKESMAS SUNGAI ULIN,DINAS KESEHATAN,Umum,Obat-Obatan,21484,107.,2020-10-20,Asam traneksamat tablet harga 2,Tablet,200,3509,701800
,,,,,,,,,,,Total:200,,Total:701.800
Kalimantan Selatan,Banjarbaru,PUSKESMAS SUNGAI ULIN,DINAS KESEHATAN,Umum,Obat-Obatan,16835,108.,2020-01-02,Asetilsistein,Tablet,410,412,168920
,,,,,,,,,,,Total:410,,Total:168.920
Kalimantan Selatan,Banjarbaru,PUSKESMAS SUNGAI ULIN,DINAS KESEHATAN,Umum,Obat-Obatan,486,109.,2020-01-02,Attapulgit 600 mg (Pularex / New Antides ),Tablet,390,149,58110
,,,,,,,,,,,Total:390,,Total:58.110
Kalimantan Selatan,Banjarbaru,PUSKESMAS SUNGAI ULIN,DINAS KESEHATAN,Umum,Obat-Obatan,5060,110.,2020-10-11,BCG,Vial,26,66154,1720004
,,,,,,,,,,,Total:26,,Total:1.720.004
Kalimantan Selatan,Banjarbaru,PUSKESMAS SUNGAI ULIN,DINAS KESEHATAN,Umum,Obat-Obatan,15943,111.,2020-01-02,BENANG SILK BLACK 2/0 HR,pcs,3,5500,16500
,,,,,,,,,,,Total:3,,Total:16.500
Kalimantan Selatan,Banjarbaru,PUSKESMAS SUNGAI ULIN,DINAS KESEHATAN,Umum,Obat-Obatan,16596,112.,2020-10-20,BETAHISTIN 6 MG,Tablet,1040,119,123760
,,,,,,,,,,,Total:1.040,,Total:123.760
Kalimantan Selatan,Banjarbaru,PUSKESMAS SUNGAI ULIN,DINAS KESEHATAN,Umum,Obat-Obatan,16597,113.,2020-07-29,"BETAMETASON KRIM 0,1 %",Tube,39,1865,72735
,,,,,,,,,,,Total:39,,Total:72.735
Kalimantan Selatan,Banjarbaru,PUSKESMAS SUNGAI ULIN,DINAS KESEHATAN,Umum,Obat-Obatan,20995,114.,2020-03-02,BODYFAT ANALYZER,Buah,1,1100000,1100000
,,,,,,,,,,,Total:1,,Total:1.100.000
Kalimantan Selatan,Banjarbaru,PUSKESMAS SUNGAI ULIN,DINAS KESEHATAN,Umum,Obat-Obatan,18355,115.,2020-01-02,BUBUK LARVASIDA,Bungkus,550,1215,668250
,,,,,,,,,,,Total:550,,Total:668.250
Kalimantan Selatan,Banjarbaru,PUSKESMAS SUNGAI ULIN,DINAS KESEHATAN,Umum,Obat-Obatan,19195,116.,2020-01-02,Bacefort Syrup,Botol,4,17365,69460
,,,,,,,,,,,Total:4,,Total:69.460
Kalimantan Selatan,Banjarbaru,PUSKESMAS SUNGAI ULIN,DINAS KESEHATAN,Umum,Obat-Obatan,499,117.,2020-06-01,Bedak Salisil Serbuk 2 %,Bungkus,86,4499,386914
,,,,,,,,,,,Total:86,,Total:386.914
Kalimantan Selatan,Banjarbaru,PUSKESMAS SUNGAI ULIN,DINAS KESEHATAN,Umum,Obat-Obatan,12150,118.,2020-11-03,Biolarvasida,Botol,24,45000,1080000
,,,,,,,,,,,Total:24,,Total:1.080.000
Kalimantan Selatan,Banjarbaru,PUSKESMAS SUNGAI ULIN,DINAS KESEHATAN,Umum,Obat-Obatan,19976,119.,2020-01-02,Bisakodil supp 5 mg/ Dulcolax supp anak,Suppo,3,6000,18000
Kalimantan Selatan,Banjarbaru,PUSKESMAS SUNGAI ULIN,DINAS KESEHATAN,Umum,Obat-Obatan,19976,120.,2020-10-20,Bisakodil supp 5 mg/ Dulcolax supp anak,Suppo,6,6000,36000
,,,,,,,,,,,Total:9,,Total:54.000
Kalimantan Selatan,Banjarbaru,PUSKESMAS SUNGAI ULIN,DINAS KESEHATAN,Umum,Obat-Obatan,19986,121.,2020-07-29,CAPTOPRIL 25 MG TAB,Tablet,5,145,725
Kalimantan Selatan,Banjarbaru,PUSKESMAS SUNGAI ULIN,DINAS KESEHATAN,Umum,Obat-Obatan,19986,122.,2020-10-20,CAPTOPRIL 25 MG TAB,Tablet,315,145,45675
,,,,,,,,,,,Total:320,,Total:46.400
Kalimantan Selatan,Banjarbaru,PUSKESMAS SUNGAI ULIN,DINAS KESEHATAN,Umum,Obat-Obatan,18989,123.,2020-01-02,CAPTOPRIL 25 MG TABLET KF,Tablet,1030,86,88580
,,,,,,,,,,,Total:1.030,,Total:88.580
Kalimantan Selatan,Banjarbaru,PUSKESMAS SUNGAI ULIN,DINAS KESEHATAN,Umum,Obat-Obatan,18847,124.,2020-01-02,CEFADROXIL 125 MG/5 ML,Botol,77,4746,365442
,,,,,,,,,,,Total:77,,Total:365.442
Kalimantan Selatan,Banjarbaru,PUSKESMAS SUNGAI ULIN,DINAS KESEHATAN,Umum,Obat-Obatan,17462,125.,2020-10-20,CEFADROXIL CAPSUL 500MG,Kapsul,910,680,618800
,,,,,,,,,,,Total:910,,Total:618.800
Kalimantan Selatan,Banjarbaru,PUSKESMAS SUNGAI ULIN,DINAS KESEHATAN,Umum,Obat-Obatan,2565,126.,2020-06-01,CEFIXIME 200MG,Kapsul,20,2430,48600
Kalimantan Selatan,Banjarbaru,PUSKESMAS SUNGAI ULIN,DINAS KESEHATAN,Umum,Obat-Obatan,2565,127.,2020-07-29,CEFIXIME 200MG,Kapsul,90,2430,218700
,,,,,,,,,,,Total:110,,Total:267.300
Kalimantan Selatan,Banjarbaru,PUSKESMAS SUNGAI ULIN,DINAS KESEHATAN,Umum,Obat-Obatan,17464,128.,2020-01-02,CEFIXIME DRY SYRUP 60ML,Botol,24,7690,184560
,,,,,,,,,,,Total:24,,Total:184.560
Kalimantan Selatan,Banjarbaru,PUSKESMAS SUNGAI ULIN,DINAS KESEHATAN,Umum,Obat-Obatan,18990,129.,2020-07-29,CIPROFLOXACIN 500 MG,Tablet,300,778,233400
Kalimantan Selatan,Banjarbaru,PUSKESMAS SUNGAI ULIN,DINAS KESEHATAN,Umum,Obat-Obatan,18990,130.,2020-07-29,CIPROFLOXACIN 500 MG,Tablet,200,780,156000
,,,,,,,,,,,Total:500,,Total:389.400
Kalimantan Selatan,Banjarbaru,PUSKESMAS SUNGAI ULIN,DINAS KESEHATAN,Umum,Obat-Obatan,16001,131.,2020-01-02,CIPROFLOXACIN 500 MG TABLET HJ,Tablet,1550,265,410750
,,,,,,,,,,,Total:1.550,,Total:410.750
Kalimantan Selatan,Banjarbaru,PUSKESMAS SUNGAI ULIN,DINAS KESEHATAN,Umum,Obat-Obatan,16728,132.,2020-01-02,Catgut / Benang Bedah No.3/0 Harga 1,pcs,3,7570,22710
Kalimantan Selatan,Banjarbaru,PUSKESMAS SUNGAI ULIN,DINAS KESEHATAN,Umum,Obat-Obatan,16728,133.,2020-01-02,Catgut / Benang Bedah No.3/0 Harga 1,pcs,9,7571,68139
,,,,,,,,,,,Total:12,,Total:90.849
Kalimantan Selatan,Banjarbaru,PUSKESMAS SUNGAI ULIN,DINAS KESEHATAN,Umum,Obat-Obatan,8191,134.,2020-01-02,Cefadroxil 250mg SYR,Botol,21,5460,114660
,,,,,,,,,,,Total:21,,Total:114.660
Kalimantan Selatan,Banjarbaru,PUSKESMAS SUNGAI ULIN,DINAS KESEHATAN,Umum,Obat-Obatan,17223,135.,2020-03-02,Cefadroxil Forte Sirup Kering 250 mg,Botol,79,5826,460254
,,,,,,,,,,,Total:79,,Total:460.254
Kalimantan Selatan,Banjarbaru,PUSKESMAS SUNGAI ULIN,DINAS KESEHATAN,Umum,Obat-Obatan,18533,136.,2020-01-02,Cefadroxil syrup 125mg,Botol,30,4360,130800
,,,,,,,,,,,Total:30,,Total:130.800
Kalimantan Selatan,Banjarbaru,PUSKESMAS SUNGAI ULIN,DINAS KESEHATAN,Umum,Obat-Obatan,495,137.,2020-03-02,Cetirizine syrup 5 mg/5 ml,Botol,51,3061,156111
Kalimantan Selatan,Banjarbaru,PUSKESMAS SUNGAI ULIN,DINAS KESEHATAN,Umum,Obat-Obatan,495,138.,2020-10-20,Cetirizine syrup 5 mg/5 ml,Botol,100,3061,306100
,,,,,,,,,,,Total:151,,Total:462.211
Kalimantan Selatan,Banjarbaru,PUSKESMAS SUNGAI ULIN,DINAS KESEHATAN,Umum,Obat-Obatan,19347,139.,2020-07-29,Clindamycin 150 mg,Tablet,160,858,137280
,,,,,,,,,,,Total:160,,Total:137.280
Kalimantan Selatan,Banjarbaru,PUSKESMAS SUNGAI ULIN,DINAS KESEHATAN,Umum,Obat-Obatan,17632,140.,2020-10-20,DIAZEPAM 2MG TAB,Tablet,138,86,11868
,,,,,,,,,,,Total:138,,Total:11.868
Kalimantan Selatan,Banjarbaru,PUSKESMAS SUNGAI ULIN,DINAS KESEHATAN,Umum,Obat-Obatan,16606,141.,2020-01-02,DIAZEPAM INJ 5 MG/ML-1 ML,ampul,10,8800,88000
,,,,,,,,,,,Total:10,,Total:88.000
Kalimantan Selatan,Banjarbaru,PUSKESMAS SUNGAI ULIN,DINAS KESEHATAN,Umum,Obat-Obatan,20837,142.,2020-03-02,DM 500 DIGITAL TENSIMETER WITH INFLATION SYSTEM,Buah,1,1329470,1329470
,,,,,,,,,,,Total:1,,Total:1.329.470
Kalimantan Selatan,Banjarbaru,PUSKESMAS SUNGAI ULIN,DINAS KESEHATAN,Umum,Obat-Obatan,16059,143.,2020-10-11,DPTHB-Hib,Buah,23,84282,1938486
,,,,,,,,,,,Total:23,,Total:1.938.486
Kalimantan Selatan,Banjarbaru,PUSKESMAS SUNGAI ULIN,DINAS KESEHATAN,Umum,Obat-Obatan,19200,144.,2020-01-02,Dexametahason Injeksi,ampul,18,1210,21780
Kalimantan Selatan,Banjarbaru,PUSKESMAS SUNGAI ULIN,DINAS KESEHATAN,Umum,Obat-Obatan,19200,145.,2020-03-02,Dexametahason Injeksi,ampul,10,1210,12100
,,,,,,,,,,,Total:28,,Total:33.880
Kalimantan Selatan,Banjarbaru,PUSKESMAS SUNGAI ULIN,DINAS KESEHATAN,Umum,Obat-Obatan,16769,146.,2020-01-02,Dextrofen Sirup Harga 1,Botol,47,8047,378209
,,,,,,,,,,,Total:47,,Total:378.209
Kalimantan Selatan,Banjarbaru,PUSKESMAS SUNGAI ULIN,DINAS KESEHATAN,Umum,Obat-Obatan,18983,147.,2020-01-02,Dhp Antimalaria,kotak,2,18000,36000
Kalimantan Selatan,Banjarbaru,PUSKESMAS SUNGAI ULIN,DINAS KESEHATAN,Umum,Obat-Obatan,18983,148.,2020-06-15,Dhp Antimalaria,kotak,3,19206,57618
,,,,,,,,,,,Total:5,,Total:93.618
Kalimantan Selatan,Banjarbaru,PUSKESMAS SUNGAI ULIN,DINAS KESEHATAN,Umum,Obat-Obatan,653,149.,2020-01-02,Diazepam inj 5 mg / ml,ampul,8,1913,15304
Kalimantan Selatan,Banjarbaru,PUSKESMAS SUNGAI ULIN,DINAS KESEHATAN,Umum,Obat-Obatan,653,150.,2020-03-02,Diazepam inj 5 mg / ml,ampul,10,1913,19130
,,,,,,,,,,,Total:18,,Total:34.434
Kalimantan Selatan,Banjarbaru,PUSKESMAS SUNGAI ULIN,DINAS KESEHATAN,Umum,Obat-Obatan,2588,151.,2020-01-02,"Diazepam larutan rectal 5 mg/2,5 ml (Stesolid)",Tube,7,12751,89257
,,,,,,,,,,,Total:7,,Total:89.257
Kalimantan Selatan,Banjarbaru,PUSKESMAS SUNGAI ULIN,DINAS KESEHATAN,Umum,Obat-Obatan,744,152.,2020-01-02,Difenhidramin inj 10 mg/ml,ampul,20,1262,25240
,,,,,,,,,,,Total:20,,Total:25.240
Kalimantan Selatan,Banjarbaru,PUSKESMAS SUNGAI ULIN,DINAS KESEHATAN,Umum,Obat-Obatan,754,153.,2020-06-01,"Digoksin 0,25 mg",Tablet,66,108,7128
,,,,,,,,,,,Total:66,,Total:7.128
Kalimantan Selatan,Banjarbaru,PUSKESMAS SUNGAI ULIN,DINAS KESEHATAN,Umum,Obat-Obatan,768,154.,2020-01-02,Dimenhidrinat 50 mg,Tablet,900,121,108900
,,,,,,,,,,,Total:900,,Total:108.900
Kalimantan Selatan,Banjarbaru,PUSKESMAS SUNGAI ULIN,DINAS KESEHATAN,Umum,Obat-Obatan,10477,155.,2020-06-17,Disposible Clothing Hospital Safety Converall Protection,pcs,100,178260,17826000
,,,,,,,,,,,Total:100,,Total:17.826.000
Kalimantan Selatan,Banjarbaru,PUSKESMAS SUNGAI ULIN,DINAS KESEHATAN,Umum,Obat-Obatan,20996,156.,2020-03-02,E- TUMBLING,Buah,1,165000,165000
,,,,,,,,,,,Total:1,,Total:165.000
Kalimantan Selatan,Banjarbaru,PUSKESMAS SUNGAI ULIN,DINAS KESEHATAN,Umum,Obat-Obatan,18840,157.,2020-01-02,EPINEFRIN INJ 2 ML,Ampul,37,8910,329670
,,,,,,,,,,,Total:37,,Total:329.670
Kalimantan Selatan,Banjarbaru,PUSKESMAS SUNGAI ULIN,DINAS KESEHATAN,Umum,Obat-Obatan,853,158.,2020-01-02,Eritromisin 250 mg,Kapsul,500,651,325500
,,,,,,,,,,,Total:500,,Total:325.500
Kalimantan Selatan,Banjarbaru,PUSKESMAS SUNGAI ULIN,DINAS KESEHATAN,Umum,Obat-Obatan,857,159.,2020-01-02,Eritromisin 500 mg,Kapsul,100,766,76600
,,,,,,,,,,,Total:100,,Total:76.600
Kalimantan Selatan,Banjarbaru,PUSKESMAS SUNGAI ULIN,DINAS KESEHATAN,Umum,Obat-Obatan,478,160.,2020-01-02,"Etakridin larutan 0,1 % (Rivanol)",Botol,3,3000,9000
,,,,,,,,,,,Total:3,,Total:9.000
Kalimantan Selatan,Banjarbaru,PUSKESMAS SUNGAI ULIN,DINAS KESEHATAN,Umum,Obat-Obatan,2613,161.,2020-06-01,Etil Klorida Spray,Botol,2,181000,362000
,,,,,,,,,,,Total:2,,Total:362.000
Kalimantan Selatan,Banjarbaru,PUSKESMAS SUNGAI ULIN,DINAS KESEHATAN,Umum,Obat-Obatan,18978,162.,2020-03-09,FDC 1 / 111,Paket,7,477791,3344537
,,,,,,,,,,,Total:7,,Total:3.344.537
Kalimantan Selatan,Banjarbaru,PUSKESMAS SUNGAI ULIN,DINAS KESEHATAN,Umum,Obat-Obatan,18980,163.,2020-10-05,FDC KAT ANAK,Paket,4,285343,1141372
,,,,,,,,,,,Total:4,,Total:1.141.372
Kalimantan Selatan,Banjarbaru,PUSKESMAS SUNGAI ULIN,DINAS KESEHATAN,Umum,Obat-Obatan,16625,164.,2020-01-02,FENOBARBITAL TABLET 30 MG,Tablet,80,145,11600
Kalimantan Selatan,Banjarbaru,PUSKESMAS SUNGAI ULIN,DINAS KESEHATAN,Umum,Obat-Obatan,16625,165.,2020-01-02,FENOBARBITAL TABLET 30 MG,Tablet,20,146,2920
,,,,,,,,,,,Total:100,,Total:14.520
Kalimantan Selatan,Banjarbaru,PUSKESMAS SUNGAI ULIN,DINAS KESEHATAN,Umum,Obat-Obatan,16628,166.,2020-01-02,FENOL GLISEROL TETES TELINGA 10%,Botol,8,2500,20000
,,,,,,,,,,,Total:8,,Total:20.000
Kalimantan Selatan,Banjarbaru,PUSKESMAS SUNGAI ULIN,DINAS KESEHATAN,Umum,Obat-Obatan,16629,167.,2020-01-02,FITOMENADION (VIT.K) TABLET SALUT 10 MG,Tablet,300,796,238800
,,,,,,,,,,,Total:300,,Total:238.800
Kalimantan Selatan,Banjarbaru,PUSKESMAS SUNGAI ULIN,DINAS KESEHATAN,Umum,Obat-Obatan,16630,168.,2020-07-29,FUROSEMID TABLET 40 MG,Tablet,30,79,2370
Kalimantan Selatan,Banjarbaru,PUSKESMAS SUNGAI ULIN,DINAS KESEHATAN,Umum,Obat-Obatan,16630,169.,2020-10-20,FUROSEMID TABLET 40 MG,Tablet,400,79,31600
,,,,,,,,,,,Total:430,,Total:33.970
Kalimantan Selatan,Banjarbaru,PUSKESMAS SUNGAI ULIN,DINAS KESEHATAN,Umum,Obat-Obatan,537,170.,2020-01-02,Fenobarbital tablet 30 mg,Tablet,85,70,5950
Kalimantan Selatan,Banjarbaru,PUSKESMAS SUNGAI ULIN,DINAS KESEHATAN,Umum,Obat-Obatan,537,171.,2020-01-02,Fenobarbital tablet 30 mg,Tablet,9,71,639
,,,,,,,,,,,Total:94,,Total:6.589
Kalimantan Selatan,Banjarbaru,PUSKESMAS SUNGAI ULIN,DINAS KESEHATAN,Umum,Obat-Obatan,12147,172.,2020-07-29,Fenolgliserol,Tube,20,2727,54540
,,,,,,,,,,,Total:20,,Total:54.540
Kalimantan Selatan,Banjarbaru,PUSKESMAS SUNGAI ULIN,DINAS KESEHATAN,Umum,Obat-Obatan,548,173.,2020-01-02,Fenolgliserol TT 10 %,Botol,14,2590,36260
Kalimantan Selatan,Banjarbaru,PUSKESMAS SUNGAI ULIN,DINAS KESEHATAN,Umum,Obat-Obatan,548,174.,2020-01-02,Fenolgliserol TT 10 %,Botol,24,2590,62160
,,,,,,,,,,,Total:38,,Total:98.420
Kalimantan Selatan,Banjarbaru,PUSKESMAS SUNGAI ULIN,DINAS KESEHATAN,Umum,Obat-Obatan,2718,175.,2020-01-02,Fitomenadion (Vitamin K) Injeksi 10 mg/ml,Ampul,20,4236,84720
,,,,,,,,,,,Total:20,,Total:84.720
Kalimantan Selatan,Banjarbaru,PUSKESMAS SUNGAI ULIN,DINAS KESEHATAN,Umum,Obat-Obatan,557,176.,2020-10-20,Fitomenadion (Vitamin K) tablet salut gula 10 mg,Tablet,330,873,288090
,,,,,,,,,,,Total:330,,Total:288.090
Kalimantan Selatan,Banjarbaru,PUSKESMAS SUNGAI ULIN,DINAS KESEHATAN,Umum,Obat-Obatan,18520,177.,2020-01-02,Fitomenadion (vit k 1) injeksi 10mg/ml-1ml,Ampul,9,10800,97200
,,,,,,,,,,,Total:9,,Total:97.200
Kalimantan Selatan,Banjarbaru,PUSKESMAS SUNGAI ULIN,DINAS KESEHATAN,Umum,Obat-Obatan,16779,178.,2020-03-02,Flagsol (Metronidazol),Botol,60,638,38280
Kalimantan Selatan,Banjarbaru,PUSKESMAS SUNGAI ULIN,DINAS KESEHATAN,Umum,Obat-Obatan,16779,179.,2020-06-01,Flagsol (Metronidazol),Botol,500,638,319000
,,,,,,,,,,,Total:560,,Total:357.280
Kalimantan Selatan,Banjarbaru,PUSKESMAS SUNGAI ULIN,DINAS KESEHATAN,Umum,Obat-Obatan,16732,180.,2020-01-02,Folley Catheter,pcs,9,10440,93960
,,,,,,,,,,,Total:9,,Total:93.960
Kalimantan Selatan,Banjarbaru,PUSKESMAS SUNGAI ULIN,DINAS KESEHATAN,Umum,Obat-Obatan,18993,181.,2020-01-02,GENTAMICIN OBAT TETES MATA,Botol,29,4600,133400
,,,,,,,,,,,Total:29,,Total:133.400
Kalimantan Selatan,Banjarbaru,PUSKESMAS SUNGAI ULIN,DINAS KESEHATAN,Umum,Obat-Obatan,18321,182.,2020-01-02,GENTAMICIN SALEP MATA HARGA 1,Tube,26,2950,76700
,,,,,,,,,,,Total:26,,Total:76.700
Kalimantan Selatan,Banjarbaru,PUSKESMAS SUNGAI ULIN,DINAS KESEHATAN,Umum,Obat-Obatan,16634,183.,2020-03-02,GENTAMICIN TETES MATA,Botol,7,7051,49357
Kalimantan Selatan,Banjarbaru,PUSKESMAS SUNGAI ULIN,DINAS KESEHATAN,Umum,Obat-Obatan,16634,184.,2020-07-29,GENTAMICIN TETES MATA,Botol,24,7051,169224
Kalimantan Selatan,Banjarbaru,PUSKESMAS SUNGAI ULIN,DINAS KESEHATAN,Umum,Obat-Obatan,16634,185.,2020-10-20,GENTAMICIN TETES MATA,Botol,24,7051,169224
,,,,,,,,,,,Total:55,,Total:387.805
Kalimantan Selatan,Banjarbaru,PUSKESMAS SUNGAI ULIN,DINAS KESEHATAN,Umum,Obat-Obatan,16636,186.,2020-01-02,GLIBENKLAMID TABLET 5 MG,Tablet,52,86,4472
Kalimantan Selatan,Banjarbaru,PUSKESMAS SUNGAI ULIN,DINAS KESEHATAN,Umum,Obat-Obatan,16636,187.,2020-01-02,GLIBENKLAMID TABLET 5 MG,Tablet,13,85,1105
,,,,,,,,,,,Total:65,,Total:5.577
Kalimantan Selatan,Banjarbaru,PUSKESMAS SUNGAI ULIN,DINAS KESEHATAN,Umum,Obat-Obatan,18362,188.,2020-08-10,GLUCOSE TEST STRIP 50 S,box,5,230000,1150000
,,,,,,,,,,,Total:5,,Total:1.150.000
Kalimantan Selatan,Banjarbaru,PUSKESMAS SUNGAI ULIN,DINAS KESEHATAN,Umum,Obat-Obatan,16642,189.,2020-01-02,"GRISEOFULVIN TABLET 125 MG,MICRONIZED",Tablet,950,224,212800
,,,,,,,,,,,Total:950,,Total:212.800
Kalimantan Selatan,Banjarbaru,PUSKESMAS SUNGAI ULIN,DINAS KESEHATAN,Umum,Obat-Obatan,614,190.,2020-06-01,Garam Oralit,Sachset,762,263,200406
,,,,,,,,,,,Total:762,,Total:200.406
Kalimantan Selatan,Banjarbaru,PUSKESMAS SUNGAI ULIN,DINAS KESEHATAN,Umum,Obat-Obatan,607,191.,2020-01-02,Gemfibrozil 300 mg,Kapsul,540,318,171720
,,,,,,,,,,,Total:540,,Total:171.720
Kalimantan Selatan,Banjarbaru,PUSKESMAS SUNGAI ULIN,DINAS KESEHATAN,Umum,Obat-Obatan,561,192.,2020-01-02,Gentian Violet larutan 1 %,Botol,43,2420,104060
,,,,,,,,,,,Total:43,,Total:104.060
Kalimantan Selatan,Banjarbaru,PUSKESMAS SUNGAI ULIN,DINAS KESEHATAN,Umum,Obat-Obatan,550,193.,2020-06-01,Glibenklamid 5 mg,Tablet,300,137,41100
,,,,,,,,,,,Total:300,,Total:41.100
Kalimantan Selatan,Banjarbaru,PUSKESMAS SUNGAI ULIN,DINAS KESEHATAN,Umum,Obat-Obatan,543,194.,2020-06-01,Glimepirid 1 mg TAB,Tablet,160,174,27840
Kalimantan Selatan,Banjarbaru,PUSKESMAS SUNGAI ULIN,DINAS KESEHATAN,Umum,Obat-Obatan,543,195.,2020-07-29,Glimepirid 1 mg TAB,Tablet,500,174,87000
,,,,,,,,,,,Total:660,,Total:114.840
Kalimantan Selatan,Banjarbaru,PUSKESMAS SUNGAI ULIN,DINAS KESEHATAN,Umum,Obat-Obatan,479,196.,2020-01-02,Glukosa larutan infus 5%,Botol,15,5844,87660
,,,,,,,,,,,Total:15,,Total:87.660
Kalimantan Selatan,Banjarbaru,PUSKESMAS SUNGAI ULIN,DINAS KESEHATAN,Umum,Obat-Obatan,19201,197.,2020-06-01,Glyceryl Guaiacolate (GG) Tablet,Tablet,584,171,99864
,,,,,,,,,,,Total:584,,Total:99.864
Kalimantan Selatan,Banjarbaru,PUSKESMAS SUNGAI ULIN,DINAS KESEHATAN,Umum,Obat-Obatan,19202,198.,2020-06-01,Griseofulvin Tab 125 mg,Tablet,100,238,23800
Kalimantan Selatan,Banjarbaru,PUSKESMAS SUNGAI ULIN,DINAS KESEHATAN,Umum,Obat-Obatan,19202,199.,2020-07-29,Griseofulvin Tab 125 mg,Tablet,200,238,47600
,,,,,,,,,,,Total:300,,Total:71.400
Kalimantan Selatan,Banjarbaru,PUSKESMAS SUNGAI ULIN,DINAS KESEHATAN,Umum,Obat-Obatan,13126,200.,2020-10-11,HB uniject,Buah,24,25597,614328
,,,,,,,,,,,Total:24,,Total:614.328
Kalimantan Selatan,Banjarbaru,PUSKESMAS SUNGAI ULIN,DINAS KESEHATAN,Umum,Obat-Obatan,17469,201.,2020-06-01,HIDROKLOROTIAZID (HCT) TABLET 25MG,Tablet,400,128,51200
Kalimantan Selatan,Banjarbaru,PUSKESMAS SUNGAI ULIN,DINAS KESEHATAN,Umum,Obat-Obatan,17469,202.,2020-07-29,HIDROKLOROTIAZID (HCT) TABLET 25MG,Tablet,400,128,51200
,,,,,,,,,,,Total:800,,Total:102.400
Kalimantan Selatan,Banjarbaru,PUSKESMAS SUNGAI ULIN,DINAS KESEHATAN,Umum,Obat-Obatan,20991,203.,2020-03-02,HUMASENS 2.0 PLUS GLUCOMETER SYSTEM,Buah,1,418500,418500
,,,,,,,,,,,Total:1,,Total:418.500
Kalimantan Selatan,Banjarbaru,PUSKESMAS SUNGAI ULIN,DINAS KESEHATAN,Umum,Obat-Obatan,20990,204.,2020-03-02,HUMASENS 2.0 PLUS GLUKOSE TEST STRIPE BLUE,kotak,6,275800,1654800
,,,,,,,,,,,Total:6,,Total:1.654.800
Kalimantan Selatan,Banjarbaru,PUSKESMAS SUNGAI ULIN,DINAS KESEHATAN,Umum,Obat-Obatan,20992,205.,2020-03-02,HUMASENS 2.0 PLUS MULTI PARAMETER SYSTEM 3 IN 1,Buah,1,805950,805950
,,,,,,,,,,,Total:1,,Total:805.950
Kalimantan Selatan,Banjarbaru,PUSKESMAS SUNGAI ULIN,DINAS KESEHATAN,Umum,Obat-Obatan,20989,206.,2020-03-02,HUMASENS 2.0 PLUS TOTAL CHOLESTEROL STRIPS,kotak,12,541900,6502800
,,,,,,,,,,,Total:12,,Total:6.502.800
Kalimantan Selatan,Banjarbaru,PUSKESMAS SUNGAI ULIN,DINAS KESEHATAN,Umum,Obat-Obatan,1099,207.,2020-07-29,Haloperidol TAB 5 MG,Tablet,200,1916,383200
,,,,,,,,,,,Total:200,,Total:383.200
Kalimantan Selatan,Banjarbaru,PUSKESMAS SUNGAI ULIN,DINAS KESEHATAN,Umum,Obat-Obatan,534,208.,2020-10-20,"Hidrokortison krim 2,5 %",Tube,80,2533,202640
,,,,,,,,,,,Total:80,,Total:202.640
Kalimantan Selatan,Banjarbaru,PUSKESMAS SUNGAI ULIN,DINAS KESEHATAN,Umum,Obat-Obatan,2727,209.,2020-10-20,Hyoscine-N-Butilbromide tab 10 mg / Hyurex/Scopma/Spasmolit,Tablet,410,1870,766700
,,,,,,,,,,,Total:410,,Total:766.700
Kalimantan Selatan,Banjarbaru,PUSKESMAS SUNGAI ULIN,DINAS KESEHATAN,Umum,Obat-Obatan,16646,210.,2020-01-02,IBUPROFEN 100 MG / 5 ML SYRUP RAMA,Botol,3,2678,8034
Kalimantan Selatan,Banjarbaru,PUSKESMAS SUNGAI ULIN,DINAS KESEHATAN,Umum,Obat-Obatan,16646,211.,2020-01-02,IBUPROFEN 100 MG / 5 ML SYRUP RAMA,Botol,50,2678,133900
,,,,,,,,,,,Total:53,,Total:141.934
Kalimantan Selatan,Banjarbaru,PUSKESMAS SUNGAI ULIN,DINAS KESEHATAN,Umum,Obat-Obatan,16647,212.,2020-03-02,IBUPROFEN SUSPENSI 200 MG/5 ML,Botol,66,2858,188628
,,,,,,,,,,,Total:66,,Total:188.628
Kalimantan Selatan,Banjarbaru,PUSKESMAS SUNGAI ULIN,DINAS KESEHATAN,Umum,Obat-Obatan,581,213.,2020-01-02,Ibuprofen 200 mg,Tablet,720,111,79920
,,,,,,,,,,,Total:720,,Total:79.920
Kalimantan Selatan,Banjarbaru,PUSKESMAS SUNGAI ULIN,DINAS KESEHATAN,Umum,Obat-Obatan,19203,214.,2020-03-02,Ibuprofen Syrup Forte,Botol,36,5414,194904
,,,,,,,,,,,Total:36,,Total:194.904
Kalimantan Selatan,Banjarbaru,PUSKESMAS SUNGAI ULIN,DINAS KESEHATAN,Umum,Obat-Obatan,16737,215.,2020-01-02,Infusion Set Anak,pcs,2,5104,10208
Kalimantan Selatan,Banjarbaru,PUSKESMAS SUNGAI ULIN,DINAS KESEHATAN,Umum,Obat-Obatan,16737,216.,2020-01-02,Infusion Set Anak,pcs,5,10406,52030
,,,,,,,,,,,Total:7,,Total:62.238
Kalimantan Selatan,Banjarbaru,PUSKESMAS SUNGAI ULIN,DINAS KESEHATAN,Umum,Obat-Obatan,16734,217.,2020-01-02,Infusion set Dewasa,pcs,5,4756,23780
,,,,,,,,,,,Total:5,,Total:23.780
Kalimantan Selatan,Banjarbaru,PUSKESMAS SUNGAI ULIN,DINAS KESEHATAN,Umum,Obat-Obatan,2741,218.,2020-01-02,Insektisida,liter,2,303375,606750
,,,,,,,,,,,Total:2,,Total:606.750
Kalimantan Selatan,Banjarbaru,PUSKESMAS SUNGAI ULIN,DINAS KESEHATAN,Umum,Obat-Obatan,9449,219.,2020-06-17,Instance Gel 500 ML,Botol,8,38416,307328
,,,,,,,,,,,Total:8,,Total:307.328
Kalimantan Selatan,Banjarbaru,PUSKESMAS SUNGAI ULIN,DINAS KESEHATAN,Umum,Obat-Obatan,18352,220.,2020-06-15,JAYAMAS SUPERLIFE NITRILE L,kotak,10,59300,593000
,,,,,,,,,,,Total:10,,Total:593.000
Kalimantan Selatan,Banjarbaru,PUSKESMAS SUNGAI ULIN,DINAS KESEHATAN,Umum,Obat-Obatan,17477,221.,2020-07-29,KASA 4X10 CM,Buah,84,668,56112
,,,,,,,,,,,Total:84,,Total:56.112
Kalimantan Selatan,Banjarbaru,PUSKESMAS SUNGAI ULIN,DINAS KESEHATAN,Umum,Obat-Obatan,16660,222.,2020-01-02,KLORAMFENIKOL SALEP MATA 1 %,Tube,14,1850,25900
,,,,,,,,,,,Total:14,,Total:25.900
Kalimantan Selatan,Banjarbaru,PUSKESMAS SUNGAI ULIN,DINAS KESEHATAN,Umum,Obat-Obatan,16662,223.,2020-01-02,KLORAMFENIKOL SUSPENSI,Botol,32,4000,128000
,,,,,,,,,,,Total:32,,Total:128.000
Kalimantan Selatan,Banjarbaru,PUSKESMAS SUNGAI ULIN,DINAS KESEHATAN,Umum,Obat-Obatan,16663,224.,2020-01-02,KLORAMFENIKOL TETES MATA,Botol,35,3850,134750
,,,,,,,,,,,Total:35,,Total:134.750
Kalimantan Selatan,Banjarbaru,PUSKESMAS SUNGAI ULIN,DINAS KESEHATAN,Umum,Obat-Obatan,16661,225.,2020-01-02,KLORAMFENIKOL TETES TELINGA 3 %,Botol,25,9130,228250
Kalimantan Selatan,Banjarbaru,PUSKESMAS SUNGAI ULIN,DINAS KESEHATAN,Umum,Obat-Obatan,16661,226.,2020-01-02,KLORAMFENIKOL TETES TELINGA 3 %,Botol,75,9130,684750
,,,,,,,,,,,Total:100,,Total:913.000
Kalimantan Selatan,Banjarbaru,PUSKESMAS SUNGAI ULIN,DINAS KESEHATAN,Umum,Obat-Obatan,16666,227.,2020-06-01,KLORPROMAZIN HCL TABLET SALUT 100 MG,Tablet,92,170,15640
,,,,,,,,,,,Total:92,,Total:15.640
Kalimantan Selatan,Banjarbaru,PUSKESMAS SUNGAI ULIN,DINAS KESEHATAN,Umum,Obat-Obatan,20202,228.,2020-06-01,KODEIN TABLET 10 MG,Tablet,100,657,65700
,,,,,,,,,,,Total:100,,Total:65.700
Kalimantan Selatan,Banjarbaru,PUSKESMAS SUNGAI ULIN,DINAS KESEHATAN,Umum,Obat-Obatan,16669,229.,2020-03-02,KOTRIMOKSAZOL SUSPENSI,Botol,24,2052,49248
Kalimantan Selatan,Banjarbaru,PUSKESMAS SUNGAI ULIN,DINAS KESEHATAN,Umum,Obat-Obatan,16669,230.,2020-06-01,KOTRIMOKSAZOL SUSPENSI,Botol,100,2052,205200
,,,,,,,,,,,Total:124,,Total:254.448
Kalimantan Selatan,Banjarbaru,PUSKESMAS SUNGAI ULIN,DINAS KESEHATAN,Umum,Obat-Obatan,17229,231.,2020-10-20,Kalsium Laktat (Klak) Tablet 500 mg,Tablet,2060,63,129780
,,,,,,,,,,,Total:2.060,,Total:129.780
Kalimantan Selatan,Banjarbaru,PUSKESMAS SUNGAI ULIN,DINAS KESEHATAN,Umum,Obat-Obatan,649,232.,2020-07-29,Kalsium Laktat 500 mg,Tablet,50,59,2950
,,,,,,,,,,,Total:50,,Total:2.950
Kalimantan Selatan,Banjarbaru,PUSKESMAS SUNGAI ULIN,DINAS KESEHATAN,Umum,Obat-Obatan,16739,233.,2020-03-02,Kapas Pembalut Absorben 250 gram Harga 1,pcs,5,8250,41250
,,,,,,,,,,,Total:5,,Total:41.250
Kalimantan Selatan,Banjarbaru,PUSKESMAS SUNGAI ULIN,DINAS KESEHATAN,Umum,Obat-Obatan,16744,234.,2020-10-20,Kasa Pembalut 2 M x 80 cm,pcs,10,10076,100760
,,,,,,,,,,,Total:10,,Total:100.760
Kalimantan Selatan,Banjarbaru,PUSKESMAS SUNGAI ULIN,DINAS KESEHATAN,Umum,Obat-Obatan,687,235.,2020-07-29,Ketokonazol krim 2 %,Tube,20,2577,51540
Kalimantan Selatan,Banjarbaru,PUSKESMAS SUNGAI ULIN,DINAS KESEHATAN,Umum,Obat-Obatan,687,236.,2020-10-20,Ketokonazol krim 2 %,Tube,25,2577,64425
,,,,,,,,,,,Total:45,,Total:115.965
Kalimantan Selatan,Banjarbaru,PUSKESMAS SUNGAI ULIN,DINAS KESEHATAN,Umum,Obat-Obatan,17231,237.,2020-07-29,Ketokonazole Tablet 200 mg,Tablet,70,305,21350
Kalimantan Selatan,Banjarbaru,PUSKESMAS SUNGAI ULIN,DINAS KESEHATAN,Umum,Obat-Obatan,17231,238.,2020-10-20,Ketokonazole Tablet 200 mg,Tablet,400,305,122000
,,,,,,,,,,,Total:470,,Total:143.350
Kalimantan Selatan,Banjarbaru,PUSKESMAS SUNGAI ULIN,DINAS KESEHATAN,Umum,Obat-Obatan,542,239.,2020-03-02,Kloramfenikol Salep Kulit 2% / Bufacetin Salep Kulit,Tube,121,3360,406560
,,,,,,,,,,,Total:121,,Total:406.560
Kalimantan Selatan,Banjarbaru,PUSKESMAS SUNGAI ULIN,DINAS KESEHATAN,Umum,Obat-Obatan,531,240.,2020-03-02,Kloramfenikol Salep Mata 1%,Tube,30,1925,57750
,,,,,,,,,,,Total:30,,Total:57.750
Kalimantan Selatan,Banjarbaru,PUSKESMAS SUNGAI ULIN,DINAS KESEHATAN,Umum,Obat-Obatan,18524,241.,2020-06-01,Kloramfenikol kapsul 500ng,Kapsul,1230,1254,1542420
,,,,,,,,,,,Total:1.230,,Total:1.542.420
Kalimantan Selatan,Banjarbaru,PUSKESMAS SUNGAI ULIN,DINAS KESEHATAN,Umum,Obat-Obatan,18525,242.,2020-01-02,Kloramfenikol salep mata 1%,Tube,4,1850,7400
,,,,,,,,,,,Total:4,,Total:7.400
Kalimantan Selatan,Banjarbaru,PUSKESMAS SUNGAI ULIN,DINAS KESEHATAN,Umum,Obat-Obatan,618,243.,2020-03-02,Klorpromazin 100 mg,Tablet,7,144,1008
,,,,,,,,,,,Total:7,,Total:1.008
Kalimantan Selatan,Banjarbaru,PUSKESMAS SUNGAI ULIN,DINAS KESEHATAN,Umum,Obat-Obatan,624,244.,2020-01-02,Kodein 10 mg,Tablet,127,630,80010
Kalimantan Selatan,Banjarbaru,PUSKESMAS SUNGAI ULIN,DINAS KESEHATAN,Umum,Obat-Obatan,624,245.,2020-01-02,Kodein 10 mg,Tablet,100,630,63000
,,,,,,,,,,,Total:227,,Total:143.010
Kalimantan Selatan,Banjarbaru,PUSKESMAS SUNGAI ULIN,DINAS KESEHATAN,Umum,Obat-Obatan,17232,246.,2020-01-02,Kotrimoksazol Dewasa Tablet,Tablet,40,125,5000
Kalimantan Selatan,Banjarbaru,PUSKESMAS SUNGAI ULIN,DINAS KESEHATAN,Umum,Obat-Obatan,17232,247.,2020-07-29,Kotrimoksazol Dewasa Tablet,Tablet,100,125,12500
,,,,,,,,,,,Total:140,,Total:17.500
Kalimantan Selatan,Banjarbaru,PUSKESMAS SUNGAI ULIN,DINAS KESEHATAN,Umum,Obat-Obatan,19204,248.,2020-01-02,Kotrimoksazol Tab 480 mg,Tablet,289,146,42194
Kalimantan Selatan,Banjarbaru,PUSKESMAS SUNGAI ULIN,DINAS KESEHATAN,Umum,Obat-Obatan,19204,249.,2020-01-02,Kotrimoksazol Tab 480 mg,Tablet,211,147,31017
,,,,,,,,,,,Total:500,,Total:73.211
Kalimantan Selatan,Banjarbaru,PUSKESMAS SUNGAI ULIN,DINAS KESEHATAN,Umum,Obat-Obatan,21004,250.,2020-03-02,LANCET @200 (2 BOK / PAKET),Buah,1,33000,33000
,,,,,,,,,,,Total:1,,Total:33.000
Kalimantan Selatan,Banjarbaru,PUSKESMAS SUNGAI ULIN,DINAS KESEHATAN,Umum,Obat-Obatan,15595,251.,2020-11-03,LARVASIDA,Bungkus,10,140000,1400000
,,,,,,,,,,,Total:10,,Total:1.400.000
Kalimantan Selatan,Banjarbaru,PUSKESMAS SUNGAI ULIN,DINAS KESEHATAN,Umum,Obat-Obatan,16672,252.,2020-01-02,LIDOKAIN INJEKSI,Ampul,34,929,31586
,,,,,,,,,,,Total:34,,Total:31.586
Kalimantan Selatan,Banjarbaru,PUSKESMAS SUNGAI ULIN,DINAS KESEHATAN,Umum,Obat-Obatan,16673,253.,2020-10-20,LOPERAMIDE 2 MG,Tablet,680,198,134640
,,,,,,,,,,,Total:680,,Total:134.640
Kalimantan Selatan,Banjarbaru,PUSKESMAS SUNGAI ULIN,DINAS KESEHATAN,Umum,Obat-Obatan,766,254.,2020-01-02,LORATADINE 10 MG TABLET HJ,Tablet,447,149,66603
,,,,,,,,,,,Total:447,,Total:66.603
Kalimantan Selatan,Banjarbaru,PUSKESMAS SUNGAI ULIN,DINAS KESEHATAN,Umum,Obat-Obatan,18843,255.,2020-10-20,LORATADINE TABLET 10 MG,Tablet,746,136,101456
,,,,,,,,,,,Total:746,,Total:101.456
Kalimantan Selatan,Banjarbaru,PUSKESMAS SUNGAI ULIN,DINAS KESEHATAN,Umum,Obat-Obatan,684,256.,2020-01-02,Lidokain Inj 2%,Ampul,71,929,65959
,,,,,,,,,,,Total:71,,Total:65.959
Kalimantan Selatan,Banjarbaru,PUSKESMAS SUNGAI ULIN,DINAS KESEHATAN,Umum,Obat-Obatan,3880,257.,2020-01-02,Loperamid Tab 2 mg,Tablet,100,407,40700
Kalimantan Selatan,Banjarbaru,PUSKESMAS SUNGAI ULIN,DINAS KESEHATAN,Umum,Obat-Obatan,3880,258.,2020-01-02,Loperamid Tab 2 mg,Tablet,100,90,9000
,,,,,,,,,,,Total:200,,Total:49.700
Kalimantan Selatan,Banjarbaru,PUSKESMAS SUNGAI ULIN,DINAS KESEHATAN,Umum,Obat-Obatan,18997,259.,2020-01-02,MAGNESIUM SULFAT INJEKSI (IV) 40% - 25 ml,Ampul,10,3796,37960
,,,,,,,,,,,Total:10,,Total:37.960
Kalimantan Selatan,Banjarbaru,PUSKESMAS SUNGAI ULIN,DINAS KESEHATAN,Umum,Obat-Obatan,16675,260.,2020-01-02,MAGNESIUM SULFAT INJEKSI(IV) 20% - 25 ML,Ampul,10,3328,33280
,,,,,,,,,,,Total:10,,Total:33.280
Kalimantan Selatan,Banjarbaru,PUSKESMAS SUNGAI ULIN,DINAS KESEHATAN,Umum,Obat-Obatan,18529,261.,2020-10-20,MASKER,lembar,700,506,354200
,,,,,,,,,,,Total:700,,Total:354.200
Kalimantan Selatan,Banjarbaru,PUSKESMAS SUNGAI ULIN,DINAS KESEHATAN,Umum,Obat-Obatan,20672,262.,2020-11-25,MASKER N-95,Buah,9,1100000,9900000
,,,,,,,,,,,Total:9,,Total:9.900.000
Kalimantan Selatan,Banjarbaru,PUSKESMAS SUNGAI ULIN,DINAS KESEHATAN,Umum,Obat-Obatan,16677,263.,2020-01-02,"MELOXICOM 7,5 MG",Tablet,10,690,6900
Kalimantan Selatan,Banjarbaru,PUSKESMAS SUNGAI ULIN,DINAS KESEHATAN,Umum,Obat-Obatan,16677,264.,2020-01-02,"MELOXICOM 7,5 MG",Tablet,40,691,27640
,,,,,,,,,,,Total:50,,Total:34.540
Kalimantan Selatan,Banjarbaru,PUSKESMAS SUNGAI ULIN,DINAS KESEHATAN,Umum,Obat-Obatan,18842,265.,2020-07-29,METFORMIN HYDROCHLORIDE 500 MG,Tablet,100,102,10200
,,,,,,,,,,,Total:100,,Total:10.200
Kalimantan Selatan,Banjarbaru,PUSKESMAS SUNGAI ULIN,DINAS KESEHATAN,Umum,Obat-Obatan,724,266.,2020-01-02,METRONIDAZOLE 500 MG TABLET NOVA,Tablet,193,140,27020
,,,,,,,,,,,Total:193,,Total:27.020
Kalimantan Selatan,Banjarbaru,PUSKESMAS SUNGAI ULIN,DINAS KESEHATAN,Umum,Obat-Obatan,16685,267.,2020-01-02,MINIASPI / ASETOSAL 80 MG HARGA 1,Tablet,21,123,2583
Kalimantan Selatan,Banjarbaru,PUSKESMAS SUNGAI ULIN,DINAS KESEHATAN,Umum,Obat-Obatan,16685,268.,2020-06-01,MINIASPI / ASETOSAL 80 MG HARGA 1,Tablet,500,123,61500
,,,,,,,,,,,Total:521,,Total:64.083
Kalimantan Selatan,Banjarbaru,PUSKESMAS SUNGAI ULIN,DINAS KESEHATAN,Umum,Obat-Obatan,16686,269.,2020-10-20,MINIASPI / ASETOSAL 80 MG HARGA 2,Tablet,90,99,8910
,,,,,,,,,,,Total:90,,Total:8.910
Kalimantan Selatan,Banjarbaru,PUSKESMAS SUNGAI ULIN,DINAS KESEHATAN,Umum,Obat-Obatan,16060,270.,2020-01-02,MR,Buah,6,141648,849888
,,,,,,,,,,,Total:6,,Total:849.888
Kalimantan Selatan,Banjarbaru,PUSKESMAS SUNGAI ULIN,DINAS KESEHATAN,Umum,Obat-Obatan,16749,271.,2020-09-07,Masker N95 Harga 1,pcs,19,137500,2612500
,,,,,,,,,,,Total:19,,Total:2.612.500
Kalimantan Selatan,Banjarbaru,PUSKESMAS SUNGAI ULIN,DINAS KESEHATAN,Umum,Obat-Obatan,19210,272.,2020-01-02,Masker Oksigen Anak,pcs,10,16704,167040
,,,,,,,,,,,Total:10,,Total:167.040
Kalimantan Selatan,Banjarbaru,PUSKESMAS SUNGAI ULIN,DINAS KESEHATAN,Umum,Obat-Obatan,19211,273.,2020-01-02,Masker Oksigen Dewasa,pcs,8,16704,133632
,,,,,,,,,,,Total:8,,Total:133.632
Kalimantan Selatan,Banjarbaru,PUSKESMAS SUNGAI ULIN,DINAS KESEHATAN,Umum,Obat-Obatan,16832,274.,2020-01-02,Masker Sensi,pcs,250,506,126500
,,,,,,,,,,,Total:250,,Total:126.500
Kalimantan Selatan,Banjarbaru,PUSKESMAS SUNGAI ULIN,DINAS KESEHATAN,Umum,Obat-Obatan,648,275.,2020-01-02,"Metilergometrin Maleat inj 0,2 mg -1 ml",Ampul,48,2684,128832
Kalimantan Selatan,Banjarbaru,PUSKESMAS SUNGAI ULIN,DINAS KESEHATAN,Umum,Obat-Obatan,648,276.,2020-06-01,"Metilergometrin Maleat inj 0,2 mg -1 ml",Ampul,10,3399,33990
,,,,,,,,,,,Total:58,,Total:162.822
Kalimantan Selatan,Banjarbaru,PUSKESMAS SUNGAI ULIN,DINAS KESEHATAN,Umum,Obat-Obatan,662,277.,2020-10-20,Metilprednisolon 4 mg,Tablet,1500,148,222000
,,,,,,,,,,,Total:1.500,,Total:222.000
Kalimantan Selatan,Banjarbaru,PUSKESMAS SUNGAI ULIN,DINAS KESEHATAN,Umum,Obat-Obatan,770,278.,2020-07-29,Mikonazol Salep 2%,Tube,41,3926,160966
,,,,,,,,,,,Total:41,,Total:160.966
Kalimantan Selatan,Banjarbaru,PUSKESMAS SUNGAI ULIN,DINAS KESEHATAN,Umum,Obat-Obatan,19196,279.,2020-01-02,NB Topikal,Tube,15,17205,258075
,,,,,,,,,,,Total:15,,Total:258.075
Kalimantan Selatan,Banjarbaru,PUSKESMAS SUNGAI ULIN,DINAS KESEHATAN,Umum,Obat-Obatan,17474,280.,2020-01-02,NIFUDIAR 60ML SUSPENSI,Botol,2,35800,71600
Kalimantan Selatan,Banjarbaru,PUSKESMAS SUNGAI ULIN,DINAS KESEHATAN,Umum,Obat-Obatan,17474,281.,2020-01-02,NIFUDIAR 60ML SUSPENSI,Botol,39,35800,1396200
,,,,,,,,,,,Total:41,,Total:1.467.800
Kalimantan Selatan,Banjarbaru,PUSKESMAS SUNGAI ULIN,DINAS KESEHATAN,Umum,Obat-Obatan,16789,282.,2020-01-02,Nasal Oxygen Canula Adult dan Chilld,pcs,7,6844,47908
,,,,,,,,,,,Total:7,,Total:47.908
Kalimantan Selatan,Banjarbaru,PUSKESMAS SUNGAI ULIN,DINAS KESEHATAN,Umum,Obat-Obatan,715,283.,2020-01-02,Nistatin Vaginal tab 100.000 UI,Tablet,65,602,39130
,,,,,,,,,,,Total:65,,Total:39.130
Kalimantan Selatan,Banjarbaru,PUSKESMAS SUNGAI ULIN,DINAS KESEHATAN,Umum,Obat-Obatan,18584,284.,2020-07-29,Noza Harga 2,kaplet,192,865,166080
,,,,,,,,,,,Total:192,,Total:166.080
Kalimantan Selatan,Banjarbaru,PUSKESMAS SUNGAI ULIN,DINAS KESEHATAN,Umum,Obat-Obatan,20999,285.,2020-03-02,OCCLUDER,Buah,1,290000,290000
,,,,,,,,,,,Total:1,,Total:290.000
Kalimantan Selatan,Banjarbaru,PUSKESMAS SUNGAI ULIN,DINAS KESEHATAN,Umum,Obat-Obatan,16621,286.,2020-10-20,OMEPRAZOL 20 MG,Tablet,930,147,136710
,,,,,,,,,,,Total:930,,Total:136.710
Kalimantan Selatan,Banjarbaru,PUSKESMAS SUNGAI ULIN,DINAS KESEHATAN,Umum,Obat-Obatan,20013,287.,2020-03-02,ONE SCRUB /ASEPTIC GEL BTL,Botol,10,25333,253330
Kalimantan Selatan,Banjarbaru,PUSKESMAS SUNGAI ULIN,DINAS KESEHATAN,Umum,Obat-Obatan,20013,288.,2020-06-01,ONE SCRUB /ASEPTIC GEL BTL,Botol,6,25333,151998
,,,,,,,,,,,Total:16,,Total:405.328
Kalimantan Selatan,Banjarbaru,PUSKESMAS SUNGAI ULIN,DINAS KESEHATAN,Umum,Obat-Obatan,793,289.,2020-03-02,Obat Batuk Hitam,Botol,57,3960,225720
,,,,,,,,,,,Total:57,,Total:225.720
Kalimantan Selatan,Banjarbaru,PUSKESMAS SUNGAI ULIN,DINAS KESEHATAN,Umum,Obat-Obatan,18552,290.,2020-01-02,Oksitetrasiklin Hcl Salep mata,Tube,7,2009,14063
,,,,,,,,,,,Total:7,,Total:14.063
Kalimantan Selatan,Banjarbaru,PUSKESMAS SUNGAI ULIN,DINAS KESEHATAN,Umum,Obat-Obatan,851,291.,2020-10-20,Oksitetrasiklin salep kulit 3 %,Tube,62,4659,288858
,,,,,,,,,,,Total:62,,Total:288.858
Kalimantan Selatan,Banjarbaru,PUSKESMAS SUNGAI ULIN,DINAS KESEHATAN,Umum,Obat-Obatan,885,292.,2020-01-02,Oksitosin inj 10 UI/ml-1 ml,Ampul,45,1900,85500
,,,,,,,,,,,Total:45,,Total:85.500
Kalimantan Selatan,Banjarbaru,PUSKESMAS SUNGAI ULIN,DINAS KESEHATAN,Umum,Obat-Obatan,16767,293.,2020-01-02,One Scrub / Aseptic gel,Botol,1,81563,81563
,,,,,,,,,,,Total:1,,Total:81.563
Kalimantan Selatan,Banjarbaru,PUSKESMAS SUNGAI ULIN,DINAS KESEHATAN,Umum,Obat-Obatan,17472,294.,2020-01-02,PARACETAMOL DROP HARGA 2,Botol,2,7646,15292
,,,,,,,,,,,Total:2,,Total:15.292
Kalimantan Selatan,Banjarbaru,PUSKESMAS SUNGAI ULIN,DINAS KESEHATAN,Umum,Obat-Obatan,22160,295.,2020-08-10,PARAFILM 4X125 FIT,roll,1,890000,890000
,,,,,,,,,,,Total:1,,Total:890.000
Kalimantan Selatan,Banjarbaru,PUSKESMAS SUNGAI ULIN,DINAS KESEHATAN,Umum,Obat-Obatan,20998,296.,2020-03-02,PENLIGHT + BATERAI,Buah,1,88000,88000
,,,,,,,,,,,Total:1,,Total:88.000
Kalimantan Selatan,Banjarbaru,PUSKESMAS SUNGAI ULIN,DINAS KESEHATAN,BLUD,Obat-Obatan,17986,297.,2020-11-28,PLESTERIN BULAT PE - OM,box,3,35000,105000
,,,,,,,,,,,Total:3,,Total:105.000
Kalimantan Selatan,Banjarbaru,PUSKESMAS SUNGAI ULIN,DINAS KESEHATAN,Umum,Obat-Obatan,18846,298.,2020-01-02,PREDNISON 5 MG,Tablet,100,74,7400
,,,,,,,,,,,Total:100,,Total:7.400
Kalimantan Selatan,Banjarbaru,PUSKESMAS SUNGAI ULIN,DINAS KESEHATAN,Umum,Obat-Obatan,19913,299.,2020-10-20,PREDNISON TABLET 5 MG Harga 3,Tablet,2817,79,222543
,,,,,,,,,,,Total:2.817,,Total:222.543
Kalimantan Selatan,Banjarbaru,PUSKESMAS SUNGAI ULIN,DINAS KESEHATAN,Umum,Obat-Obatan,908,300.,2020-03-02,Papaverin  40 mg,Tablet,660,253,166980
,,,,,,,,,,,Total:660,,Total:166.980
Kalimantan Selatan,Banjarbaru,PUSKESMAS SUNGAI ULIN,DINAS KESEHATAN,Umum,Obat-Obatan,18572,301.,2020-01-02,Papaverin Tablet,Buah,490,125,61250
,,,,,,,,,,,Total:490,,Total:61.250
Kalimantan Selatan,Banjarbaru,PUSKESMAS SUNGAI ULIN,DINAS KESEHATAN,Umum,Obat-Obatan,3866,302.,2020-10-20,Paracetamol Tab,Tablet,14290,60,857400
,,,,,,,,,,,Total:14.290,,Total:857.400
Kalimantan Selatan,Banjarbaru,PUSKESMAS SUNGAI ULIN,DINAS KESEHATAN,Umum,Obat-Obatan,16689,303.,2020-10-20,Paracetamol drop,Botol,112,7646,856352
,,,,,,,,,,,Total:112,,Total:856.352
Kalimantan Selatan,Banjarbaru,PUSKESMAS SUNGAI ULIN,DINAS KESEHATAN,Umum,Obat-Obatan,922,304.,2020-01-02,Parasetamol syrup 120 mg/5 ml,Botol,16,1160,18560
,,,,,,,,,,,Total:16,,Total:18.560
Kalimantan Selatan,Banjarbaru,PUSKESMAS SUNGAI ULIN,DINAS KESEHATAN,Umum,Obat-Obatan,509,305.,2020-01-02,Pehacain inj,ampul,506,3113,1575178
Kalimantan Selatan,Banjarbaru,PUSKESMAS SUNGAI ULIN,DINAS KESEHATAN,Umum,Obat-Obatan,509,306.,2020-01-02,Pehacain inj,ampul,485,3112,1509320
,,,,,,,,,,,Total:991,,Total:3.084.498
Kalimantan Selatan,Banjarbaru,PUSKESMAS SUNGAI ULIN,DINAS KESEHATAN,Umum,Obat-Obatan,19223,307.,2020-01-02,Penjepit Tabung Kayu,pcs,2,17600,35200
,,,,,,,,,,,Total:2,,Total:35.200
Kalimantan Selatan,Banjarbaru,PUSKESMAS SUNGAI ULIN,DINAS KESEHATAN,Umum,Obat-Obatan,796,308.,2020-01-02,Pirantel syrup 125 mg / 5 mg,Botol,2,9100,18200
,,,,,,,,,,,Total:2,,Total:18.200
Kalimantan Selatan,Banjarbaru,PUSKESMAS SUNGAI ULIN,DINAS KESEHATAN,Umum,Obat-Obatan,858,309.,2020-10-20,Piridoksin Tab 10 mg / Vitamin B6,Tablet,3510,141,494910
,,,,,,,,,,,Total:3.510,,Total:494.910
Kalimantan Selatan,Banjarbaru,PUSKESMAS SUNGAI ULIN,DINAS KESEHATAN,Umum,Obat-Obatan,16784,310.,2020-01-02,Polifix 5 cm x 5 meter Harga 1,pcs,2,39800,79600
,,,,,,,,,,,Total:2,,Total:79.600
Kalimantan Selatan,Banjarbaru,PUSKESMAS SUNGAI ULIN,DINAS KESEHATAN,Umum,Obat-Obatan,18528,311.,2020-01-02,Prednison tablet 5mg harga 2,Tablet,550,79,43450
,,,,,,,,,,,Total:550,,Total:43.450
Kalimantan Selatan,Banjarbaru,PUSKESMAS SUNGAI ULIN,DINAS KESEHATAN,Umum,Obat-Obatan,18984,312.,2020-01-02,Primaquin,Biji,50,253,12650
Kalimantan Selatan,Banjarbaru,PUSKESMAS SUNGAI ULIN,DINAS KESEHATAN,Umum,Obat-Obatan,18984,313.,2020-10-05,Primaquin,Biji,20,25300,506000
,,,,,,,,,,,Total:70,,Total:518.650
Kalimantan Selatan,Banjarbaru,PUSKESMAS SUNGAI ULIN,DINAS KESEHATAN,Umum,Obat-Obatan,988,314.,2020-01-02,Propanolol 40 mg,Tablet,110,69,7590
,,,,,,,,,,,Total:110,,Total:7.590
Kalimantan Selatan,Banjarbaru,PUSKESMAS SUNGAI ULIN,DINAS KESEHATAN,BLUD,Obat-Obatan,17953,315.,2020-11-28,Purple Cap.K3 Edta 3 ml,Pak,1,165000,165000
,,,,,,,,,,,Total:1,,Total:165.000
Kalimantan Selatan,Banjarbaru,PUSKESMAS SUNGAI ULIN,DINAS KESEHATAN,Umum,Obat-Obatan,18373,316.,2020-10-20,RANITIDIN 150 MG,Tablet,1160,187,216920
,,,,,,,,,,,Total:1.160,,Total:216.920
Kalimantan Selatan,Banjarbaru,PUSKESMAS SUNGAI ULIN,DINAS KESEHATAN,Umum,Obat-Obatan,19991,317.,2020-01-02,REAGEN zn,Botol,1,273978,273978
Kalimantan Selatan,Banjarbaru,PUSKESMAS SUNGAI ULIN,DINAS KESEHATAN,Umum,Obat-Obatan,19991,318.,2020-10-05,REAGEN zn,Botol,4,417900,1671600
,,,,,,,,,,,Total:5,,Total:1.945.578
Kalimantan Selatan,Banjarbaru,PUSKESMAS SUNGAI ULIN,DINAS KESEHATAN,Umum,Obat-Obatan,7092,319.,2020-11-03,Rapid HBsAG Test Card Serum Plasma,Tes,60,9800,588000
,,,,,,,,,,,Total:60,,Total:588.000
Kalimantan Selatan,Banjarbaru,PUSKESMAS SUNGAI ULIN,DINAS KESEHATAN,Umum,Obat-Obatan,6777,320.,2020-11-03,Rapid Test NS1,pcs,25,67500,1687500
,,,,,,,,,,,Total:25,,Total:1.687.500
Kalimantan Selatan,Banjarbaru,PUSKESMAS SUNGAI ULIN,DINAS KESEHATAN,Umum,Obat-Obatan,21995,321.,2020-08-10,Rapid test Covid 19,pcs,13,256500,3334500
,,,,,,,,,,,Total:13,,Total:3.334.500
Kalimantan Selatan,Banjarbaru,PUSKESMAS SUNGAI ULIN,DINAS KESEHATAN,Umum,Obat-Obatan,9008,322.,2020-11-25,Refill Handsanitizer,Botol,67,44000,2948000
,,,,,,,,,,,Total:67,,Total:2.948.000
Kalimantan Selatan,Banjarbaru,PUSKESMAS SUNGAI ULIN,DINAS KESEHATAN,Umum,Obat-Obatan,540,323.,2020-07-29,Ringer laktat infus steril,Botol,20,7630,152600
,,,,,,,,,,,Total:20,,Total:152.600
Kalimantan Selatan,Banjarbaru,PUSKESMAS SUNGAI ULIN,DINAS KESEHATAN,Umum,Obat-Obatan,16698,324.,2020-01-02,Ringerlaktat Larutan Infus Steril Harga 1,Botol,13,7150,92950
,,,,,,,,,,,Total:13,,Total:92.950
Kalimantan Selatan,Banjarbaru,PUSKESMAS SUNGAI ULIN,DINAS KESEHATAN,Umum,Obat-Obatan,19017,325.,2020-01-02,SAFETY BOK VAKSIN,Buah,21,28845,605745
Kalimantan Selatan,Banjarbaru,PUSKESMAS SUNGAI ULIN,DINAS KESEHATAN,Umum,Obat-Obatan,19017,326.,2020-09-02,SAFETY BOK VAKSIN,Buah,9,23902,215118
Kalimantan Selatan,Banjarbaru,PUSKESMAS SUNGAI ULIN,DINAS KESEHATAN,Umum,Obat-Obatan,19017,327.,2020-10-11,SAFETY BOK VAKSIN,Buah,26,16501,429026
,,,,,,,,,,,Total:56,,Total:1.249.889
Kalimantan Selatan,Banjarbaru,PUSKESMAS SUNGAI ULIN,DINAS KESEHATAN,Umum,Obat-Obatan,19009,328.,2020-07-29,SAKATONIK ABC,Botol,20,13682,273640
,,,,,,,,,,,Total:20,,Total:273.640
Kalimantan Selatan,Banjarbaru,PUSKESMAS SUNGAI ULIN,DINAS KESEHATAN,Umum,Obat-Obatan,18844,329.,2020-03-02,SALBUTAMOL TABLET 2 MG,Tablet,815,64,52160
,,,,,,,,,,,Total:815,,Total:52.160
Kalimantan Selatan,Banjarbaru,PUSKESMAS SUNGAI ULIN,DINAS KESEHATAN,Umum,Obat-Obatan,21002,330.,2020-03-02,SRQ (SELF RESPORTING QUISIONER),Buah,1,290000,290000
,,,,,,,,,,,Total:1,,Total:290.000
Kalimantan Selatan,Banjarbaru,PUSKESMAS SUNGAI ULIN,DINAS KESEHATAN,BLUD,Obat-Obatan,20442,331.,2020-10-23,STRIP Hemoglobin Family-DR,box,1,300000,300000
,,,,,,,,,,,Total:1,,Total:300.000
Kalimantan Selatan,Banjarbaru,PUSKESMAS SUNGAI ULIN,DINAS KESEHATAN,Umum,Obat-Obatan,16787,332.,2020-01-02,Safety Bok,pcs,200,18073,3614600
,,,,,,,,,,,Total:200,,Total:3.614.600
Kalimantan Selatan,Banjarbaru,PUSKESMAS SUNGAI ULIN,DINAS KESEHATAN,Umum,Obat-Obatan,3303,333.,2020-03-02,Safety Box Obat,Buah,1,32000,32000
,,,,,,,,,,,Total:1,,Total:32.000
Kalimantan Selatan,Banjarbaru,PUSKESMAS SUNGAI ULIN,DINAS KESEHATAN,Umum,Obat-Obatan,16701,334.,2020-01-02,Salbutamol Tablet 2 Mg,Tablet,212,69,14628
,,,,,,,,,,,Total:212,,Total:14.628
Kalimantan Selatan,Banjarbaru,PUSKESMAS SUNGAI ULIN,DINAS KESEHATAN,Umum,Obat-Obatan,615,335.,2020-01-02,Salep 2-4,Pot,24,2797,67128
,,,,,,,,,,,Total:24,,Total:67.128
Kalimantan Selatan,Banjarbaru,PUSKESMAS SUNGAI ULIN,DINAS KESEHATAN,BLUD,Obat-Obatan,16753,336.,2020-10-23,Sarung Tangan (non steril),pcs,1,132000,132000
,,,,,,,,,,,Total:1,,Total:132.000
Kalimantan Selatan,Banjarbaru,PUSKESMAS SUNGAI ULIN,DINAS KESEHATAN,Umum,Obat-Obatan,16753,337.,2020-06-01,Sarung Tangan (non steril),pcs,2300,670,1541000
,,,,,,,,,,,Total:2.301,,Total:1.673.000
Kalimantan Selatan,Banjarbaru,PUSKESMAS SUNGAI ULIN,DINAS KESEHATAN,Umum,Obat-Obatan,19212,338.,2020-06-01,Sarung Tangan Steril,pcs,45,8032,361440
Kalimantan Selatan,Banjarbaru,PUSKESMAS SUNGAI ULIN,DINAS KESEHATAN,Umum,Obat-Obatan,19212,339.,2020-07-29,Sarung Tangan Steril,pcs,200,8032,1606400
,,,,,,,,,,,Total:245,,Total:1.967.840
Kalimantan Selatan,Banjarbaru,PUSKESMAS SUNGAI ULIN,DINAS KESEHATAN,Umum,Obat-Obatan,20362,340.,2020-11-25,Sarung tangan non steril hrg2,pcs,4,165000,660000
,,,,,,,,,,,Total:4,,Total:660.000
Kalimantan Selatan,Banjarbaru,PUSKESMAS SUNGAI ULIN,DINAS KESEHATAN,Umum,Obat-Obatan,19054,341.,2020-06-01,Scabisid cream/scabimide,Tube,92,11825,1087900
,,,,,,,,,,,Total:92,,Total:1.087.900
Kalimantan Selatan,Banjarbaru,PUSKESMAS SUNGAI ULIN,DINAS KESEHATAN,Umum,Obat-Obatan,19058,342.,2020-01-02,Silk (Benang Sutra) No.3/D,pcs,12,20685,248220
,,,,,,,,,,,Total:12,,Total:248.220
Kalimantan Selatan,Banjarbaru,PUSKESMAS SUNGAI ULIN,DINAS KESEHATAN,Umum,Obat-Obatan,16705,343.,2020-03-02,Simvastatin 10 mg harga 1,Tablet,750,110,82500
,,,,,,,,,,,Total:750,,Total:82.500
Kalimantan Selatan,Banjarbaru,PUSKESMAS SUNGAI ULIN,DINAS KESEHATAN,Umum,Obat-Obatan,16706,344.,2020-01-02,Simvastatin 10 mg harga 2,Tablet,5320,135,718200
,,,,,,,,,,,Total:5.320,,Total:718.200
Kalimantan Selatan,Banjarbaru,PUSKESMAS SUNGAI ULIN,DINAS KESEHATAN,Umum,Obat-Obatan,16707,345.,2020-10-20,Simvastatin 20 mg harga 1,Tablet,620,237,146940
,,,,,,,,,,,Total:620,,Total:146.940
Kalimantan Selatan,Banjarbaru,PUSKESMAS SUNGAI ULIN,DINAS KESEHATAN,Umum,Obat-Obatan,16710,346.,2020-01-02,Stesolid Rectal Harga 1,Tube,2,12751,25502
,,,,,,,,,,,Total:2,,Total:25.502
Kalimantan Selatan,Banjarbaru,PUSKESMAS SUNGAI ULIN,DINAS KESEHATAN,Umum,Obat-Obatan,16711,347.,2020-06-01,Stesolid Rectal Harga 2,Tube,3,14459,43377
,,,,,,,,,,,Total:3,,Total:43.377
Kalimantan Selatan,Banjarbaru,PUSKESMAS SUNGAI ULIN,DINAS KESEHATAN,Umum,Obat-Obatan,16756,348.,2020-01-02,Surflo 22 G x 1,pcs,2,8355,16710
Kalimantan Selatan,Banjarbaru,PUSKESMAS SUNGAI ULIN,DINAS KESEHATAN,Umum,Obat-Obatan,16756,349.,2020-03-02,Surflo 22 G x 1,pcs,5,8355,41775
,,,,,,,,,,,Total:7,,Total:58.485
Kalimantan Selatan,Banjarbaru,PUSKESMAS SUNGAI ULIN,DINAS KESEHATAN,Umum,Obat-Obatan,16757,350.,2020-01-02,Surflo No.24 G,pcs,2,8355,16710
Kalimantan Selatan,Banjarbaru,PUSKESMAS SUNGAI ULIN,DINAS KESEHATAN,Umum,Obat-Obatan,16757,351.,2020-03-02,Surflo No.24 G,pcs,5,8355,41775
,,,,,,,,,,,Total:7,,Total:58.485
Kalimantan Selatan,Banjarbaru,PUSKESMAS SUNGAI ULIN,DINAS KESEHATAN,Umum,Obat-Obatan,20997,352.,2020-03-02,TALI PENGUKUR,Buah,1,28000,28000
,,,,,,,,,,,Total:1,,Total:28.000
Kalimantan Selatan,Banjarbaru,PUSKESMAS SUNGAI ULIN,DINAS KESEHATAN,Umum,Obat-Obatan,21000,353.,2020-03-02,TAS KEMASAN,Buah,1,59000,59000
,,,,,,,,,,,Total:1,,Total:59.000
Kalimantan Selatan,Banjarbaru,PUSKESMAS SUNGAI ULIN,DINAS KESEHATAN,Umum,Obat-Obatan,21001,354.,2020-03-02,TAS POSBINDU PTM,Buah,1,159000,159000
,,,,,,,,,,,Total:1,,Total:159.000
Kalimantan Selatan,Banjarbaru,PUSKESMAS SUNGAI ULIN,DINAS KESEHATAN,Umum,Obat-Obatan,16714,355.,2020-01-02,Tablet Tambah Darah Kombinasi,Tablet,92,12289,1130588
Kalimantan Selatan,Banjarbaru,PUSKESMAS SUNGAI ULIN,DINAS KESEHATAN,Umum,Obat-Obatan,16714,356.,2020-01-02,Tablet Tambah Darah Kombinasi,Tablet,52,12288,638976
,,,,,,,,,,,Total:144,,Total:1.769.564
Kalimantan Selatan,Banjarbaru,PUSKESMAS SUNGAI ULIN,DINAS KESEHATAN,BLUD,Obat-Obatan,19644,357.,2020-12-21,Tabung EDTA K3 2Ml,box,1,155000,155000
,,,,,,,,,,,Total:1,,Total:155.000
Kalimantan Selatan,Banjarbaru,PUSKESMAS SUNGAI ULIN,DINAS KESEHATAN,Umum,Obat-Obatan,501,358.,2020-10-20,Thiamin (Vitamin B1) tab 50 mg,Tablet,2680,88,235840
,,,,,,,,,,,Total:2.680,,Total:235.840
Kalimantan Selatan,Banjarbaru,PUSKESMAS SUNGAI ULIN,DINAS KESEHATAN,Umum,Obat-Obatan,16715,359.,2020-10-20,Triheksifenidil Hidroklorida Tablet 2 mg,Tablet,410,101,41410
,,,,,,,,,,,Total:410,,Total:41.410
Kalimantan Selatan,Banjarbaru,PUSKESMAS SUNGAI ULIN,DINAS KESEHATAN,Umum,Obat-Obatan,16716,360.,2020-06-01,Truvit,Botol,37,12540,463980
Kalimantan Selatan,Banjarbaru,PUSKESMAS SUNGAI ULIN,DINAS KESEHATAN,Umum,Obat-Obatan,16716,361.,2020-10-20,Truvit,Botol,120,12540,1504800
,,,,,,,,,,,Total:157,,Total:1.968.780
Kalimantan Selatan,Banjarbaru,PUSKESMAS SUNGAI ULIN,DINAS KESEHATAN,Umum,Obat-Obatan,16758,362.,2020-01-02,Urine Bag Harga 1,pcs,9,3840,34560
,,,,,,,,,,,Total:9,,Total:34.560
Kalimantan Selatan,Banjarbaru,PUSKESMAS SUNGAI ULIN,DINAS KESEHATAN,Umum,Obat-Obatan,19208,363.,2020-10-20,VIT B12 (Sianocobalamin ) Tab,Tablet,2630,52,136760
,,,,,,,,,,,Total:2.630,,Total:136.760
Kalimantan Selatan,Banjarbaru,PUSKESMAS SUNGAI ULIN,DINAS KESEHATAN,Umum,Obat-Obatan,19609,364.,2020-07-29,VITALEX,Tablet,2890,440,1271600
,,,,,,,,,,,Total:2.890,,Total:1.271.600
Kalimantan Selatan,Banjarbaru,PUSKESMAS SUNGAI ULIN,DINAS KESEHATAN,Umum,Obat-Obatan,7027,365.,2020-11-09,VITAMIN C,Buah,650,198,128700
,,,,,,,,,,,Total:650,,Total:128.700
Kalimantan Selatan,Banjarbaru,PUSKESMAS SUNGAI ULIN,DINAS KESEHATAN,Umum,Obat-Obatan,17104,366.,2020-10-11,Vaksin DT,Vial,35,17450,610750
,,,,,,,,,,,Total:35,,Total:610.750
Kalimantan Selatan,Banjarbaru,PUSKESMAS SUNGAI ULIN,DINAS KESEHATAN,Umum,Obat-Obatan,17107,367.,2020-10-11,Vaksin IPV,Vial,27,144540,3902580
,,,,,,,,,,,Total:27,,Total:3.902.580
Kalimantan Selatan,Banjarbaru,PUSKESMAS SUNGAI ULIN,DINAS KESEHATAN,Umum,Obat-Obatan,17106,368.,2020-10-11,Vaksin MR,Vial,22,166265,3657830
,,,,,,,,,,,Total:22,,Total:3.657.830
Kalimantan Selatan,Banjarbaru,PUSKESMAS SUNGAI ULIN,DINAS KESEHATAN,Umum,Obat-Obatan,17101,369.,2020-10-11,Vaksin Polio 10 dosis,Vial,21,21285,446985
,,,,,,,,,,,Total:21,,Total:446.985
Kalimantan Selatan,Banjarbaru,PUSKESMAS SUNGAI ULIN,DINAS KESEHATAN,Umum,Obat-Obatan,17105,370.,2020-10-11,Vaksin TD,Vial,28,18128,507584
,,,,,,,,,,,Total:28,,Total:507.584
Kalimantan Selatan,Banjarbaru,PUSKESMAS SUNGAI ULIN,DINAS KESEHATAN,Umum,Obat-Obatan,21591,371.,2020-04-15,Vaksin influenza,Vial,2,167460,334920
,,,,,,,,,,,Total:2,,Total:334.920
Kalimantan Selatan,Banjarbaru,PUSKESMAS SUNGAI ULIN,DINAS KESEHATAN,Umum,Obat-Obatan,16839,372.,2020-10-20,Vitamin B Komplek,Tablet,2420,135,326700
,,,,,,,,,,,Total:2.420,,Total:326.700
Kalimantan Selatan,Banjarbaru,PUSKESMAS SUNGAI ULIN,DINAS KESEHATAN,BLUD,Obat-Obatan,16879,373.,2020-10-23,Yellow Tip,kotak,3,165000,495000
,,,,,,,,,,,Total:3,,Total:495.000
Kalimantan Selatan,Banjarbaru,PUSKESMAS SUNGAI ULIN,DINAS KESEHATAN,Umum,Obat-Obatan,1258,374.,2020-01-02,Yodium Povidon,Botol,6,23490,140940
Kalimantan Selatan,Banjarbaru,PUSKESMAS SUNGAI ULIN,DINAS KESEHATAN,Umum,Obat-Obatan,1258,375.,2020-01-02,Yodium Povidon,Botol,1,21600,21600
,,,,,,,,,,,Total:7,,Total:162.540
Kalimantan Selatan,Banjarbaru,PUSKESMAS SUNGAI ULIN,DINAS KESEHATAN,Umum,Obat-Obatan,16720,376.,2020-01-02,Yodium Povidon Larutan 10 % 30 ml,Botol,18,3480,62640
,,,,,,,,,,,Total:18,,Total:62.640
Kalimantan Selatan,Banjarbaru,PUSKESMAS SUNGAI ULIN,DINAS KESEHATAN,Umum,Obat-Obatan,16721,377.,2020-01-02,Yodium Povidon Larutan 10 % 300 ml,Botol,2,21600,43200
,,,,,,,,,,,Total:2,,Total:43.200
Kalimantan Selatan,Banjarbaru,PUSKESMAS SUNGAI ULIN,DINAS KESEHATAN,Umum,Obat-Obatan,18836,378.,2020-01-02,ZINC SULFATE 20 MG,Tablet,350,592,207200
,,,,,,,,,,,Total:350,,Total:207.200
Kalimantan Selatan,Banjarbaru,PUSKESMAS SUNGAI ULIN,DINAS KESEHATAN,Umum,Obat-Obatan,18393,379.,2020-06-01,ZINCI TABLET 20 MG,Tablet,10,604,6040
Kalimantan Selatan,Banjarbaru,PUSKESMAS SUNGAI ULIN,DINAS KESEHATAN,Umum,Obat-Obatan,18393,380.,2020-10-20,ZINCI TABLET 20 MG,Tablet,500,604,302000
,,,,,,,,,,,Total:510,,Total:308.040
Kalimantan Selatan,Banjarbaru,PUSKESMAS SUNGAI ULIN,DINAS KESEHATAN,Umum,Obat-Obatan,676,381.,2020-06-01,Zinc syr 20 mg/5ml,Botol,30,3285,98550
Kalimantan Selatan,Banjarbaru,PUSKESMAS SUNGAI ULIN,DINAS KESEHATAN,Umum,Obat-Obatan,676,382.,2020-10-20,Zinc syr 20 mg/5ml,Botol,50,3285,164250
,,,,,,,,,,,Total:80,,Total:262.800
Kalimantan Selatan,Banjarbaru,PUSKESMAS SUNGAI ULIN,DINAS KESEHATAN,Hibah Pihak Ketiga (Covid19),Obat-Obatan,16261,383.,2020-04-18,alkohol,Botol,3,75000,225000
,,,,,,,,,,,Total:3,,Total:225.000
Kalimantan Selatan,Banjarbaru,PUSKESMAS SUNGAI ULIN,DINAS KESEHATAN,Umum,Obat-Obatan,18971,384.,2020-01-02,bioplacenton,Tube,20,11880,237600
,,,,,,,,,,,Total:20,,Total:237.600
Kalimantan Selatan,Banjarbaru,PUSKESMAS SUNGAI ULIN,DINAS KESEHATAN,Umum,Obat-Obatan,10598,385.,2020-01-02,dextrofen syrup,Botol,11,8047,88517
,,,,,,,,,,,Total:11,,Total:88.517
Kalimantan Selatan,Banjarbaru,PUSKESMAS SUNGAI ULIN,DINAS KESEHATAN,Umum,Obat-Obatan,10450,386.,2020-03-02,gentamisin salep mata,Tube,48,3075,147600
,,,,,,,,,,,Total:48,,Total:147.600
Kalimantan Selatan,Banjarbaru,PUSKESMAS SUNGAI ULIN,DINAS KESEHATAN,Umum,Obat-Obatan,15992,387.,2020-06-01,masker N95,box,120,21000,2520000
,,,,,,,,,,,Total:120,,Total:2.520.000
Kalimantan Selatan,Banjarbaru,PUSKESMAS SUNGAI ULIN,DINAS KESEHATAN,Umum,Obat-Obatan,15991,388.,2020-11-25,masker jilbab,box,37,77000,2849000
,,,,,,,,,,,Total:37,,Total:2.849.000
Kalimantan Selatan,Banjarbaru,PUSKESMAS SUNGAI ULIN,DINAS KESEHATAN,Umum,Obat-Obatan,19992,389.,2020-03-09,pot sputum,Buah,40,5890,235600
Kalimantan Selatan,Banjarbaru,PUSKESMAS SUNGAI ULIN,DINAS KESEHATAN,Umum,Obat-Obatan,19992,390.,2020-10-05,pot sputum,Buah,80,5890,471200
,,,,,,,,,,,Total:120,,Total:706.800
Kalimantan Selatan,Banjarbaru,PUSKESMAS SUNGAI ULIN,DINAS KESEHATAN,Umum,Obat-Obatan,8128,391.,2020-01-02,pyrantel pamoat 125 mg,Tablet,200,1485,297000
,,,,,,,,,,,Total:200,,Total:297.000
Kalimantan Selatan,Banjarbaru,PUSKESMAS SUNGAI ULIN,DINAS KESEHATAN,Umum,Obat-Obatan,22052,392.,2020-08-24,resperidon,Tablet,145,287,41615
,,,,,,,,,,,Total:145,,Total:41.615
Kalimantan Selatan,Banjarbaru,PUSKESMAS SUNGAI ULIN,DINAS KESEHATAN,Umum,Obat-Obatan,22051,393.,2020-08-24,trihexypenedil,Tablet,230,693,159390
,,,,,,,,,,,Total:230,,Total:159.390
Kalimantan Selatan,Banjarbaru,PUSKESMAS SUNGAI ULIN,DINAS KESEHATAN,Umum,Perlengkapan Kesehatan,13849,394.,2020-01-02,AMBU BAG,Buah,1,601000,601000
,,,,,,,,,,,Total:1,,Total:601.000
Kalimantan Selatan,Banjarbaru,PUSKESMAS SUNGAI ULIN,DINAS KESEHATAN,Umum,Perlengkapan Kesehatan,5615,395.,2020-05-27,APD Faceshield,pcs,5,60500,302500
,,,,,,,,,,,Total:5,,Total:302.500
Kalimantan Selatan,Banjarbaru,PUSKESMAS SUNGAI ULIN,DINAS KESEHATAN,Hibah Pihak Ketiga (Covid19),Perlengkapan Kesehatan,10795,396.,2020-05-12,Baju Hazmat,Buah,18,100000,1800000
,,,,,,,,,,,Total:18,,Total:1.800.000
Kalimantan Selatan,Banjarbaru,PUSKESMAS SUNGAI ULIN,DINAS KESEHATAN,Umum,Perlengkapan Kesehatan,9522,397.,2020-09-08,Baju Pelindung Diri APD,pcs,80,14946,1195680
,,,,,,,,,,,Total:80,,Total:1.195.680
Kalimantan Selatan,Banjarbaru,PUSKESMAS SUNGAI ULIN,DINAS KESEHATAN,Umum,Perlengkapan Kesehatan,21872,398.,2020-09-08,DISINFEKTAN,liter,22,50600,1113200
,,,,,,,,,,,Total:22,,Total:1.113.200
Kalimantan Selatan,Banjarbaru,PUSKESMAS SUNGAI ULIN,DINAS KESEHATAN,Umum,Perlengkapan Kesehatan,22697,399.,2020-12-22,DUK BOLONG,Buah,1,71500,71500
,,,,,,,,,,,Total:1,,Total:71.500
Kalimantan Selatan,Banjarbaru,PUSKESMAS SUNGAI ULIN,DINAS KESEHATAN,Hibah Pihak Ketiga (Covid19),Perlengkapan Kesehatan,22017,400.,2020-04-18,Faceshield pelindung wajah,pcs,7,60500,423500
Kalimantan Selatan,Banjarbaru,PUSKESMAS SUNGAI ULIN,DINAS KESEHATAN,Hibah Pihak Ketiga (Covid19),Perlengkapan Kesehatan,22017,401.,2020-05-04,Faceshield pelindung wajah,pcs,3,60500,181500
,,,,,,,,,,,Total:10,,Total:605.000
Kalimantan Selatan,Banjarbaru,PUSKESMAS SUNGAI ULIN,DINAS KESEHATAN,Umum,Perlengkapan Kesehatan,6265,402.,2020-05-27,Goggle,pcs,5,31900,159500
,,,,,,,,,,,Total:5,,Total:159.500
Kalimantan Selatan,Banjarbaru,PUSKESMAS SUNGAI ULIN,DINAS KESEHATAN,Umum,Perlengkapan Kesehatan,21870,403.,2020-05-27,HAZMAT/APD,Buah,35,150000,5250000
,,,,,,,,,,,Total:35,,Total:5.250.000
Kalimantan Selatan,Banjarbaru,PUSKESMAS SUNGAI ULIN,DINAS KESEHATAN,Umum,Perlengkapan Kesehatan,5021,404.,2020-05-27,Handscound,kotak,1,650000,650000
,,,,,,,,,,,Total:1,,Total:650.000
Kalimantan Selatan,Banjarbaru,PUSKESMAS SUNGAI ULIN,DINAS KESEHATAN,Umum,Perlengkapan Kesehatan,9529,405.,2020-01-02,Ice bag,Buah,2,35000,70000
,,,,,,,,,,,Total:2,,Total:70.000
Kalimantan Selatan,Banjarbaru,PUSKESMAS SUNGAI ULIN,DINAS KESEHATAN,Hibah Pihak Ketiga (Covid19),Perlengkapan Kesehatan,9165,406.,2020-05-06,Kacamata Goggle Clear,Buah,1,31500,31500
,,,,,,,,,,,Total:1,,Total:31.500
Kalimantan Selatan,Banjarbaru,PUSKESMAS SUNGAI ULIN,DINAS KESEHATAN,Umum,Perlengkapan Kesehatan,22152,407.,2020-11-16,MASKER (LEMBAR),lembar,200,5500,1100000
,,,,,,,,,,,Total:200,,Total:1.100.000
Kalimantan Selatan,Banjarbaru,PUSKESMAS SUNGAI ULIN,DINAS KESEHATAN,Hibah Pihak Ketiga (Covid19),Perlengkapan Kesehatan,22152,408.,2020-05-04,MASKER (LEMBAR),lembar,100,7000,700000
,,,,,,,,,,,Total:300,,Total:1.800.000
Kalimantan Selatan,Banjarbaru,PUSKESMAS SUNGAI ULIN,DINAS KESEHATAN,Umum,Perlengkapan Kesehatan,19775,409.,2020-12-22,MIKROTOA,Buah,1,99000,99000
,,,,,,,,,,,Total:1,,Total:99.000
Kalimantan Selatan,Banjarbaru,PUSKESMAS SUNGAI ULIN,DINAS KESEHATAN,Umum,Perlengkapan Kesehatan,20816,410.,2020-12-02,MOUTHPIECE PEAK FLOW FOR PULM SERENITY,pcs,100,11813,1181300
,,,,,,,,,,,Total:100,,Total:1.181.300
Kalimantan Selatan,Banjarbaru,PUSKESMAS SUNGAI ULIN,DINAS KESEHATAN,Hibah Pihak Ketiga (Covid19),Perlengkapan Kesehatan,1206,411.,2020-05-20,Masker Kain,lembar,10,10000,100000
,,,,,,,,,,,Total:10,,Total:100.000
Kalimantan Selatan,Banjarbaru,PUSKESMAS SUNGAI ULIN,DINAS KESEHATAN,Umum,Perlengkapan Kesehatan,1206,412.,2020-05-27,Masker Kain,lembar,20,10000,200000
,,,,,,,,,,,Total:30,,Total:300.000
Kalimantan Selatan,Banjarbaru,PUSKESMAS SUNGAI ULIN,DINAS KESEHATAN,Umum,Perlengkapan Kesehatan,7426,413.,2020-05-11,Nurse Cap,pcs,30,550,16500
,,,,,,,,,,,Total:30,,Total:16.500
Kalimantan Selatan,Banjarbaru,PUSKESMAS SUNGAI ULIN,DINAS KESEHATAN,Umum,Perlengkapan Kesehatan,19776,414.,2020-12-22,PANJANG BADAN BAYI,Buah,1,187000,187000
,,,,,,,,,,,Total:1,,Total:187.000
Kalimantan Selatan,Banjarbaru,PUSKESMAS SUNGAI ULIN,DINAS KESEHATAN,Umum,Perlengkapan Kesehatan,19778,415.,2020-01-02,PITA LILA UKUR,Buah,7,25000,175000
,,,,,,,,,,,Total:7,,Total:175.000
Kalimantan Selatan,Banjarbaru,PUSKESMAS SUNGAI ULIN,DINAS KESEHATAN,Umum,Perlengkapan Kesehatan,6973,416.,2020-05-11,SHOE COVER,pcs,50,924,46200
,,,,,,,,,,,Total:50,,Total:46.200
Kalimantan Selatan,Banjarbaru,PUSKESMAS SUNGAI ULIN,DINAS KESEHATAN,Umum,Perlengkapan Kesehatan,10348,417.,2020-12-02,Sarung Tangan Non Steril,box,5,201632,1008160
,,,,,,,,,,,Total:5,,Total:1.008.160
Kalimantan Selatan,Banjarbaru,PUSKESMAS SUNGAI ULIN,DINAS KESEHATAN,Umum,Perlengkapan Kesehatan,4391,418.,2020-12-22,Torniquet,pcs,1,49500,49500
,,,,,,,,,,,Total:1,,Total:49.500
Kalimantan Selatan,Banjarbaru,PUSKESMAS SUNGAI ULIN,DINAS KESEHATAN,Umum,Cetak,21159,419.,2020-01-02,BUKU STATUS PROLANIS,Buah,5,30000,150000
,,,,,,,,,,,Total:5,,Total:150.000
Kalimantan Selatan,Banjarbaru,PUSKESMAS SUNGAI ULIN,DINAS KESEHATAN,Umum,Cetak,13843,420.,2020-01-02,BUKU SUPERVISI FASILITATIF,Buah,5,50000,250000
,,,,,,,,,,,Total:5,,Total:250.000
Kalimantan Selatan,Banjarbaru,PUSKESMAS SUNGAI ULIN,DINAS KESEHATAN,Umum,Cetak,1893,421.,2020-12-14,Brosur,Buah,30,10000,300000
,,,,,,,,,,,Total:30,,Total:300.000
Kalimantan Selatan,Banjarbaru,PUSKESMAS SUNGAI ULIN,DINAS KESEHATAN,Umum,Cetak,19074,422.,2020-01-02,CETAK BUKA REGISTER IMUNISASI BLN JULI,Buah,8,140000,1120000
,,,,,,,,,,,Total:8,,Total:1.120.000
Kalimantan Selatan,Banjarbaru,PUSKESMAS SUNGAI ULIN,DINAS KESEHATAN,Umum,Cetak,19858,423.,2020-03-03,CETAK BUKU MONITORING PTM,Buah,15,12500,187500
,,,,,,,,,,,Total:15,,Total:187.500
Kalimantan Selatan,Banjarbaru,PUSKESMAS SUNGAI ULIN,DINAS KESEHATAN,Umum,Cetak,19846,424.,2020-01-02,CETAK BUKU PEDOMAN DDTK,Buah,1,15000,15000
,,,,,,,,,,,Total:1,,Total:15.000
Kalimantan Selatan,Banjarbaru,PUSKESMAS SUNGAI ULIN,DINAS KESEHATAN,Umum,Cetak,19857,425.,2020-03-03,CETAK BUKU REGISTER POSBINDU,Buah,3,35000,105000
,,,,,,,,,,,Total:3,,Total:105.000
Kalimantan Selatan,Banjarbaru,PUSKESMAS SUNGAI ULIN,DINAS KESEHATAN,Umum,Cetak,19072,426.,2020-01-02,CETAK BUKU REGISTER Td WUS,Buah,2,150000,300000
,,,,,,,,,,,Total:2,,Total:300.000
Kalimantan Selatan,Banjarbaru,PUSKESMAS SUNGAI ULIN,DINAS KESEHATAN,Umum,Cetak,15684,427.,2020-01-02,CETAK CD BERHAJI SEHAT,Buah,15,30000,450000
,,,,,,,,,,,Total:15,,Total:450.000
Kalimantan Selatan,Banjarbaru,PUSKESMAS SUNGAI ULIN,DINAS KESEHATAN,Umum,Cetak,13813,428.,2020-04-13,CETAK FORM ETIKET OBAT,Pak,2,25000,50000
,,,,,,,,,,,Total:2,,Total:50.000
Kalimantan Selatan,Banjarbaru,PUSKESMAS SUNGAI ULIN,DINAS KESEHATAN,Umum,Cetak,19847,429.,2020-01-02,CETAK FORM PENJARINGAN,Buah,2,200000,400000
,,,,,,,,,,,Total:2,,Total:400.000
Kalimantan Selatan,Banjarbaru,PUSKESMAS SUNGAI ULIN,DINAS KESEHATAN,Umum,Cetak,19073,430.,2020-03-03,CETAK KARTU REGISTER Td WUS,lembar,125,7500,937500
,,,,,,,,,,,Total:125,,Total:937.500
Kalimantan Selatan,Banjarbaru,PUSKESMAS SUNGAI ULIN,DINAS KESEHATAN,Umum,Cetak,13812,431.,2020-03-06,CETAK KARTU RESEP,Pak,1,35000,35000
,,,,,,,,,,,Total:1,,Total:35.000
Kalimantan Selatan,Banjarbaru,PUSKESMAS SUNGAI ULIN,DINAS KESEHATAN,Umum,Cetak,15683,432.,2020-01-02,CETAK LEAFLET BERHAJI SEHAT,lembar,15,8500,127500
,,,,,,,,,,,Total:15,,Total:127.500
Kalimantan Selatan,Banjarbaru,PUSKESMAS SUNGAI ULIN,DINAS KESEHATAN,Umum,Cetak,20845,433.,2020-11-03,CETAK LEMBAR BALIK HIV,lembar,1,150000,150000
,,,,,,,,,,,Total:1,,Total:150.000
Kalimantan Selatan,Banjarbaru,PUSKESMAS SUNGAI ULIN,DINAS KESEHATAN,Umum,Cetak,14960,434.,2020-12-14,CETAK MAP PREMIUM,Pak,3,75000,225000
Kalimantan Selatan,Banjarbaru,PUSKESMAS SUNGAI ULIN,DINAS KESEHATAN,Umum,Cetak,14960,435.,2020-12-22,CETAK MAP PREMIUM,Pak,4,75000,300000
,,,,,,,,,,,Total:7,,Total:525.000
Kalimantan Selatan,Banjarbaru,PUSKESMAS SUNGAI ULIN,DINAS KESEHATAN,Umum,Cetak,21604,436.,2020-11-03,CETAK POSTER PROGRAM HIV,Buah,5,28000,140000
,,,,,,,,,,,Total:5,,Total:140.000
Kalimantan Selatan,Banjarbaru,PUSKESMAS SUNGAI ULIN,DINAS KESEHATAN,Umum,Cetak,1511,437.,2020-11-03,"Cetak Buku Form, Autopsi Maternal dan Perinatal",Buah,6,200000,1200000
,,,,,,,,,,,Total:6,,Total:1.200.000
Kalimantan Selatan,Banjarbaru,PUSKESMAS SUNGAI ULIN,DINAS KESEHATAN,Umum,Cetak,5043,438.,2020-11-03,Cetak Buku Kesehatan Lansia,Buah,19,50000,950000
,,,,,,,,,,,Total:19,,Total:950.000
Kalimantan Selatan,Banjarbaru,PUSKESMAS SUNGAI ULIN,DINAS KESEHATAN,BLUD,Cetak,1022,439.,2020-12-21,Cetak Family Folder,lembar,300,8000,2400000
,,,,,,,,,,,Total:300,,Total:2.400.000
Kalimantan Selatan,Banjarbaru,PUSKESMAS SUNGAI ULIN,DINAS KESEHATAN,Umum,Cetak,5820,440.,2020-07-20,Cetak Formulir (DDTK) dan Formulir (KPSP),Rim,6,50000,300000
,,,,,,,,,,,Total:6,,Total:300.000
Kalimantan Selatan,Banjarbaru,PUSKESMAS SUNGAI ULIN,DINAS KESEHATAN,Umum,Cetak,8976,441.,2020-05-11,Cetak Jilid Rapor Penilaian Mandiri Kesling Depot Air Minum,Buah,5,45000,225000
,,,,,,,,,,,Total:5,,Total:225.000
Kalimantan Selatan,Banjarbaru,PUSKESMAS SUNGAI ULIN,DINAS KESEHATAN,Umum,Cetak,8970,442.,2020-05-11,Cetak Jilid Rapor TPM,Buah,10,45000,450000
,,,,,,,,,,,Total:10,,Total:450.000
Kalimantan Selatan,Banjarbaru,PUSKESMAS SUNGAI ULIN,DINAS KESEHATAN,BLUD,Cetak,1945,443.,2020-04-17,Cetak Kwitansi,Rim,1,120000,120000
,,,,,,,,,,,Total:1,,Total:120.000
Kalimantan Selatan,Banjarbaru,PUSKESMAS SUNGAI ULIN,DINAS KESEHATAN,Umum,Cetak,11430,444.,2020-11-03,"Cetak Register Kohort Ibu, Bayi, Balita, Apras dan KB",Buah,27,35000,945000
,,,,,,,,,,,Total:27,,Total:945.000
Kalimantan Selatan,Banjarbaru,PUSKESMAS SUNGAI ULIN,DINAS KESEHATAN,Umum,Cetak,11902,445.,2020-11-03,Cetak Stiker Girij,lembar,1000,2450,2450000
,,,,,,,,,,,Total:1.000,,Total:2.450.000
Kalimantan Selatan,Banjarbaru,PUSKESMAS SUNGAI ULIN,DINAS KESEHATAN,BLUD,Cetak,15858,446.,2020-12-21,Cetak blanko,Rim,5,175000,875000
,,,,,,,,,,,Total:5,,Total:875.000
Kalimantan Selatan,Banjarbaru,PUSKESMAS SUNGAI ULIN,DINAS KESEHATAN,Umum,Cetak,21752,447.,2020-11-16,FORM SCREENING COVID 19,Pak,2,25000,50000
,,,,,,,,,,,Total:2,,Total:50.000
Kalimantan Selatan,Banjarbaru,PUSKESMAS SUNGAI ULIN,DINAS KESEHATAN,Umum,Cetak,2958,448.,2020-01-02,Family Folder,lembar,20,6000,120000
,,,,,,,,,,,Total:20,,Total:120.000
Kalimantan Selatan,Banjarbaru,PUSKESMAS SUNGAI ULIN,DINAS KESEHATAN,BLUD,Cetak,13635,449.,2020-10-23,Formulir,Rim,4,175000,700000
,,,,,,,,,,,Total:4,,Total:700.000
Kalimantan Selatan,Banjarbaru,PUSKESMAS SUNGAI ULIN,DINAS KESEHATAN,Umum,Cetak,13810,450.,2020-01-02,KARTU GOLONGAN DARAH,Pak,1,25000,25000
,,,,,,,,,,,Total:1,,Total:25.000
Kalimantan Selatan,Banjarbaru,PUSKESMAS SUNGAI ULIN,DINAS KESEHATAN,Umum,Cetak,13866,451.,2020-01-02,KARTU ORI IMUNISASI,lembar,250,1150,287500
,,,,,,,,,,,Total:250,,Total:287.500
Kalimantan Selatan,Banjarbaru,PUSKESMAS SUNGAI ULIN,DINAS KESEHATAN,Umum,Cetak,1046,452.,2020-01-02,Kartu Berobat,lembar,20,2500,50000
,,,,,,,,,,,Total:20,,Total:50.000
Kalimantan Selatan,Banjarbaru,PUSKESMAS SUNGAI ULIN,DINAS KESEHATAN,BLUD,Cetak,1046,453.,2020-12-21,Kartu Berobat,lembar,300,2500,750000
,,,,,,,,,,,Total:320,,Total:800.000
Kalimantan Selatan,Banjarbaru,PUSKESMAS SUNGAI ULIN,DINAS KESEHATAN,Umum,Cetak,22065,454.,2020-07-20,Kartu Ibu,Paket,15,25000,375000
,,,,,,,,,,,Total:15,,Total:375.000
Kalimantan Selatan,Banjarbaru,PUSKESMAS SUNGAI ULIN,DINAS KESEHATAN,Umum,Cetak,2979,455.,2020-05-11,Kartu TT,lembar,53,5000,265000
,,,,,,,,,,,Total:53,,Total:265.000
Kalimantan Selatan,Banjarbaru,PUSKESMAS SUNGAI ULIN,DINAS KESEHATAN,Umum,Cetak,14896,456.,2020-01-02,Kartu skrining indeks neonatal hipotiroid,lembar,137,10000,1370000
,,,,,,,,,,,Total:137,,Total:1.370.000
Kalimantan Selatan,Banjarbaru,PUSKESMAS SUNGAI ULIN,DINAS KESEHATAN,Umum,Cetak,20122,457.,2020-11-03,LEAFLET DBD,lembar,70,4500,315000
,,,,,,,,,,,Total:70,,Total:315.000
Kalimantan Selatan,Banjarbaru,PUSKESMAS SUNGAI ULIN,DINAS KESEHATAN,Umum,Cetak,20123,458.,2020-11-03,LEAFLET KECACINGAN,lembar,70,4500,315000
,,,,,,,,,,,Total:70,,Total:315.000
Kalimantan Selatan,Banjarbaru,PUSKESMAS SUNGAI ULIN,DINAS KESEHATAN,Umum,Cetak,14581,459.,2020-03-06,LEMBAR REKAM MEDIS PASIEN,Rim,2,25000,50000
,,,,,,,,,,,Total:2,,Total:50.000
Kalimantan Selatan,Banjarbaru,PUSKESMAS SUNGAI ULIN,DINAS KESEHATAN,Umum,Cetak,2978,460.,2020-05-11,Sertifikat Imunisasi,lembar,180,3740,673200
,,,,,,,,,,,Total:180,,Total:673.200
Kalimantan Selatan,Banjarbaru,PUSKESMAS SUNGAI ULIN,DINAS KESEHATAN,BLUD,Cetak,2994,461.,2020-12-21,Status Pasien,Pak,25,25000,625000
,,,,,,,,,,,Total:25,,Total:625.000
Kalimantan Selatan,Banjarbaru,PUSKESMAS SUNGAI ULIN,DINAS KESEHATAN,Umum,Cetak,2994,462.,2020-10-21,Status Pasien,Pak,7,25000,175000
,,,,,,,,,,,Total:32,,Total:800.000
Kalimantan Selatan,Banjarbaru,PUSKESMAS SUNGAI ULIN,DINAS KESEHATAN,Umum,Cetak,1064,463.,2020-05-11,Stiker,lembar,450,1500,675000
,,,,,,,,,,,Total:450,,Total:675.000
Kalimantan Selatan,Banjarbaru,PUSKESMAS SUNGAI ULIN,DINAS KESEHATAN,Umum,Cetak,286,464.,2020-01-02,blanko,lembar,20,200,4000
,,,,,,,,,,,Total:20,,Total:4.000
Kalimantan Selatan,Banjarbaru,PUSKESMAS SUNGAI ULIN,DINAS KESEHATAN,Umum,Peralatan & Perlengkapan Rumah Tangga,10781,465.,2020-01-02,Animal Karet,Buah,1,150954,150954
,,,,,,,,,,,Total:1,,Total:150.954
Kalimantan Selatan,Banjarbaru,PUSKESMAS SUNGAI ULIN,DINAS KESEHATAN,Umum,Peralatan & Perlengkapan Rumah Tangga,19881,466.,2020-01-02,Bak Mandi Besar mainan,Buah,1,89455,89455
,,,,,,,,,,,Total:1,,Total:89.455
Kalimantan Selatan,Banjarbaru,PUSKESMAS SUNGAI ULIN,DINAS KESEHATAN,Umum,Peralatan & Perlengkapan Rumah Tangga,10309,467.,2020-01-02,Block 58 mainan anak,Buah,1,53114,53114
,,,,,,,,,,,Total:1,,Total:53.114
Kalimantan Selatan,Banjarbaru,PUSKESMAS SUNGAI ULIN,DINAS KESEHATAN,Umum,Peralatan & Perlengkapan Rumah Tangga,10256,468.,2020-01-02,Bola Mandi isi 100,Buah,1,95045,95045
,,,,,,,,,,,Total:1,,Total:95.045
Kalimantan Selatan,Banjarbaru,PUSKESMAS SUNGAI ULIN,DINAS KESEHATAN,Umum,Peralatan & Perlengkapan Rumah Tangga,9372,469.,2020-01-02,Boneka Figur,Buah,2,33545,67090
,,,,,,,,,,,Total:2,,Total:67.090
Kalimantan Selatan,Banjarbaru,PUSKESMAS SUNGAI ULIN,DINAS KESEHATAN,Umum,Peralatan & Perlengkapan Rumah Tangga,5717,470.,2020-01-02,Boneka Topi,Buah,1,50318,50318
,,,,,,,,,,,Total:1,,Total:50.318
Kalimantan Selatan,Banjarbaru,PUSKESMAS SUNGAI ULIN,DINAS KESEHATAN,Umum,Peralatan & Perlengkapan Rumah Tangga,9096,471.,2020-01-02,Rubik,Buah,2,39136,78272
,,,,,,,,,,,Total:2,,Total:78.272
Kalimantan Selatan,Banjarbaru,PUSKESMAS SUNGAI ULIN,DINAS KESEHATAN,Umum,Peralatan & Perlengkapan Rumah Tangga,9881,472.,2020-01-02,Trolly Buah Mainan,Buah,1,89455,89455
,,,,,,,,,,,Total:1,,Total:89.455
Kalimantan Selatan,Banjarbaru,PUSKESMAS SUNGAI ULIN,DINAS KESEHATAN,Umum,Peralatan & Perlengkapan Rumah Tangga,10255,473.,2020-01-02,papan Tulis mainan anak,Buah,3,22364,67092
,,,,,,,,,,,Total:3,,Total:67.092
Kalimantan Selatan,Banjarbaru,PUSKESMAS SUNGAI ULIN,DINAS KESEHATAN,Umum,Persediaan Tanggap Darurat,12472,474.,2020-06-15,Face Sheild,pcs,3,94500,283500
,,,,,,,,,,,Total:3,,Total:283.500
Kalimantan Selatan,Banjarbaru,PUSKESMAS SUNGAI ULIN,DINAS KESEHATAN,Umum,Persediaan Tanggap Darurat,5770,475.,2020-06-15,Hanscoen (sarung tangan latex),pcs,3,169400,508200
,,,,,,,,,,,Total:3,,Total:508.200
Kalimantan Selatan,Banjarbaru,PUSKESMAS SUNGAI ULIN,DINAS KESEHATAN,Umum,Persediaan Tanggap Darurat,12471,476.,2020-06-15,Hazmat (Baju APD),pcs,5,151250,756250
,,,,,,,,,,,Total:5,,Total:756.250
Kalimantan Selatan,Banjarbaru,PUSKESMAS SUNGAI ULIN,DINAS KESEHATAN,Umum,Persediaan Tanggap Darurat,5769,477.,2020-06-15,Kaca Mata Geoggles,pcs,2,187550,375100
,,,,,,,,,,,Total:2,,Total:375.100
Kalimantan Selatan,Banjarbaru,PUSKESMAS SUNGAI ULIN,DINAS KESEHATAN,Umum,Persediaan Tanggap Darurat,10490,478.,2020-06-15,Masker KN-95,pcs,17,133100,2262700
,,,,,,,,,,,Total:17,,Total:2.262.700
Kalimantan Selatan,Banjarbaru,PUSKESMAS SUNGAI ULIN,DINAS KESEHATAN,Umum,Persediaan Tanggap Darurat,8653,479.,2020-06-15,Masker Medis,kotak,17,254100,4319700
,,,,,,,,,,,Total:17,,Total:4.319.700
Kalimantan Selatan,Banjarbaru,PUSKESMAS SUNGAI ULIN,DINAS KESEHATAN,Umum,Bahan Obat Obatan,19123,480.,2020-01-02,ALETROL TM,Botol,24,18000,432000
,,,,,,,,,,,Total:24,,Total:432.000
Kalimantan Selatan,Banjarbaru,PUSKESMAS SUNGAI ULIN,DINAS KESEHATAN,Umum,Bahan Obat Obatan,20823,481.,2020-11-03,ARI - TIMER,pcs,5,181500,907500
,,,,,,,,,,,Total:5,,Total:907.500
Kalimantan Selatan,Banjarbaru,PUSKESMAS SUNGAI ULIN,DINAS KESEHATAN,Umum,Bahan Obat Obatan,20827,482.,2020-07-13,CAVICUR - TAB BOX / 100,doz,465,708,329220
Kalimantan Selatan,Banjarbaru,PUSKESMAS SUNGAI ULIN,DINAS KESEHATAN,Umum,Bahan Obat Obatan,20827,483.,2020-10-05,CAVICUR - TAB BOX / 100,doz,2125,708,1504500
,,,,,,,,,,,Total:2.590,,Total:1.833.720
Kalimantan Selatan,Banjarbaru,PUSKESMAS SUNGAI ULIN,DINAS KESEHATAN,Umum,Bahan Obat Obatan,20829,484.,2020-10-05,CE SPRAY 100 ML,Botol,10,148500,1485000
,,,,,,,,,,,Total:10,,Total:1.485.000
Kalimantan Selatan,Banjarbaru,PUSKESMAS SUNGAI ULIN,DINAS KESEHATAN,Umum,Bahan Obat Obatan,16035,485.,2020-01-02,COMPOSITE DENTSPLY XERAM X,Tube,1,770000,770000
,,,,,,,,,,,Total:1,,Total:770.000
Kalimantan Selatan,Banjarbaru,PUSKESMAS SUNGAI ULIN,DINAS KESEHATAN,Umum,Bahan Obat Obatan,19127,486.,2020-10-05,FERRO FUMARATE ( TTD PHAPROS BUMIL) 60 mg,Tablet,2410,457,1101370
,,,,,,,,,,,Total:2.410,,Total:1.101.370
Kalimantan Selatan,Banjarbaru,PUSKESMAS SUNGAI ULIN,DINAS KESEHATAN,Umum,Bahan Obat Obatan,16017,487.,2020-01-02,FINE FINISHING BUR UJUNG LANCIP PANJANG PITA KUNING,box,1,231000,231000
,,,,,,,,,,,Total:1,,Total:231.000
Kalimantan Selatan,Banjarbaru,PUSKESMAS SUNGAI ULIN,DINAS KESEHATAN,Umum,Bahan Obat Obatan,16018,488.,2020-01-02,FINE FINISHING BUR UJUNG LANCIP PITA MERAH,box,1,231000,231000
,,,,,,,,,,,Total:1,,Total:231.000
Kalimantan Selatan,Banjarbaru,PUSKESMAS SUNGAI ULIN,DINAS KESEHATAN,Umum,Bahan Obat Obatan,21584,489.,2020-10-05,Kamolas 120 MG / 5 ML syrup,Botol,104,5500,572000
,,,,,,,,,,,Total:104,,Total:572.000
Kalimantan Selatan,Banjarbaru,PUSKESMAS SUNGAI ULIN,DINAS KESEHATAN,Umum,Bahan Obat Obatan,16019,490.,2020-01-02,MATA BUR ALPIN CEMARA,Buah,1,66000,66000
,,,,,,,,,,,Total:1,,Total:66.000
Kalimantan Selatan,Banjarbaru,PUSKESMAS SUNGAI ULIN,DINAS KESEHATAN,Umum,Bahan Obat Obatan,16013,491.,2020-01-02,MATA BUR INVERTED BESAR,Buah,1,46200,46200
,,,,,,,,,,,Total:1,,Total:46.200
Kalimantan Selatan,Banjarbaru,PUSKESMAS SUNGAI ULIN,DINAS KESEHATAN,Umum,Bahan Obat Obatan,16014,492.,2020-01-02,MATA BUR INVERTED KECIL,Buah,1,46200,46200
,,,,,,,,,,,Total:1,,Total:46.200
Kalimantan Selatan,Banjarbaru,PUSKESMAS SUNGAI ULIN,DINAS KESEHATAN,Umum,Bahan Obat Obatan,16011,493.,2020-01-02,MATA BUR ROUND BESAR,pcs,1,46200,46200
,,,,,,,,,,,Total:1,,Total:46.200
Kalimantan Selatan,Banjarbaru,PUSKESMAS SUNGAI ULIN,DINAS KESEHATAN,Umum,Bahan Obat Obatan,16012,494.,2020-01-02,MATA BUR ROUND KECIL,Buah,1,46200,46200
,,,,,,,,,,,Total:1,,Total:46.200
Kalimantan Selatan,Banjarbaru,PUSKESMAS SUNGAI ULIN,DINAS KESEHATAN,Umum,Bahan Obat Obatan,16015,495.,2020-01-02,MATA BUR SILINDRIS,Buah,1,46200,46200
,,,,,,,,,,,Total:1,,Total:46.200
Kalimantan Selatan,Banjarbaru,PUSKESMAS SUNGAI ULIN,DINAS KESEHATAN,Umum,Bahan Obat Obatan,16020,496.,2020-01-02,MATA BUT ALPIN BULAT,Buah,2,66000,132000
,,,,,,,,,,,Total:2,,Total:132.000
Kalimantan Selatan,Banjarbaru,PUSKESMAS SUNGAI ULIN,DINAS KESEHATAN,Umum,Bahan Obat Obatan,16025,497.,2020-01-02,PLASTIS FILLING,Buah,2,71500,143000
,,,,,,,,,,,Total:2,,Total:143.000
Kalimantan Selatan,Banjarbaru,PUSKESMAS SUNGAI ULIN,DINAS KESEHATAN,Umum,Bahan Obat Obatan,20826,498.,2020-01-02,RED CAP PLAIN (NO ADDITIVE) 5 ML,Pak,15,1650,24750
,,,,,,,,,,,Total:15,,Total:24.750
Kalimantan Selatan,Banjarbaru,PUSKESMAS SUNGAI ULIN,DINAS KESEHATAN,Umum,Bahan Obat Obatan,20825,499.,2020-01-02,RIGHTSIGN IHAV-C31,box,15,49500,742500
,,,,,,,,,,,Total:15,,Total:742.500
Kalimantan Selatan,Banjarbaru,PUSKESMAS SUNGAI ULIN,DINAS KESEHATAN,Umum,Bahan Obat Obatan,16026,500.,2020-01-02,SEMENT STOPPER,Buah,2,71500,143000
,,,,,,,,,,,Total:2,,Total:143.000
Kalimantan Selatan,Banjarbaru,PUSKESMAS SUNGAI ULIN,DINAS KESEHATAN,Umum,Bahan Obat Obatan,16029,501.,2020-01-02,SONDE LURUS,Buah,2,71500,143000
,,,,,,,,,,,Total:2,,Total:143.000
Kalimantan Selatan,Banjarbaru,PUSKESMAS SUNGAI ULIN,DINAS KESEHATAN,Umum,Bahan Obat Obatan,19914,502.,2020-01-02,Steril water 1000ml,Botol,3,29000,87000
,,,,,,,,,,,Total:3,,Total:87.000
Kalimantan Selatan,Banjarbaru,PUSKESMAS SUNGAI ULIN,DINAS KESEHATAN,Umum,Bahan Obat Obatan,21676,503.,2020-10-05,Yodium Povidon 10% 30ml,Botol,1,5100,5100
,,,,,,,,,,,Total:1,,Total:5.100
