SATKER,PUSKESMAS GUNTUNG MANGGISANY,,,,,,,,,,,,
Nama Barang,ANY,,,,,,,,,,,,
,,,,,,,,,,,,,
Provinsi,Kota,SATKER,SKPD,Gudang,Jenis Barang,Kode Barang,No,Tanggal Beli,Nama Barang,Satuan,Jumlah,Harga,Total Harga
Kalimantan Selatan,Banjarbaru,PUSKESMAS GUNTUNG MANGGIS,DINAS KESEHATAN,BLUD,Peralatan dan Perlengkapan Komputer,16359,10.,2020-12-01,TINTA REFILL PRINTER (BOTOL),Botol,18,90000,1620000
Kalimantan Selatan,Banjarbaru,PUSKESMAS GUNTUNG MANGGIS,DINAS KESEHATAN,BLUD,Obat-Obatan,20166,32.,2020-12-01,ASIKLOVIR KRIM 5 %,Tube,10,6000,60000
Kalimantan Selatan,Banjarbaru,PUSKESMAS GUNTUNG MANGGIS,DINAS KESEHATAN,BLUD,Obat-Obatan,18990,69.,2020-12-01,CIPROFLOXACIN 500 MG,Tablet,300,380,114000
Kalimantan Selatan,Banjarbaru,PUSKESMAS GUNTUNG MANGGIS,DINAS KESEHATAN,BLUD,Obat-Obatan,16612,89.,2020-12-01,DOMPERIDON SYRUP,Botol,43,5000,215000
Kalimantan Selatan,Banjarbaru,PUSKESMAS GUNTUNG MANGGIS,DINAS KESEHATAN,BLUD,Obat-Obatan,786,97.,2020-12-01,Domperidone 10 mg,Tablet,400,240,96000
Kalimantan Selatan,Banjarbaru,PUSKESMAS GUNTUNG MANGGIS,DINAS KESEHATAN,BLUD,Obat-Obatan,16662,149.,2020-12-01,KLORAMFENIKOL SUSPENSI,Botol,24,7000,168000
Kalimantan Selatan,Banjarbaru,PUSKESMAS GUNTUNG MANGGIS,DINAS KESEHATAN,BLUD,Obat-Obatan,16661,150.,2020-12-01,KLORAMFENIKOL TETES TELINGA 3 %,Botol,30,8000,240000
Kalimantan Selatan,Banjarbaru,PUSKESMAS GUNTUNG MANGGIS,DINAS KESEHATAN,BLUD,Obat-Obatan,492,166.,2020-12-01,Klindamisin 300 mg,Kapsul,100,1400,140000
Kalimantan Selatan,Banjarbaru,PUSKESMAS GUNTUNG MANGGIS,DINAS KESEHATAN,BLUD,Obat-Obatan,589,168.,2020-12-01,Klorfeniramina maleat 4 mg,Tablet,4500,40,180000
Kalimantan Selatan,Banjarbaru,PUSKESMAS GUNTUNG MANGGIS,DINAS KESEHATAN,BLUD,Obat-Obatan,19911,190.,2020-12-01,Metformin Hcl Tab 500 mg,Tablet,2100,190,399000
Kalimantan Selatan,Banjarbaru,PUSKESMAS GUNTUNG MANGGIS,DINAS KESEHATAN,BLUD,Obat-Obatan,19499,257.,2020-12-01,Thiampenicol kapsul 500 mg,Tablet,200,895,179000
Kalimantan Selatan,Banjarbaru,PUSKESMAS GUNTUNG MANGGIS,DINAS KESEHATAN,Umum,Alat Tulis Kantor,1370,1.,2020-12-03,Kertas HVS F4 70 Gr,Rim,5,55000,275000
Kalimantan Selatan,Banjarbaru,PUSKESMAS GUNTUNG MANGGIS,DINAS KESEHATAN,Umum,Alat Tulis Kantor,13013,2.,2020-12-03,Map Kertas Biasa,lembar,150,1200,180000
Kalimantan Selatan,Banjarbaru,PUSKESMAS GUNTUNG MANGGIS,DINAS KESEHATAN,Umum,Alat Tulis Kantor,100,3.,2020-12-03,Map Odner,Buah,3,26000,78000
Kalimantan Selatan,Banjarbaru,PUSKESMAS GUNTUNG MANGGIS,DINAS KESEHATAN,Umum,Alat Tulis Kantor,324,4.,2020-12-03,buku tulis kecil,Buah,10,7000,70000
Kalimantan Selatan,Banjarbaru,PUSKESMAS GUNTUNG MANGGIS,DINAS KESEHATAN,Umum,"Perangko, Materai dan Benda Pos Lainnya",1050,5.,2020-08-18,Materai 3.000,lembar,5,3000,15000
Kalimantan Selatan,Banjarbaru,PUSKESMAS GUNTUNG MANGGIS,DINAS KESEHATAN,Umum,"Perangko, Materai dan Benda Pos Lainnya",1053,6.,2020-08-18,Materai 6.000,lembar,5,6000,30000
Kalimantan Selatan,Banjarbaru,PUSKESMAS GUNTUNG MANGGIS,DINAS KESEHATAN,Umum,Peralatan Kebersihan dan Bahan Pembersih,14760,7.,2020-12-03,Cairan Pembersih Kaca,Botol,2,20000,40000
Kalimantan Selatan,Banjarbaru,PUSKESMAS GUNTUNG MANGGIS,DINAS KESEHATAN,Umum,Peralatan Kebersihan dan Bahan Pembersih,1958,8.,2020-12-03,Sabun Cuci Piring,Botol,1,19000,19000
Kalimantan Selatan,Banjarbaru,PUSKESMAS GUNTUNG MANGGIS,DINAS KESEHATAN,Umum,Peralatan Kebersihan dan Bahan Pembersih,1910,9.,2020-12-03,Sapu lantai,Buah,2,50000,100000
Kalimantan Selatan,Banjarbaru,PUSKESMAS GUNTUNG MANGGIS,DINAS KESEHATAN,Umum,Obat-Obatan,20987,11.,2020-12-01,"ADS 0,05 harga 3",Buah,43,1518,65274
Kalimantan Selatan,Banjarbaru,PUSKESMAS GUNTUNG MANGGIS,DINAS KESEHATAN,Umum,Obat-Obatan,18254,12.,2020-12-01,"ADS 0,5 ml Harga 2",Buah,136,1240,168640
Kalimantan Selatan,Banjarbaru,PUSKESMAS GUNTUNG MANGGIS,DINAS KESEHATAN,Umum,Obat-Obatan,20986,13.,2020-07-01,ADS 5 ml harga 2,Buah,48,1583,75984
Kalimantan Selatan,Banjarbaru,PUSKESMAS GUNTUNG MANGGIS,DINAS KESEHATAN,Umum,Obat-Obatan,18384,14.,2020-01-02,ALAT SUNTIK 10 ML,pcs,100,1870,187000
Kalimantan Selatan,Banjarbaru,PUSKESMAS GUNTUNG MANGGIS,DINAS KESEHATAN,Umum,Obat-Obatan,16501,15.,2020-01-02,ALBENDAZOL SUSPENSI,Botol,10,4600,46000
Kalimantan Selatan,Banjarbaru,PUSKESMAS GUNTUNG MANGGIS,DINAS KESEHATAN,Umum,Obat-Obatan,16503,16.,2020-12-02,ALLOPURINOL 300 MG,Tablet,200,341,68200
Kalimantan Selatan,Banjarbaru,PUSKESMAS GUNTUNG MANGGIS,DINAS KESEHATAN,Umum,Obat-Obatan,18543,17.,2020-01-02,ALPARA,Tablet,5049,683,3448467
Kalimantan Selatan,Banjarbaru,PUSKESMAS GUNTUNG MANGGIS,DINAS KESEHATAN,Umum,Obat-Obatan,16506,18.,2020-01-02,ALPRAZOLAM 1 MG TABLET KF,Tablet,3,184,552
Kalimantan Selatan,Banjarbaru,PUSKESMAS GUNTUNG MANGGIS,DINAS KESEHATAN,Umum,Obat-Obatan,20163,19.,2020-03-02,AMBROXOL SIRUP 15 mg /ml,Botol,90,3355,301950
Kalimantan Selatan,Banjarbaru,PUSKESMAS GUNTUNG MANGGIS,DINAS KESEHATAN,Umum,Obat-Obatan,20163,20.,2020-04-01,AMBROXOL SIRUP 15 mg /ml,Botol,300,3355,1006500
Kalimantan Selatan,Banjarbaru,PUSKESMAS GUNTUNG MANGGIS,DINAS KESEHATAN,Umum,Obat-Obatan,20164,21.,2020-03-02,AMBROXOL TAB 30 mg,Tablet,1100,135,148500
Kalimantan Selatan,Banjarbaru,PUSKESMAS GUNTUNG MANGGIS,DINAS KESEHATAN,Umum,Obat-Obatan,16517,22.,2020-01-02,AMITRIPTILIN HCL TABLET SALUT 25 MG,Tablet,98,165,16170
Kalimantan Selatan,Banjarbaru,PUSKESMAS GUNTUNG MANGGIS,DINAS KESEHATAN,Umum,Obat-Obatan,20204,23.,2020-12-02,AMLODIPIN 5 mgTAB,Tablet,1800,81,145800
Kalimantan Selatan,Banjarbaru,PUSKESMAS GUNTUNG MANGGIS,DINAS KESEHATAN,Umum,Obat-Obatan,21495,24.,2020-04-01,AMOKSISILIN KAPLET 250 MG HARGA 2,kaplet,100,209,20900
Kalimantan Selatan,Banjarbaru,PUSKESMAS GUNTUNG MANGGIS,DINAS KESEHATAN,Umum,Obat-Obatan,21495,25.,2020-04-01,AMOKSISILIN KAPLET 250 MG HARGA 2,kaplet,400,209,83600
Kalimantan Selatan,Banjarbaru,PUSKESMAS GUNTUNG MANGGIS,DINAS KESEHATAN,Umum,Obat-Obatan,16520,26.,2020-12-02,AMOKSISILIN KAPSUL 500 MG,Kapsul,600,265,159000
Kalimantan Selatan,Banjarbaru,PUSKESMAS GUNTUNG MANGGIS,DINAS KESEHATAN,Umum,Obat-Obatan,16585,27.,2020-12-02,"ANTASIDA DOEN TABLET, KOMBINASI",Tablet,1200,60,72000
Kalimantan Selatan,Banjarbaru,PUSKESMAS GUNTUNG MANGGIS,DINAS KESEHATAN,Umum,Obat-Obatan,16586,28.,2020-04-01,ANTASIDA SUSPENSI,Botol,50,2098,104900
Kalimantan Selatan,Banjarbaru,PUSKESMAS GUNTUNG MANGGIS,DINAS KESEHATAN,Umum,Obat-Obatan,16586,29.,2020-12-02,ANTASIDA SUSPENSI,Botol,100,2098,209800
Kalimantan Selatan,Banjarbaru,PUSKESMAS GUNTUNG MANGGIS,DINAS KESEHATAN,Umum,Obat-Obatan,16593,30.,2020-12-02,ASAM FOLAT,Tablet,900,136,122400
Kalimantan Selatan,Banjarbaru,PUSKESMAS GUNTUNG MANGGIS,DINAS KESEHATAN,Umum,Obat-Obatan,18829,31.,2020-07-01,ASAM TRANEKSAMAT 500 MG,Tablet,100,3509,350900
Kalimantan Selatan,Banjarbaru,PUSKESMAS GUNTUNG MANGGIS,DINAS KESEHATAN,Umum,Obat-Obatan,16595,33.,2020-01-02,AZITROMISIN TAB 500 MG,Tablet,100,4613,461300
Kalimantan Selatan,Banjarbaru,PUSKESMAS GUNTUNG MANGGIS,DINAS KESEHATAN,Umum,Obat-Obatan,8187,34.,2020-01-02,Acyclovir 5% Cream,Tube,24,2700,64800
Kalimantan Selatan,Banjarbaru,PUSKESMAS GUNTUNG MANGGIS,DINAS KESEHATAN,Umum,Obat-Obatan,21483,35.,2020-01-02,Alat Suntik Sekali Pakaiii 1 ml,pcs,200,1430,286000
Kalimantan Selatan,Banjarbaru,PUSKESMAS GUNTUNG MANGGIS,DINAS KESEHATAN,Umum,Obat-Obatan,16727,36.,2020-01-02,Alat Suntik sekali Pakai 5 ml Harga 2,pcs,236,5600,1321600
Kalimantan Selatan,Banjarbaru,PUSKESMAS GUNTUNG MANGGIS,DINAS KESEHATAN,Umum,Obat-Obatan,20358,37.,2020-04-01,Alat suntik sekali pakai 3 ml hrg 3,pcs,100,818,81800
Kalimantan Selatan,Banjarbaru,PUSKESMAS GUNTUNG MANGGIS,DINAS KESEHATAN,Umum,Obat-Obatan,562,38.,2020-07-01,Albendazol tablet 400 mg,Tablet,100,463,46300
Kalimantan Selatan,Banjarbaru,PUSKESMAS GUNTUNG MANGGIS,DINAS KESEHATAN,Umum,Obat-Obatan,19504,39.,2020-01-02,Alcohol swab @100 pcs,kotak,15,11000,165000
Kalimantan Selatan,Banjarbaru,PUSKESMAS GUNTUNG MANGGIS,DINAS KESEHATAN,Umum,Obat-Obatan,19504,40.,2020-12-02,Alcohol swab @100 pcs,kotak,20,11000,220000
Kalimantan Selatan,Banjarbaru,PUSKESMAS GUNTUNG MANGGIS,DINAS KESEHATAN,Umum,Obat-Obatan,19522,41.,2020-01-02,Allopurinol 100 hrg 2,Tablet,1300,99,128700
Kalimantan Selatan,Banjarbaru,PUSKESMAS GUNTUNG MANGGIS,DINAS KESEHATAN,Umum,Obat-Obatan,19522,42.,2020-04-01,Allopurinol 100 hrg 2,Tablet,400,99,39600
Kalimantan Selatan,Banjarbaru,PUSKESMAS GUNTUNG MANGGIS,DINAS KESEHATAN,Umum,Obat-Obatan,19522,43.,2020-12-02,Allopurinol 100 hrg 2,Tablet,200,99,19800
Kalimantan Selatan,Banjarbaru,PUSKESMAS GUNTUNG MANGGIS,DINAS KESEHATAN,Umum,Obat-Obatan,608,44.,2020-01-02,Alpara Syrup,Botol,1,713,713
Kalimantan Selatan,Banjarbaru,PUSKESMAS GUNTUNG MANGGIS,DINAS KESEHATAN,Umum,Obat-Obatan,18516,45.,2020-01-02,Alprazolam 1 mg harga 2,Tablet,50,730,36500
Kalimantan Selatan,Banjarbaru,PUSKESMAS GUNTUNG MANGGIS,DINAS KESEHATAN,Umum,Obat-Obatan,650,46.,2020-01-02,Aminofillin inj 24 mg/ml,ampul,35,4204,147140
Kalimantan Selatan,Banjarbaru,PUSKESMAS GUNTUNG MANGGIS,DINAS KESEHATAN,Umum,Obat-Obatan,771,47.,2020-04-01,Amoksisilin syrup kering  Forte 250 mg/5 ml,Botol,105,3846,403830
Kalimantan Selatan,Banjarbaru,PUSKESMAS GUNTUNG MANGGIS,DINAS KESEHATAN,Umum,Obat-Obatan,2482,48.,2020-01-02,AntiFungi DOEN kombinasi: Asam Benzoat 6% + Asam Salisilat 3%,Pot,6,4782,28692
Kalimantan Selatan,Banjarbaru,PUSKESMAS GUNTUNG MANGGIS,DINAS KESEHATAN,Umum,Obat-Obatan,491,49.,2020-12-02,Asam Askorbat (vitamin C) 50 mg,Tablet,2100,120,252000
Kalimantan Selatan,Banjarbaru,PUSKESMAS GUNTUNG MANGGIS,DINAS KESEHATAN,Umum,Obat-Obatan,19975,50.,2020-12-02,Asam mefenamat kapsul 500 mg harga 2,Kapsul,800,103,82400
Kalimantan Selatan,Banjarbaru,PUSKESMAS GUNTUNG MANGGIS,DINAS KESEHATAN,Umum,Obat-Obatan,18519,51.,2020-01-02,Asetil sistein-n / N-asetil sistein 200mg,Tablet,3000,474,1422000
Kalimantan Selatan,Banjarbaru,PUSKESMAS GUNTUNG MANGGIS,DINAS KESEHATAN,Umum,Obat-Obatan,556,52.,2020-01-02,Asiklovir 200 mg,Tablet,100,272,27200
Kalimantan Selatan,Banjarbaru,PUSKESMAS GUNTUNG MANGGIS,DINAS KESEHATAN,Umum,Obat-Obatan,556,53.,2020-04-01,Asiklovir 200 mg,Tablet,200,272,54400
Kalimantan Selatan,Banjarbaru,PUSKESMAS GUNTUNG MANGGIS,DINAS KESEHATAN,Umum,Obat-Obatan,565,54.,2020-04-01,Asiklovir 400 mg,Tablet,450,425,191250
Kalimantan Selatan,Banjarbaru,PUSKESMAS GUNTUNG MANGGIS,DINAS KESEHATAN,Umum,Obat-Obatan,486,55.,2020-01-02,Attapulgit 600 mg (Pularex / New Antides ),Tablet,100,159,15900
Kalimantan Selatan,Banjarbaru,PUSKESMAS GUNTUNG MANGGIS,DINAS KESEHATAN,Umum,Obat-Obatan,15943,56.,2020-03-02,BENANG SILK BLACK 2/0 HR,pcs,12,20685,248220
Kalimantan Selatan,Banjarbaru,PUSKESMAS GUNTUNG MANGGIS,DINAS KESEHATAN,Umum,Obat-Obatan,16596,57.,2020-12-02,BETAHISTIN 6 MG,Tablet,500,119,59500
Kalimantan Selatan,Banjarbaru,PUSKESMAS GUNTUNG MANGGIS,DINAS KESEHATAN,Umum,Obat-Obatan,16597,58.,2020-12-02,"BETAMETASON KRIM 0,1 %",Tube,50,1865,93250
Kalimantan Selatan,Banjarbaru,PUSKESMAS GUNTUNG MANGGIS,DINAS KESEHATAN,Umum,Obat-Obatan,18411,59.,2020-01-02,BLOOD LANCET 28 G HARGA 3,kotak,3,18857,56571
Kalimantan Selatan,Banjarbaru,PUSKESMAS GUNTUNG MANGGIS,DINAS KESEHATAN,Umum,Obat-Obatan,18848,60.,2020-12-02,BUFACETINE KLORAMFENIKOL SALEP 2 %,Tube,72,3360,241920
Kalimantan Selatan,Banjarbaru,PUSKESMAS GUNTUNG MANGGIS,DINAS KESEHATAN,Umum,Obat-Obatan,19976,61.,2020-04-01,Bisakodil supp 5 mg/ Dulcolax supp anak,Suppo,4,6000,24000
Kalimantan Selatan,Banjarbaru,PUSKESMAS GUNTUNG MANGGIS,DINAS KESEHATAN,Umum,Obat-Obatan,19976,62.,2020-07-01,Bisakodil supp 5 mg/ Dulcolax supp anak,Suppo,6,6000,36000
Kalimantan Selatan,Banjarbaru,PUSKESMAS GUNTUNG MANGGIS,DINAS KESEHATAN,Umum,Obat-Obatan,19976,63.,2020-12-02,Bisakodil supp 5 mg/ Dulcolax supp anak,Suppo,6,6000,36000
Kalimantan Selatan,Banjarbaru,PUSKESMAS GUNTUNG MANGGIS,DINAS KESEHATAN,Umum,Obat-Obatan,571,64.,2020-01-02,Bisakodil suppositoria 5 mg (Dulcolax),Suppo,18,4990,89820
Kalimantan Selatan,Banjarbaru,PUSKESMAS GUNTUNG MANGGIS,DINAS KESEHATAN,Umum,Obat-Obatan,2560,65.,2020-07-01,CEFADROXIL,Kapsul,700,680,476000
Kalimantan Selatan,Banjarbaru,PUSKESMAS GUNTUNG MANGGIS,DINAS KESEHATAN,Umum,Obat-Obatan,17463,66.,2020-03-02,CEFADROXIL FORTE SIRUP KERING 250MG/5ML HARGA 2,Botol,50,5826,291300
Kalimantan Selatan,Banjarbaru,PUSKESMAS GUNTUNG MANGGIS,DINAS KESEHATAN,Umum,Obat-Obatan,17463,67.,2020-07-01,CEFADROXIL FORTE SIRUP KERING 250MG/5ML HARGA 2,Botol,50,5826,291300
Kalimantan Selatan,Banjarbaru,PUSKESMAS GUNTUNG MANGGIS,DINAS KESEHATAN,Umum,Obat-Obatan,21007,68.,2020-01-02,CETIRIZINE HYDROCHLORIDE (HCL) SIRUP 5 MG/ 5 ML,Botol,90,3061,275490
Kalimantan Selatan,Banjarbaru,PUSKESMAS GUNTUNG MANGGIS,DINAS KESEHATAN,Umum,Obat-Obatan,17591,70.,2020-01-02,CIPROFLOXACIN 500 MG TABLET KF,Tablet,200,265,53000
Kalimantan Selatan,Banjarbaru,PUSKESMAS GUNTUNG MANGGIS,DINAS KESEHATAN,Umum,Obat-Obatan,18838,71.,2020-01-02,CLOPIDOGREL HYDROGEN 75 MG,Tablet,30,2100,63000
Kalimantan Selatan,Banjarbaru,PUSKESMAS GUNTUNG MANGGIS,DINAS KESEHATAN,Umum,Obat-Obatan,19198,72.,2020-12-02,"Captopril Tab 12,5 mg",Tablet,400,69,27600
Kalimantan Selatan,Banjarbaru,PUSKESMAS GUNTUNG MANGGIS,DINAS KESEHATAN,Umum,Obat-Obatan,18571,73.,2020-01-02,Captopril Tablet 25 mg,Buah,1200,86,103200
Kalimantan Selatan,Banjarbaru,PUSKESMAS GUNTUNG MANGGIS,DINAS KESEHATAN,Umum,Obat-Obatan,16731,74.,2020-03-02,Catgut / Benang Bedah No.2/0 Harga 2,pcs,12,33785,405420
Kalimantan Selatan,Banjarbaru,PUSKESMAS GUNTUNG MANGGIS,DINAS KESEHATAN,Umum,Obat-Obatan,16729,75.,2020-01-02,Catgut / Benang Bedah No.3/0 Harga 2,pcs,12,7570,90840
Kalimantan Selatan,Banjarbaru,PUSKESMAS GUNTUNG MANGGIS,DINAS KESEHATAN,Umum,Obat-Obatan,16729,76.,2020-03-02,Catgut / Benang Bedah No.3/0 Harga 2,pcs,12,7570,90840
Kalimantan Selatan,Banjarbaru,PUSKESMAS GUNTUNG MANGGIS,DINAS KESEHATAN,Umum,Obat-Obatan,877,77.,2020-03-02,Catgut / Benang Bedah Plain No. 2/0 (IFRS),pcs,12,7571,90852
Kalimantan Selatan,Banjarbaru,PUSKESMAS GUNTUNG MANGGIS,DINAS KESEHATAN,Umum,Obat-Obatan,19296,78.,2020-01-02,Cefadroxil syrup 125 mg harga 2,Botol,235,4360,1024600
Kalimantan Selatan,Banjarbaru,PUSKESMAS GUNTUNG MANGGIS,DINAS KESEHATAN,Umum,Obat-Obatan,19297,79.,2020-01-02,Clobazam 10 Mg harga 2,Tablet,53,872,46216
Kalimantan Selatan,Banjarbaru,PUSKESMAS GUNTUNG MANGGIS,DINAS KESEHATAN,Umum,Obat-Obatan,19501,80.,2020-01-02,Colcitine 0.5 mg,Tablet,930,2644,2458920
Kalimantan Selatan,Banjarbaru,PUSKESMAS GUNTUNG MANGGIS,DINAS KESEHATAN,Umum,Obat-Obatan,20212,81.,2020-01-02,DEKSAMETASON INJ 5 MG /ML 1 - ML,Ampul,10,1210,12100
Kalimantan Selatan,Banjarbaru,PUSKESMAS GUNTUNG MANGGIS,DINAS KESEHATAN,Umum,Obat-Obatan,16172,82.,2020-01-02,DEXAMETHASON 5 MG/ML INJEKSI PHAPROS,Ampul,10,1738,17380
Kalimantan Selatan,Banjarbaru,PUSKESMAS GUNTUNG MANGGIS,DINAS KESEHATAN,Umum,Obat-Obatan,17632,83.,2020-01-02,DIAZEPAM 2MG TAB,Tablet,157,86,13502
Kalimantan Selatan,Banjarbaru,PUSKESMAS GUNTUNG MANGGIS,DINAS KESEHATAN,Umum,Obat-Obatan,17466,84.,2020-01-02,DIAZEPAM INJ 5MG/ML-2ML,ampul,5,1913,9565
Kalimantan Selatan,Banjarbaru,PUSKESMAS GUNTUNG MANGGIS,DINAS KESEHATAN,Umum,Obat-Obatan,16607,85.,2020-01-02,DIFENHIDRAMIN HCL INJ 10 MG/ML-1 ML,ampul,31,1056,32736
Kalimantan Selatan,Banjarbaru,PUSKESMAS GUNTUNG MANGGIS,DINAS KESEHATAN,Umum,Obat-Obatan,16608,86.,2020-01-02,"DIGOKSIN TABLET 0,25 MG",Tablet,100,108,10800
Kalimantan Selatan,Banjarbaru,PUSKESMAS GUNTUNG MANGGIS,DINAS KESEHATAN,Umum,Obat-Obatan,16608,87.,2020-03-02,"DIGOKSIN TABLET 0,25 MG",Tablet,200,108,21600
Kalimantan Selatan,Banjarbaru,PUSKESMAS GUNTUNG MANGGIS,DINAS KESEHATAN,Umum,Obat-Obatan,20023,88.,2020-12-02,DIMENHYDRINAT TAB,Tablet,200,129,25800
Kalimantan Selatan,Banjarbaru,PUSKESMAS GUNTUNG MANGGIS,DINAS KESEHATAN,Umum,Obat-Obatan,20985,90.,2020-04-01,DPTHB-Hib harga 3,Buah,25,76620,1915500
Kalimantan Selatan,Banjarbaru,PUSKESMAS GUNTUNG MANGGIS,DINAS KESEHATAN,Umum,Obat-Obatan,5150,91.,2020-12-01,DT,Vial,31,17450,540950
Kalimantan Selatan,Banjarbaru,PUSKESMAS GUNTUNG MANGGIS,DINAS KESEHATAN,Umum,Obat-Obatan,601,92.,2020-01-02,Deksametason inj 5 mg/ml,Ampul,140,1740,243600
Kalimantan Selatan,Banjarbaru,PUSKESMAS GUNTUNG MANGGIS,DINAS KESEHATAN,Umum,Obat-Obatan,20687,93.,2020-06-01,Dhp Antimalaria (Kotak),kotak,2,19206,38412
Kalimantan Selatan,Banjarbaru,PUSKESMAS GUNTUNG MANGGIS,DINAS KESEHATAN,Umum,Obat-Obatan,653,94.,2020-01-02,Diazepam inj 5 mg / ml,ampul,10,8800,88000
Kalimantan Selatan,Banjarbaru,PUSKESMAS GUNTUNG MANGGIS,DINAS KESEHATAN,Umum,Obat-Obatan,744,95.,2020-01-02,Difenhidramin inj 10 mg/ml,ampul,30,1262,37860
Kalimantan Selatan,Banjarbaru,PUSKESMAS GUNTUNG MANGGIS,DINAS KESEHATAN,Umum,Obat-Obatan,10477,96.,2020-07-01,Disposible Clothing Hospital Safety Converall Protection,pcs,100,178260,17826000
Kalimantan Selatan,Banjarbaru,PUSKESMAS GUNTUNG MANGGIS,DINAS KESEHATAN,Umum,Obat-Obatan,17467,98.,2020-01-02,"EPINEFRIN HCL/ADRENALIN INJ 0,1%-1 ML",Ampul,50,1848,92400
Kalimantan Selatan,Banjarbaru,PUSKESMAS GUNTUNG MANGGIS,DINAS KESEHATAN,Umum,Obat-Obatan,16622,99.,2020-01-02,ERYTHROMICIN KAPSUL 250 MG,Tablet,200,647,129400
Kalimantan Selatan,Banjarbaru,PUSKESMAS GUNTUNG MANGGIS,DINAS KESEHATAN,Umum,Obat-Obatan,16623,100.,2020-01-02,"ETAKRIDIN (RIVANOL) LARUTAN 0,1 %",Botol,5,3000,15000
Kalimantan Selatan,Banjarbaru,PUSKESMAS GUNTUNG MANGGIS,DINAS KESEHATAN,Umum,Obat-Obatan,16914,101.,2020-01-02,"Efinefrin HCL / Bitartrain(Adrenalin) inj 0,1%-1 ml.Harga 2",Ampul,3,1848,5544
Kalimantan Selatan,Banjarbaru,PUSKESMAS GUNTUNG MANGGIS,DINAS KESEHATAN,Umum,Obat-Obatan,16764,102.,2020-04-01,Etanol 70% 1000 ml Harga 1,Botol,2,30000,60000
Kalimantan Selatan,Banjarbaru,PUSKESMAS GUNTUNG MANGGIS,DINAS KESEHATAN,Umum,Obat-Obatan,19612,103.,2020-07-01,Etil klorida semprot,Botol,10,181000,1810000
Kalimantan Selatan,Banjarbaru,PUSKESMAS GUNTUNG MANGGIS,DINAS KESEHATAN,Umum,Obat-Obatan,16625,104.,2020-01-02,FENOBARBITAL TABLET 30 MG,Tablet,96,145,13920
Kalimantan Selatan,Banjarbaru,PUSKESMAS GUNTUNG MANGGIS,DINAS KESEHATAN,Umum,Obat-Obatan,16628,105.,2020-01-02,FENOL GLISEROL TETES TELINGA 10%,Botol,17,2590,44030
Kalimantan Selatan,Banjarbaru,PUSKESMAS GUNTUNG MANGGIS,DINAS KESEHATAN,Umum,Obat-Obatan,16629,106.,2020-01-02,FITOMENADION (VIT.K) TABLET SALUT 10 MG,Tablet,100,796,79600
Kalimantan Selatan,Banjarbaru,PUSKESMAS GUNTUNG MANGGIS,DINAS KESEHATAN,Umum,Obat-Obatan,21031,107.,2020-04-01,FITOMENADION (VIT.K1) TABLET 10 mg,Tablet,100,873,87300
Kalimantan Selatan,Banjarbaru,PUSKESMAS GUNTUNG MANGGIS,DINAS KESEHATAN,Umum,Obat-Obatan,21031,108.,2020-07-01,FITOMENADION (VIT.K1) TABLET 10 mg,Tablet,200,873,174600
Kalimantan Selatan,Banjarbaru,PUSKESMAS GUNTUNG MANGGIS,DINAS KESEHATAN,Umum,Obat-Obatan,19614,109.,2020-01-02,FLUCINOLON,Tube,60,5200,312000
Kalimantan Selatan,Banjarbaru,PUSKESMAS GUNTUNG MANGGIS,DINAS KESEHATAN,Umum,Obat-Obatan,16630,110.,2020-01-02,FUROSEMID TABLET 40 MG,Tablet,200,79,15800
Kalimantan Selatan,Banjarbaru,PUSKESMAS GUNTUNG MANGGIS,DINAS KESEHATAN,Umum,Obat-Obatan,16630,111.,2020-03-02,FUROSEMID TABLET 40 MG,Tablet,200,79,15800
Kalimantan Selatan,Banjarbaru,PUSKESMAS GUNTUNG MANGGIS,DINAS KESEHATAN,Umum,Obat-Obatan,537,112.,2020-01-02,Fenobarbital tablet 30 mg,Tablet,196,70,13720
Kalimantan Selatan,Banjarbaru,PUSKESMAS GUNTUNG MANGGIS,DINAS KESEHATAN,Umum,Obat-Obatan,12147,113.,2020-07-01,Fenolgliserol,Tube,48,2727,130896
Kalimantan Selatan,Banjarbaru,PUSKESMAS GUNTUNG MANGGIS,DINAS KESEHATAN,Umum,Obat-Obatan,2718,114.,2020-01-02,Fitomenadion (Vitamin K) Injeksi 10 mg/ml,Ampul,29,4236,122844
Kalimantan Selatan,Banjarbaru,PUSKESMAS GUNTUNG MANGGIS,DINAS KESEHATAN,Umum,Obat-Obatan,18520,115.,2020-01-02,Fitomenadion (vit k 1) injeksi 10mg/ml-1ml,Ampul,42,4083,171486
Kalimantan Selatan,Banjarbaru,PUSKESMAS GUNTUNG MANGGIS,DINAS KESEHATAN,Umum,Obat-Obatan,21041,116.,2020-12-02,GEMFIBROZIL 300 MG KAPSUL PHAPROS,Kapsul,240,428,102720
Kalimantan Selatan,Banjarbaru,PUSKESMAS GUNTUNG MANGGIS,DINAS KESEHATAN,Umum,Obat-Obatan,18322,117.,2020-01-02,GENTAMICIN SALEP MATA HARGA 2,Tube,87,3075,267525
Kalimantan Selatan,Banjarbaru,PUSKESMAS GUNTUNG MANGGIS,DINAS KESEHATAN,Umum,Obat-Obatan,16634,118.,2020-07-01,GENTAMICIN TETES MATA,Botol,24,7051,169224
Kalimantan Selatan,Banjarbaru,PUSKESMAS GUNTUNG MANGGIS,DINAS KESEHATAN,Umum,Obat-Obatan,16634,119.,2020-12-02,GENTAMICIN TETES MATA,Botol,24,7051,169224
Kalimantan Selatan,Banjarbaru,PUSKESMAS GUNTUNG MANGGIS,DINAS KESEHATAN,Umum,Obat-Obatan,21500,120.,2020-03-02,GLIBENKLAMID TABLET 5 mg Hrg 4,Tablet,200,137,27400
Kalimantan Selatan,Banjarbaru,PUSKESMAS GUNTUNG MANGGIS,DINAS KESEHATAN,Umum,Obat-Obatan,17773,121.,2020-01-02,GLIMEPIRIDE 2 MG TABLET HJ,Tablet,100,231,23100
Kalimantan Selatan,Banjarbaru,PUSKESMAS GUNTUNG MANGGIS,DINAS KESEHATAN,Umum,Obat-Obatan,16642,122.,2020-01-02,"GRISEOFULVIN TABLET 125 MG,MICRONIZED",Tablet,400,224,89600
Kalimantan Selatan,Banjarbaru,PUSKESMAS GUNTUNG MANGGIS,DINAS KESEHATAN,Umum,Obat-Obatan,19977,123.,2020-04-01,Garam oralit untuk 200 ml air,Sachset,100,263,26300
Kalimantan Selatan,Banjarbaru,PUSKESMAS GUNTUNG MANGGIS,DINAS KESEHATAN,Umum,Obat-Obatan,19977,124.,2020-12-02,Garam oralit untuk 200 ml air,Sachset,200,263,52600
Kalimantan Selatan,Banjarbaru,PUSKESMAS GUNTUNG MANGGIS,DINAS KESEHATAN,Umum,Obat-Obatan,476,125.,2020-01-02,Glukosa larutan infus 10 %,Botol,16,6300,100800
Kalimantan Selatan,Banjarbaru,PUSKESMAS GUNTUNG MANGGIS,DINAS KESEHATAN,Umum,Obat-Obatan,19202,126.,2020-12-02,Griseofulvin Tab 125 mg,Tablet,500,238,119000
Kalimantan Selatan,Banjarbaru,PUSKESMAS GUNTUNG MANGGIS,DINAS KESEHATAN,Umum,Obat-Obatan,21037,127.,2020-07-01,HALOPERIDOL 5 mg tab,Tablet,100,1916,191600
Kalimantan Selatan,Banjarbaru,PUSKESMAS GUNTUNG MANGGIS,DINAS KESEHATAN,Umum,Obat-Obatan,16841,128.,2020-12-02,HCT Harga 1,Tablet,100,171,17100
Kalimantan Selatan,Banjarbaru,PUSKESMAS GUNTUNG MANGGIS,DINAS KESEHATAN,Umum,Obat-Obatan,21133,129.,2020-01-02,Halloperidol 5 mg,kotak,140,56,7840
Kalimantan Selatan,Banjarbaru,PUSKESMAS GUNTUNG MANGGIS,DINAS KESEHATAN,Umum,Obat-Obatan,19301,130.,2020-01-02,"Haloperidol tablet 1,5 MG harga 2",Tablet,32,59,1888
Kalimantan Selatan,Banjarbaru,PUSKESMAS GUNTUNG MANGGIS,DINAS KESEHATAN,Umum,Obat-Obatan,16829,131.,2020-12-02,Handscoon Steril 7 dan 7.5,pcs,252,8032,2024064
Kalimantan Selatan,Banjarbaru,PUSKESMAS GUNTUNG MANGGIS,DINAS KESEHATAN,Umum,Obat-Obatan,5179,132.,2020-12-01,"Hepatitis B 0,5 ml ADS",Vial,32,25597,819104
Kalimantan Selatan,Banjarbaru,PUSKESMAS GUNTUNG MANGGIS,DINAS KESEHATAN,Umum,Obat-Obatan,18522,133.,2020-04-01,Hidroklorotiazid (hct) tablet 25mg harga 2,Tablet,100,178,17800
Kalimantan Selatan,Banjarbaru,PUSKESMAS GUNTUNG MANGGIS,DINAS KESEHATAN,Umum,Obat-Obatan,534,134.,2020-12-02,"Hidrokortison krim 2,5 %",Tube,48,2533,121584
Kalimantan Selatan,Banjarbaru,PUSKESMAS GUNTUNG MANGGIS,DINAS KESEHATAN,Umum,Obat-Obatan,16646,135.,2020-01-02,IBUPROFEN 100 MG / 5 ML SYRUP RAMA,Botol,35,2678,93730
Kalimantan Selatan,Banjarbaru,PUSKESMAS GUNTUNG MANGGIS,DINAS KESEHATAN,Umum,Obat-Obatan,20838,136.,2020-04-01,IBUPROFEN SUSPENSI 200 MG / 5 ML,Botol,18,5414,97452
Kalimantan Selatan,Banjarbaru,PUSKESMAS GUNTUNG MANGGIS,DINAS KESEHATAN,Umum,Obat-Obatan,20838,137.,2020-12-02,IBUPROFEN SUSPENSI 200 MG / 5 ML,Botol,36,5414,194904
Kalimantan Selatan,Banjarbaru,PUSKESMAS GUNTUNG MANGGIS,DINAS KESEHATAN,Umum,Obat-Obatan,16061,138.,2020-12-01,IPV,Buah,66,144540,9539640
Kalimantan Selatan,Banjarbaru,PUSKESMAS GUNTUNG MANGGIS,DINAS KESEHATAN,Umum,Obat-Obatan,16652,139.,2020-01-02,ISOSORBID DINITRAT TABLET SUBLINGUAL 5 MG,Tablet,100,89,8900
Kalimantan Selatan,Banjarbaru,PUSKESMAS GUNTUNG MANGGIS,DINAS KESEHATAN,Umum,Obat-Obatan,19302,140.,2020-04-01,Ibuprofen tablet 400 mg,Tablet,400,440,176000
Kalimantan Selatan,Banjarbaru,PUSKESMAS GUNTUNG MANGGIS,DINAS KESEHATAN,Umum,Obat-Obatan,594,141.,2020-01-02,Ichtyol salep,Pot,67,6600,442200
Kalimantan Selatan,Banjarbaru,PUSKESMAS GUNTUNG MANGGIS,DINAS KESEHATAN,Umum,Obat-Obatan,16737,142.,2020-01-02,Infusion Set Anak,pcs,32,5104,163328
Kalimantan Selatan,Banjarbaru,PUSKESMAS GUNTUNG MANGGIS,DINAS KESEHATAN,Umum,Obat-Obatan,16734,143.,2020-01-02,Infusion set Dewasa,pcs,7,4756,33292
Kalimantan Selatan,Banjarbaru,PUSKESMAS GUNTUNG MANGGIS,DINAS KESEHATAN,Umum,Obat-Obatan,16654,144.,2020-03-02,KALSIUM LAKTAT (KLAK) TABLET 500MG,Tablet,1800,59,106200
Kalimantan Selatan,Banjarbaru,PUSKESMAS GUNTUNG MANGGIS,DINAS KESEHATAN,Umum,Obat-Obatan,18328,145.,2020-01-02,KARBAMAZEPIN TABLET 200 MG HARGA 2,Tablet,60,306,18360
Kalimantan Selatan,Banjarbaru,PUSKESMAS GUNTUNG MANGGIS,DINAS KESEHATAN,Umum,Obat-Obatan,18398,146.,2020-01-02,KASA 4 X 5 CM,pcs,1100,334,367400
Kalimantan Selatan,Banjarbaru,PUSKESMAS GUNTUNG MANGGIS,DINAS KESEHATAN,Umum,Obat-Obatan,17470,147.,2020-01-02,KETOKONAZOLE TABLET 200MG HARGA 2,Tablet,300,305,91500
Kalimantan Selatan,Banjarbaru,PUSKESMAS GUNTUNG MANGGIS,DINAS KESEHATAN,Umum,Obat-Obatan,18329,148.,2020-03-02,KLORAMFENIKOL KAPSUL500 MG HARGA 2,Tablet,1300,1254,1630200
Kalimantan Selatan,Banjarbaru,PUSKESMAS GUNTUNG MANGGIS,DINAS KESEHATAN,Umum,Obat-Obatan,16666,151.,2020-01-02,KLORPROMAZIN HCL TABLET SALUT 100 MG,Tablet,52,144,7488
Kalimantan Selatan,Banjarbaru,PUSKESMAS GUNTUNG MANGGIS,DINAS KESEHATAN,Umum,Obat-Obatan,19305,152.,2020-01-02,KLORPROMAZIN HCL TABLET SALUT 100 MG HARGA 2,Tablet,100,144,14400
Kalimantan Selatan,Banjarbaru,PUSKESMAS GUNTUNG MANGGIS,DINAS KESEHATAN,Umum,Obat-Obatan,16667,153.,2020-01-02,KLORPROMAZIN HCL TABLET SALUT 25 MG,Tablet,1000,75,75000
Kalimantan Selatan,Banjarbaru,PUSKESMAS GUNTUNG MANGGIS,DINAS KESEHATAN,Umum,Obat-Obatan,16668,154.,2020-01-02,KODEIN HCL TABLET 10 MG,Tablet,158,630,99540
Kalimantan Selatan,Banjarbaru,PUSKESMAS GUNTUNG MANGGIS,DINAS KESEHATAN,Umum,Obat-Obatan,20202,155.,2020-01-02,KODEIN TABLET 10 MG,Tablet,165,657,108405
Kalimantan Selatan,Banjarbaru,PUSKESMAS GUNTUNG MANGGIS,DINAS KESEHATAN,Umum,Obat-Obatan,16669,156.,2020-01-02,KOTRIMOKSAZOL SUSPENSI,Botol,60,2052,123120
Kalimantan Selatan,Banjarbaru,PUSKESMAS GUNTUNG MANGGIS,DINAS KESEHATAN,Umum,Obat-Obatan,16669,157.,2020-04-01,KOTRIMOKSAZOL SUSPENSI,Botol,100,2052,205200
Kalimantan Selatan,Banjarbaru,PUSKESMAS GUNTUNG MANGGIS,DINAS KESEHATAN,Umum,Obat-Obatan,637,158.,2020-03-02,Kalium Diklofenak 50 mg,Tablet,2600,300,780000
Kalimantan Selatan,Banjarbaru,PUSKESMAS GUNTUNG MANGGIS,DINAS KESEHATAN,Umum,Obat-Obatan,649,159.,2020-12-02,Kalsium Laktat 500 mg,Tablet,1500,63,94500
Kalimantan Selatan,Banjarbaru,PUSKESMAS GUNTUNG MANGGIS,DINAS KESEHATAN,Umum,Obat-Obatan,16739,160.,2020-01-02,Kapas Pembalut Absorben 250 gram Harga 1,pcs,4,8250,33000
Kalimantan Selatan,Banjarbaru,PUSKESMAS GUNTUNG MANGGIS,DINAS KESEHATAN,Umum,Obat-Obatan,19506,161.,2020-01-02,Kapas berlemak 500 gr,pcs,3,21533,64599
Kalimantan Selatan,Banjarbaru,PUSKESMAS GUNTUNG MANGGIS,DINAS KESEHATAN,Umum,Obat-Obatan,16743,162.,2020-12-02,Kasa Kotak 16 x 16 cm,pcs,9,9200,82800
Kalimantan Selatan,Banjarbaru,PUSKESMAS GUNTUNG MANGGIS,DINAS KESEHATAN,Umum,Obat-Obatan,16744,163.,2020-01-02,Kasa Pembalut 2 M x 80 cm,pcs,24,10076,241824
Kalimantan Selatan,Banjarbaru,PUSKESMAS GUNTUNG MANGGIS,DINAS KESEHATAN,Umum,Obat-Obatan,19508,164.,2020-01-02,Kasa kompres 40/40 steril,pcs,13,1840,23920
Kalimantan Selatan,Banjarbaru,PUSKESMAS GUNTUNG MANGGIS,DINAS KESEHATAN,Umum,Obat-Obatan,21481,165.,2020-01-02,Ketokonazole Creamm,Tube,31,2577,79887
Kalimantan Selatan,Banjarbaru,PUSKESMAS GUNTUNG MANGGIS,DINAS KESEHATAN,Umum,Obat-Obatan,18525,167.,2020-01-02,Kloramfenikol salep mata 1%,Tube,32,1925,61600
Kalimantan Selatan,Banjarbaru,PUSKESMAS GUNTUNG MANGGIS,DINAS KESEHATAN,Umum,Obat-Obatan,618,169.,2020-04-01,Klorpromazin 100 mg,Tablet,95,170,16150
Kalimantan Selatan,Banjarbaru,PUSKESMAS GUNTUNG MANGGIS,DINAS KESEHATAN,Umum,Obat-Obatan,634,170.,2020-03-02,Kotrimoksazol Pediatrik Tab Kombinasi,Tablet,300,125,37500
Kalimantan Selatan,Banjarbaru,PUSKESMAS GUNTUNG MANGGIS,DINAS KESEHATAN,Umum,Obat-Obatan,18995,171.,2020-04-01,LIDOKAIN KOMPOSITUM INJEKSI,Ampul,30,1405,42150
Kalimantan Selatan,Banjarbaru,PUSKESMAS GUNTUNG MANGGIS,DINAS KESEHATAN,Umum,Obat-Obatan,18843,172.,2020-01-02,LORATADINE TABLET 10 MG,Tablet,400,149,59600
Kalimantan Selatan,Banjarbaru,PUSKESMAS GUNTUNG MANGGIS,DINAS KESEHATAN,Umum,Obat-Obatan,19306,173.,2020-03-02,Loperamide 2 Mg Harga 2,Tablet,100,198,19800
Kalimantan Selatan,Banjarbaru,PUSKESMAS GUNTUNG MANGGIS,DINAS KESEHATAN,Umum,Obat-Obatan,19306,174.,2020-12-02,Loperamide 2 Mg Harga 2,Tablet,100,198,19800
Kalimantan Selatan,Banjarbaru,PUSKESMAS GUNTUNG MANGGIS,DINAS KESEHATAN,Umum,Obat-Obatan,19308,175.,2020-12-02,Loratadine 10 Mg harga 2,Tablet,450,136,61200
Kalimantan Selatan,Banjarbaru,PUSKESMAS GUNTUNG MANGGIS,DINAS KESEHATAN,Umum,Obat-Obatan,18997,176.,2020-03-02,MAGNESIUM SULFAT INJEKSI (IV) 40% - 25 ml,Ampul,6,3796,22776
Kalimantan Selatan,Banjarbaru,PUSKESMAS GUNTUNG MANGGIS,DINAS KESEHATAN,Umum,Obat-Obatan,16675,177.,2020-01-02,MAGNESIUM SULFAT INJEKSI(IV) 20% - 25 ML,Ampul,12,3328,39936
Kalimantan Selatan,Banjarbaru,PUSKESMAS GUNTUNG MANGGIS,DINAS KESEHATAN,Umum,Obat-Obatan,18529,178.,2020-04-01,MASKER,lembar,1150,490,563500
Kalimantan Selatan,Banjarbaru,PUSKESMAS GUNTUNG MANGGIS,DINAS KESEHATAN,Umum,Obat-Obatan,16680,179.,2020-04-01,"METILERGOMETRIN MALEAT INJ 0,200 MG-1 ML HARGA 1",ampul,5,3399,16995
Kalimantan Selatan,Banjarbaru,PUSKESMAS GUNTUNG MANGGIS,DINAS KESEHATAN,Umum,Obat-Obatan,16682,180.,2020-01-02,"METILERGOMETRIN MALEAT INJ 0,200 MG-1 ML HARGA 3",Ampul,1,153,153
Kalimantan Selatan,Banjarbaru,PUSKESMAS GUNTUNG MANGGIS,DINAS KESEHATAN,Umum,Obat-Obatan,20172,181.,2020-03-02,METRONIDAZOLE 500 MG TABLET KF,Tablet,100,638,63800
Kalimantan Selatan,Banjarbaru,PUSKESMAS GUNTUNG MANGGIS,DINAS KESEHATAN,Umum,Obat-Obatan,20172,182.,2020-12-02,METRONIDAZOLE 500 MG TABLET KF,Tablet,200,638,127600
Kalimantan Selatan,Banjarbaru,PUSKESMAS GUNTUNG MANGGIS,DINAS KESEHATAN,Umum,Obat-Obatan,18344,183.,2020-07-01,MICONAZOLE CREAM 2%,Tube,24,3926,94224
Kalimantan Selatan,Banjarbaru,PUSKESMAS GUNTUNG MANGGIS,DINAS KESEHATAN,Umum,Obat-Obatan,18344,184.,2020-12-02,MICONAZOLE CREAM 2%,Tube,24,3926,94224
Kalimantan Selatan,Banjarbaru,PUSKESMAS GUNTUNG MANGGIS,DINAS KESEHATAN,Umum,Obat-Obatan,16685,185.,2020-01-02,MINIASPI / ASETOSAL 80 MG HARGA 1,Tablet,150,123,18450
Kalimantan Selatan,Banjarbaru,PUSKESMAS GUNTUNG MANGGIS,DINAS KESEHATAN,Umum,Obat-Obatan,16686,186.,2020-07-01,MINIASPI / ASETOSAL 80 MG HARGA 2,Tablet,100,99,9900
Kalimantan Selatan,Banjarbaru,PUSKESMAS GUNTUNG MANGGIS,DINAS KESEHATAN,Umum,Obat-Obatan,16686,187.,2020-12-02,MINIASPI / ASETOSAL 80 MG HARGA 2,Tablet,200,99,19800
Kalimantan Selatan,Banjarbaru,PUSKESMAS GUNTUNG MANGGIS,DINAS KESEHATAN,Umum,Obat-Obatan,16060,188.,2020-12-01,MR,Buah,8,166265,1330120
Kalimantan Selatan,Banjarbaru,PUSKESMAS GUNTUNG MANGGIS,DINAS KESEHATAN,Umum,Obat-Obatan,16749,189.,2020-04-01,Masker N95 Harga 1,pcs,35,21000,735000
Kalimantan Selatan,Banjarbaru,PUSKESMAS GUNTUNG MANGGIS,DINAS KESEHATAN,Umum,Obat-Obatan,648,191.,2020-01-02,"Metilergometrin Maleat inj 0,2 mg -1 ml",Ampul,35,3278,114730
Kalimantan Selatan,Banjarbaru,PUSKESMAS GUNTUNG MANGGIS,DINAS KESEHATAN,Umum,Obat-Obatan,627,192.,2020-01-02,"Metilergometrin Maleat tab salut 0,125 mg",Tablet,199,133,26467
Kalimantan Selatan,Banjarbaru,PUSKESMAS GUNTUNG MANGGIS,DINAS KESEHATAN,Umum,Obat-Obatan,668,193.,2020-12-02,Metilprednisolon 8 mg,Tablet,600,148,88800
Kalimantan Selatan,Banjarbaru,PUSKESMAS GUNTUNG MANGGIS,DINAS KESEHATAN,Umum,Obat-Obatan,16615,194.,2020-01-02,NISTATIN 100.000/IU/G TABLET VAGINAL,Tablet,17,602,10234
Kalimantan Selatan,Banjarbaru,PUSKESMAS GUNTUNG MANGGIS,DINAS KESEHATAN,Umum,Obat-Obatan,16616,195.,2020-01-02,NISTATIN 500.000 TABLET SALUT,Tablet,360,857,308520
Kalimantan Selatan,Banjarbaru,PUSKESMAS GUNTUNG MANGGIS,DINAS KESEHATAN,Umum,Obat-Obatan,19513,196.,2020-01-02,Nasal oksigen kanula,pcs,10,6844,68440
Kalimantan Selatan,Banjarbaru,PUSKESMAS GUNTUNG MANGGIS,DINAS KESEHATAN,Umum,Obat-Obatan,609,197.,2020-01-02,"Natrium Klorida infus 0,9 %",Botol,4,6410,25640
Kalimantan Selatan,Banjarbaru,PUSKESMAS GUNTUNG MANGGIS,DINAS KESEHATAN,Umum,Obat-Obatan,16788,198.,2020-01-02,Nebulizer Mask,pcs,4,11020,44080
Kalimantan Selatan,Banjarbaru,PUSKESMAS GUNTUNG MANGGIS,DINAS KESEHATAN,Umum,Obat-Obatan,18584,199.,2020-03-02,Noza Harga 2,kaplet,6,86570,519420
Kalimantan Selatan,Banjarbaru,PUSKESMAS GUNTUNG MANGGIS,DINAS KESEHATAN,Umum,Obat-Obatan,20175,200.,2020-03-02,OBAT BATUK HITAM,Botol,60,3960,237600
Kalimantan Selatan,Banjarbaru,PUSKESMAS GUNTUNG MANGGIS,DINAS KESEHATAN,Umum,Obat-Obatan,16619,201.,2020-01-02,OFLOXACIN 400 MG,Tablet,850,700,595000
Kalimantan Selatan,Banjarbaru,PUSKESMAS GUNTUNG MANGGIS,DINAS KESEHATAN,Umum,Obat-Obatan,16620,202.,2020-01-02,OKSITOSIN INJEKSI 10 IU/ML-1 ML,Ampul,15,1900,28500
Kalimantan Selatan,Banjarbaru,PUSKESMAS GUNTUNG MANGGIS,DINAS KESEHATAN,Umum,Obat-Obatan,21018,203.,2020-12-02,OMEPRAZOL TABLET 20 mg,Tablet,330,147,48510
Kalimantan Selatan,Banjarbaru,PUSKESMAS GUNTUNG MANGGIS,DINAS KESEHATAN,Umum,Obat-Obatan,17189,204.,2020-01-02,ONDANSENTRON 8 mg Tablet,Tablet,30,404,12120
Kalimantan Selatan,Banjarbaru,PUSKESMAS GUNTUNG MANGGIS,DINAS KESEHATAN,Umum,Obat-Obatan,18552,205.,2020-01-02,Oksitetrasiklin Hcl Salep mata,Tube,40,2600,104000
Kalimantan Selatan,Banjarbaru,PUSKESMAS GUNTUNG MANGGIS,DINAS KESEHATAN,Umum,Obat-Obatan,2816,206.,2020-01-02,Ondansetron 8mg tab,Tablet,360,1343,483480
Kalimantan Selatan,Banjarbaru,PUSKESMAS GUNTUNG MANGGIS,DINAS KESEHATAN,Umum,Obat-Obatan,16767,207.,2020-12-02,One Scrub / Aseptic gel,Botol,19,25333,481327
Kalimantan Selatan,Banjarbaru,PUSKESMAS GUNTUNG MANGGIS,DINAS KESEHATAN,Umum,Obat-Obatan,12149,208.,2020-12-02,Oseltavimir,Tablet,800,9900,7920000
Kalimantan Selatan,Banjarbaru,PUSKESMAS GUNTUNG MANGGIS,DINAS KESEHATAN,Umum,Obat-Obatan,20176,209.,2020-03-02,PAPAVERINE TAB,Tablet,100,253,25300
Kalimantan Selatan,Banjarbaru,PUSKESMAS GUNTUNG MANGGIS,DINAS KESEHATAN,Umum,Obat-Obatan,20176,210.,2020-12-02,PAPAVERINE TAB,Tablet,500,253,126500
Kalimantan Selatan,Banjarbaru,PUSKESMAS GUNTUNG MANGGIS,DINAS KESEHATAN,Umum,Obat-Obatan,18348,211.,2020-12-02,PARASETAMOL DROP,Botol,102,7646,779892
Kalimantan Selatan,Banjarbaru,PUSKESMAS GUNTUNG MANGGIS,DINAS KESEHATAN,Umum,Obat-Obatan,18370,212.,2020-12-02,PARASETAMOL TABLET 500 MG,Tablet,2600,60,156000
Kalimantan Selatan,Banjarbaru,PUSKESMAS GUNTUNG MANGGIS,DINAS KESEHATAN,Umum,Obat-Obatan,19239,213.,2020-01-02,PEHACAIN INJEKSI (IFRS),Ampul,19,3113,59147
Kalimantan Selatan,Banjarbaru,PUSKESMAS GUNTUNG MANGGIS,DINAS KESEHATAN,Umum,Obat-Obatan,20177,214.,2020-01-02,PIRACETAM TAB 400 mg,Tablet,100,2200,220000
Kalimantan Selatan,Banjarbaru,PUSKESMAS GUNTUNG MANGGIS,DINAS KESEHATAN,Umum,Obat-Obatan,20177,215.,2020-04-01,PIRACETAM TAB 400 mg,Tablet,100,2200,220000
Kalimantan Selatan,Banjarbaru,PUSKESMAS GUNTUNG MANGGIS,DINAS KESEHATAN,Umum,Obat-Obatan,18381,216.,2020-12-02,PIRIDOKSIN HCL TABLET 10 MG,Tablet,800,150,120000
Kalimantan Selatan,Banjarbaru,PUSKESMAS GUNTUNG MANGGIS,DINAS KESEHATAN,Umum,Obat-Obatan,18846,217.,2020-12-02,PREDNISON 5 MG,Tablet,200,79,15800
Kalimantan Selatan,Banjarbaru,PUSKESMAS GUNTUNG MANGGIS,DINAS KESEHATAN,Umum,Obat-Obatan,18383,218.,2020-01-02,PROPILTIOURASIL TABLET 100 MG,Tablet,200,475,95000
Kalimantan Selatan,Banjarbaru,PUSKESMAS GUNTUNG MANGGIS,DINAS KESEHATAN,Umum,Obat-Obatan,987,219.,2020-01-02,PROPRANOLOL 10 MG TABLET DEXA,Tablet,100,69,6900
Kalimantan Selatan,Banjarbaru,PUSKESMAS GUNTUNG MANGGIS,DINAS KESEHATAN,Umum,Obat-Obatan,18534,220.,2020-03-02,Parasetamol sirup 120mg/5ml,Botol,50,1160,58000
Kalimantan Selatan,Banjarbaru,PUSKESMAS GUNTUNG MANGGIS,DINAS KESEHATAN,Umum,Obat-Obatan,509,221.,2020-01-02,Pehacain inj,ampul,1,3114,3114
Kalimantan Selatan,Banjarbaru,PUSKESMAS GUNTUNG MANGGIS,DINAS KESEHATAN,Umum,Obat-Obatan,817,222.,2020-01-02,Pirantel 125 mg,Tablet,149,1485,221265
Kalimantan Selatan,Banjarbaru,PUSKESMAS GUNTUNG MANGGIS,DINAS KESEHATAN,Umum,Obat-Obatan,796,223.,2020-01-02,Pirantel syrup 125 mg / 5 mg,Botol,39,9100,354900
Kalimantan Selatan,Banjarbaru,PUSKESMAS GUNTUNG MANGGIS,DINAS KESEHATAN,Umum,Obat-Obatan,15665,224.,2020-09-01,Plastik Obat,Pak,152,2500,380000
Kalimantan Selatan,Banjarbaru,PUSKESMAS GUNTUNG MANGGIS,DINAS KESEHATAN,Umum,Obat-Obatan,15665,225.,2020-11-02,Plastik Obat,Pak,448,2500,1120000
Kalimantan Selatan,Banjarbaru,PUSKESMAS GUNTUNG MANGGIS,DINAS KESEHATAN,Umum,Obat-Obatan,17190,226.,2020-03-02,Propranolol HCL Tablet 10 mg,Tablet,100,63,6300
Kalimantan Selatan,Banjarbaru,PUSKESMAS GUNTUNG MANGGIS,DINAS KESEHATAN,Umum,Obat-Obatan,18880,227.,2020-12-02,RANITIDIN 150 MG TABLET PROMED,Tablet,3,12001,36003
Kalimantan Selatan,Banjarbaru,PUSKESMAS GUNTUNG MANGGIS,DINAS KESEHATAN,Umum,Obat-Obatan,18377,228.,2020-01-02,RISPERIDON 2MG,Tablet,100,495,49500
Kalimantan Selatan,Banjarbaru,PUSKESMAS GUNTUNG MANGGIS,DINAS KESEHATAN,Umum,Obat-Obatan,1005,229.,2020-01-02,Retinol ( Vitimin A ) 100.000 UI,Kapsul,150,327,49050
Kalimantan Selatan,Banjarbaru,PUSKESMAS GUNTUNG MANGGIS,DINAS KESEHATAN,Umum,Obat-Obatan,540,230.,2020-01-02,Ringer laktat infus steril,Botol,4,7150,28600
Kalimantan Selatan,Banjarbaru,PUSKESMAS GUNTUNG MANGGIS,DINAS KESEHATAN,Umum,Obat-Obatan,16698,231.,2020-01-02,Ringerlaktat Larutan Infus Steril Harga 1,Botol,7,5720,40040
Kalimantan Selatan,Banjarbaru,PUSKESMAS GUNTUNG MANGGIS,DINAS KESEHATAN,Umum,Obat-Obatan,16699,232.,2020-03-02,Ringerlaktat Larutan Infus Steril Harga 2,Botol,20,7630,152600
Kalimantan Selatan,Banjarbaru,PUSKESMAS GUNTUNG MANGGIS,DINAS KESEHATAN,Umum,Obat-Obatan,19017,233.,2020-01-02,SAFETY BOK VAKSIN,Buah,34,28845,980730
Kalimantan Selatan,Banjarbaru,PUSKESMAS GUNTUNG MANGGIS,DINAS KESEHATAN,Umum,Obat-Obatan,18324,234.,2020-01-02,SAFETY BOX,pcs,29,23902,693158
Kalimantan Selatan,Banjarbaru,PUSKESMAS GUNTUNG MANGGIS,DINAS KESEHATAN,Umum,Obat-Obatan,18324,235.,2020-07-01,SAFETY BOX,pcs,12,23902,286824
Kalimantan Selatan,Banjarbaru,PUSKESMAS GUNTUNG MANGGIS,DINAS KESEHATAN,Umum,Obat-Obatan,21005,236.,2020-03-02,SAFETY BOX obat,Buah,1,32000,32000
Kalimantan Selatan,Banjarbaru,PUSKESMAS GUNTUNG MANGGIS,DINAS KESEHATAN,Umum,Obat-Obatan,21005,237.,2020-12-01,SAFETY BOX obat,Buah,36,16501,594036
Kalimantan Selatan,Banjarbaru,PUSKESMAS GUNTUNG MANGGIS,DINAS KESEHATAN,Umum,Obat-Obatan,547,238.,2020-01-02,SALBUTAMOL 2 MG TABLET KF,Tablet,1600,68,108800
Kalimantan Selatan,Banjarbaru,PUSKESMAS GUNTUNG MANGGIS,DINAS KESEHATAN,Umum,Obat-Obatan,18844,239.,2020-04-01,SALBUTAMOL TABLET 2 MG,Tablet,300,64,19200
Kalimantan Selatan,Banjarbaru,PUSKESMAS GUNTUNG MANGGIS,DINAS KESEHATAN,Umum,Obat-Obatan,18845,240.,2020-07-01,SALBUTAMOL TABLET 4 MG,Tablet,300,77,23100
Kalimantan Selatan,Banjarbaru,PUSKESMAS GUNTUNG MANGGIS,DINAS KESEHATAN,Umum,Obat-Obatan,19152,241.,2020-01-02,SALEP2-4(ASAM SALISILAT 2%+BELERANG ENDAP 4%),Pot,19,2200,41800
Kalimantan Selatan,Banjarbaru,PUSKESMAS GUNTUNG MANGGIS,DINAS KESEHATAN,Umum,Obat-Obatan,678,242.,2020-01-02,SIMVASTATIN 10 MG TABLET HJ,Tablet,450,135,60750
Kalimantan Selatan,Banjarbaru,PUSKESMAS GUNTUNG MANGGIS,DINAS KESEHATAN,Umum,Obat-Obatan,18632,243.,2020-12-02,SIMVASTATIN 20 MG TABLET KF,Tablet,700,237,165900
Kalimantan Selatan,Banjarbaru,PUSKESMAS GUNTUNG MANGGIS,DINAS KESEHATAN,Umum,Obat-Obatan,19005,244.,2020-01-02,SUKRALFAT,Botol,7,70000,490000
Kalimantan Selatan,Banjarbaru,PUSKESMAS GUNTUNG MANGGIS,DINAS KESEHATAN,Umum,Obat-Obatan,16701,245.,2020-01-02,Salbutamol Tablet 2 Mg,Tablet,650,87,56550
Kalimantan Selatan,Banjarbaru,PUSKESMAS GUNTUNG MANGGIS,DINAS KESEHATAN,Umum,Obat-Obatan,16702,246.,2020-01-02,Salisil Bedak 2 %,Sachset,20,4499,89980
Kalimantan Selatan,Banjarbaru,PUSKESMAS GUNTUNG MANGGIS,DINAS KESEHATAN,Umum,Obat-Obatan,19054,247.,2020-12-02,Scabisid cream/scabimide,Tube,50,11825,591250
Kalimantan Selatan,Banjarbaru,PUSKESMAS GUNTUNG MANGGIS,DINAS KESEHATAN,Umum,Obat-Obatan,19606,248.,2020-03-02,Simvastatin 10 mg hrg 3,Tablet,390,110,42900
Kalimantan Selatan,Banjarbaru,PUSKESMAS GUNTUNG MANGGIS,DINAS KESEHATAN,Umum,Obat-Obatan,16708,249.,2020-03-02,Simvastatin 20 mg harga 2,Tablet,200,250,50000
Kalimantan Selatan,Banjarbaru,PUSKESMAS GUNTUNG MANGGIS,DINAS KESEHATAN,Umum,Obat-Obatan,16710,250.,2020-01-02,Stesolid Rectal Harga 1,Tube,8,12751,102008
Kalimantan Selatan,Banjarbaru,PUSKESMAS GUNTUNG MANGGIS,DINAS KESEHATAN,Umum,Obat-Obatan,16711,251.,2020-01-02,Stesolid Rectal Harga 2,Tube,6,13384,80304
Kalimantan Selatan,Banjarbaru,PUSKESMAS GUNTUNG MANGGIS,DINAS KESEHATAN,Umum,Obat-Obatan,752,252.,2020-01-02,Sulfasetamid Na Tetes mata 15 %,Botol,50,25190,1259500
Kalimantan Selatan,Banjarbaru,PUSKESMAS GUNTUNG MANGGIS,DINAS KESEHATAN,Umum,Obat-Obatan,16756,253.,2020-01-02,Surflo 22 G x 1,pcs,34,8355,284070
Kalimantan Selatan,Banjarbaru,PUSKESMAS GUNTUNG MANGGIS,DINAS KESEHATAN,Umum,Obat-Obatan,16757,254.,2020-01-02,Surflo No.24 G,pcs,18,8355,150390
Kalimantan Selatan,Banjarbaru,PUSKESMAS GUNTUNG MANGGIS,DINAS KESEHATAN,Umum,Obat-Obatan,21014,255.,2020-01-02,TIAMIN (VITAMIN B1) TABLET 50 mg,Tablet,10,431,4310
Kalimantan Selatan,Banjarbaru,PUSKESMAS GUNTUNG MANGGIS,DINAS KESEHATAN,Umum,Obat-Obatan,5151,256.,2020-12-01,Td,Vial,34,18128,616352
Kalimantan Selatan,Banjarbaru,PUSKESMAS GUNTUNG MANGGIS,DINAS KESEHATAN,Umum,Obat-Obatan,17236,258.,2020-12-02,Tiamin HCL Mononitrat (Vit.B1) Tablet Harga 1,Tablet,1200,88,105600
Kalimantan Selatan,Banjarbaru,PUSKESMAS GUNTUNG MANGGIS,DINAS KESEHATAN,Umum,Obat-Obatan,16715,259.,2020-01-02,Triheksifenidil Hidroklorida Tablet 2 mg,Tablet,100,95,9500
Kalimantan Selatan,Banjarbaru,PUSKESMAS GUNTUNG MANGGIS,DINAS KESEHATAN,Umum,Obat-Obatan,16716,260.,2020-03-02,Truvit,Botol,70,12540,877800
Kalimantan Selatan,Banjarbaru,PUSKESMAS GUNTUNG MANGGIS,DINAS KESEHATAN,Umum,Obat-Obatan,16775,261.,2020-01-02,Underpad Harga 2,Buah,7,47868,335076
Kalimantan Selatan,Banjarbaru,PUSKESMAS GUNTUNG MANGGIS,DINAS KESEHATAN,Umum,Obat-Obatan,19609,262.,2020-03-02,VITALEX,Tablet,800,440,352000
Kalimantan Selatan,Banjarbaru,PUSKESMAS GUNTUNG MANGGIS,DINAS KESEHATAN,Umum,Obat-Obatan,17102,263.,2020-12-01,Vaksin BCG,Vial,18,66154,1190772
Kalimantan Selatan,Banjarbaru,PUSKESMAS GUNTUNG MANGGIS,DINAS KESEHATAN,Umum,Obat-Obatan,17101,264.,2020-12-01,Vaksin Polio 10 dosis,Vial,37,21285,787545
Kalimantan Selatan,Banjarbaru,PUSKESMAS GUNTUNG MANGGIS,DINAS KESEHATAN,Umum,Obat-Obatan,21591,265.,2020-06-01,Vaksin influenza,Vial,10,167460,1674600
Kalimantan Selatan,Banjarbaru,PUSKESMAS GUNTUNG MANGGIS,DINAS KESEHATAN,Umum,Obat-Obatan,16718,266.,2020-12-02,Vitamin B Kompleks Tablet,Tablet,1200,135,162000
Kalimantan Selatan,Banjarbaru,PUSKESMAS GUNTUNG MANGGIS,DINAS KESEHATAN,Umum,Obat-Obatan,19369,267.,2020-01-02,Vitamin B1 100 mg,Tablet,1990,274,545260
Kalimantan Selatan,Banjarbaru,PUSKESMAS GUNTUNG MANGGIS,DINAS KESEHATAN,Umum,Obat-Obatan,19311,268.,2020-07-01,Vitamin B12 tablet,Tablet,2200,52,114400
Kalimantan Selatan,Banjarbaru,PUSKESMAS GUNTUNG MANGGIS,DINAS KESEHATAN,Umum,Obat-Obatan,16721,269.,2020-01-02,Yodium Povidon Larutan 10 % 300 ml,Botol,1,21600,21600
Kalimantan Selatan,Banjarbaru,PUSKESMAS GUNTUNG MANGGIS,DINAS KESEHATAN,Umum,Obat-Obatan,16721,270.,2020-03-02,Yodium Povidon Larutan 10 % 300 ml,Botol,1,21600,21600
Kalimantan Selatan,Banjarbaru,PUSKESMAS GUNTUNG MANGGIS,DINAS KESEHATAN,Umum,Obat-Obatan,16721,271.,2020-04-01,Yodium Povidon Larutan 10 % 300 ml,Botol,1,21600,21600
Kalimantan Selatan,Banjarbaru,PUSKESMAS GUNTUNG MANGGIS,DINAS KESEHATAN,Umum,Obat-Obatan,16721,272.,2020-12-02,Yodium Povidon Larutan 10 % 300 ml,Botol,3,21600,64800
Kalimantan Selatan,Banjarbaru,PUSKESMAS GUNTUNG MANGGIS,DINAS KESEHATAN,Umum,Obat-Obatan,18014,273.,2020-01-02,ZINC 20 MG TABLET KF,Tablet,1100,592,651200
Kalimantan Selatan,Banjarbaru,PUSKESMAS GUNTUNG MANGGIS,DINAS KESEHATAN,Umum,Obat-Obatan,18393,274.,2020-12-02,ZINCI TABLET 20 MG,Tablet,300,604,181200
Kalimantan Selatan,Banjarbaru,PUSKESMAS GUNTUNG MANGGIS,DINAS KESEHATAN,Umum,Obat-Obatan,676,275.,2020-01-02,Zinc syr 20 mg/5ml,Botol,20,3285,65700
Kalimantan Selatan,Banjarbaru,PUSKESMAS GUNTUNG MANGGIS,DINAS KESEHATAN,Umum,Obat-Obatan,676,276.,2020-04-01,Zinc syr 20 mg/5ml,Botol,50,3285,164250
Kalimantan Selatan,Banjarbaru,PUSKESMAS GUNTUNG MANGGIS,DINAS KESEHATAN,Umum,Obat-Obatan,10598,277.,2020-01-02,dextrofen syrup,Botol,85,8046,683910
Kalimantan Selatan,Banjarbaru,PUSKESMAS GUNTUNG MANGGIS,DINAS KESEHATAN,Umum,Obat-Obatan,18973,278.,2020-01-02,hyosciamine n butil bromida,Tablet,800,1870,1496000
Kalimantan Selatan,Banjarbaru,PUSKESMAS GUNTUNG MANGGIS,DINAS KESEHATAN,Umum,Obat-Obatan,19431,279.,2020-03-02,laxadine emulsi,Botol,6,15060,90360
Kalimantan Selatan,Banjarbaru,PUSKESMAS GUNTUNG MANGGIS,DINAS KESEHATAN,Umum,Obat-Obatan,13127,280.,2020-07-01,polio trivalent 10 Dose,Buah,28,18140,507920
Kalimantan Selatan,Banjarbaru,PUSKESMAS GUNTUNG MANGGIS,DINAS KESEHATAN,Umum,Obat-Obatan,19992,281.,2020-06-01,pot sputum,Buah,25,5890,147250
Kalimantan Selatan,Banjarbaru,PUSKESMAS GUNTUNG MANGGIS,DINAS KESEHATAN,Umum,Obat-Obatan,8110,282.,2020-01-02,surflo no 20,pcs,50,8355,417750
Kalimantan Selatan,Banjarbaru,PUSKESMAS GUNTUNG MANGGIS,DINAS KESEHATAN,Umum,Perlengkapan Kesehatan,5615,283.,2020-04-01,APD Faceshield,pcs,10,60500,605000
Kalimantan Selatan,Banjarbaru,PUSKESMAS GUNTUNG MANGGIS,DINAS KESEHATAN,Umum,Perlengkapan Kesehatan,22015,284.,2020-04-01,Baju APD,Buah,50,150000,7500000
Kalimantan Selatan,Banjarbaru,PUSKESMAS GUNTUNG MANGGIS,DINAS KESEHATAN,Umum,Cetak,19840,285.,2020-05-01,CETAK SERTIFIKAT IMUNISASI BAYI,lembar,25,3740,93500
Kalimantan Selatan,Banjarbaru,PUSKESMAS GUNTUNG MANGGIS,DINAS KESEHATAN,Umum,Cetak,1511,286.,2020-12-01,"Cetak Buku Form, Autopsi Maternal dan Perinatal",Buah,6,200000,1200000
Kalimantan Selatan,Banjarbaru,PUSKESMAS GUNTUNG MANGGIS,DINAS KESEHATAN,Umum,Cetak,4503,287.,2020-12-01,Cetak X- Banner,Buah,1,200000,200000
Kalimantan Selatan,Banjarbaru,PUSKESMAS GUNTUNG MANGGIS,DINAS KESEHATAN,Umum,Cetak,13809,288.,2020-04-15,KARTU RAWAT JALAN,Pak,1,100000,100000
Kalimantan Selatan,Banjarbaru,PUSKESMAS GUNTUNG MANGGIS,DINAS KESEHATAN,Umum,Cetak,18180,289.,2020-04-15,Kuitansi global,buku,2,40000,80000
Kalimantan Selatan,Banjarbaru,PUSKESMAS GUNTUNG MANGGIS,DINAS KESEHATAN,Umum,Alat Listrik dan Elektronik (Lampu Pijar. Battery Kering),1880,290.,2020-09-01,Battery AA,Set,5,15000,75000
Kalimantan Selatan,Banjarbaru,PUSKESMAS GUNTUNG MANGGIS,DINAS KESEHATAN,Umum,Alat Listrik dan Elektronik (Lampu Pijar. Battery Kering),3176,291.,2020-01-02,Lampu Philip 20 watt,Buah,1,50000,50000
Kalimantan Selatan,Banjarbaru,PUSKESMAS GUNTUNG MANGGIS,DINAS KESEHATAN,Umum,Bahan Obat Obatan,19123,292.,2020-01-02,ALETROL TM,Botol,41,18000,738000
Kalimantan Selatan,Banjarbaru,PUSKESMAS GUNTUNG MANGGIS,DINAS KESEHATAN,Umum,Bahan Obat Obatan,19121,293.,2020-01-02,ANATON SYRUP,Botol,95,6000,570000
Kalimantan Selatan,Banjarbaru,PUSKESMAS GUNTUNG MANGGIS,DINAS KESEHATAN,Umum,Bahan Obat Obatan,20321,294.,2020-12-01,FERRO FUMARATE ( TTD PHAPROS BUMIL)60 mg TAB,Tablet,22,45700,1005400
Kalimantan Selatan,Banjarbaru,PUSKESMAS GUNTUNG MANGGIS,DINAS KESEHATAN,Umum,Bahan Obat Obatan,20669,295.,2020-12-01,Povidone,Buah,5,5100,25500
Kalimantan Selatan,Banjarbaru,PUSKESMAS GUNTUNG MANGGIS,DINAS KESEHATAN,Umum,Bahan Obat Obatan,19119,296.,2020-01-02,SOLAFLUS SYRUP,Botol,60,10000,600000
