SATKER,PUSKESMAS LANDASAN ULIN TIMURANY,,,,,,,,,,,,
Nama Barang,ANY,,,,,,,,,,,,
,,,,,,,,,,,,,
Provinsi,Kota,SATKER,SKPD,Gudang,Jenis Barang,Kode Barang,No,Tanggal Beli,Nama Barang,Satuan,Jumlah,Harga,Total Harga
Kalimantan Selatan,Banjarbaru,PUSKESMAS LANDASAN ULIN TIMUR,DINAS KESEHATAN,Hibah Pihak Ketiga (Covid19),Obat-Obatan,9005,143.,2020-07-08,HANDSANATIZER,Botol,8,60000,480000
Kalimantan Selatan,Banjarbaru,PUSKESMAS LANDASAN ULIN TIMUR,DINAS KESEHATAN,Hibah Pihak Ketiga (Covid19),Obat-Obatan,22389,188.,2020-04-23,MASKER BEDAH,Buah,50,7000,350000
Kalimantan Selatan,Banjarbaru,PUSKESMAS LANDASAN ULIN TIMUR,DINAS KESEHATAN,Hibah Pihak Ketiga (Covid19),Obat-Obatan,16890,199.,2020-04-28,Masker Hijab,kotak,3,350000,1050000
Kalimantan Selatan,Banjarbaru,PUSKESMAS LANDASAN ULIN TIMUR,DINAS KESEHATAN,Hibah Pihak Ketiga (Covid19),Perlengkapan Kesehatan,5615,277.,2020-08-04,APD Faceshield,pcs,10,60500,605000
Kalimantan Selatan,Banjarbaru,PUSKESMAS LANDASAN ULIN TIMUR,DINAS KESEHATAN,Hibah Pihak Ketiga (Covid19),Perlengkapan Kesehatan,9522,278.,2020-07-08,Baju Pelindung Diri APD,pcs,5,100000,500000
Kalimantan Selatan,Banjarbaru,PUSKESMAS LANDASAN ULIN TIMUR,DINAS KESEHATAN,Hibah Pihak Ketiga (Covid19),Perlengkapan Kesehatan,9522,279.,2020-08-04,Baju Pelindung Diri APD,pcs,20,100000,2000000
Kalimantan Selatan,Banjarbaru,PUSKESMAS LANDASAN ULIN TIMUR,DINAS KESEHATAN,Hibah Pihak Ketiga (Covid19),Perlengkapan Kesehatan,5021,281.,2020-04-20,Handscound,kotak,2,62700,125400
Kalimantan Selatan,Banjarbaru,PUSKESMAS LANDASAN ULIN TIMUR,DINAS KESEHATAN,Hibah Pihak Ketiga (Covid19),Perlengkapan Kesehatan,5021,282.,2020-04-23,Handscound,kotak,2,62700,125400
Kalimantan Selatan,Banjarbaru,PUSKESMAS LANDASAN ULIN TIMUR,DINAS KESEHATAN,Hibah Pihak Ketiga (Covid19),Perlengkapan Kesehatan,5021,283.,2020-04-28,Handscound,kotak,1,62700,62700
Kalimantan Selatan,Banjarbaru,PUSKESMAS LANDASAN ULIN TIMUR,DINAS KESEHATAN,Hibah Pihak Ketiga (Covid19),Perlengkapan Kesehatan,11999,284.,2020-08-04,Masker 3M KN / N95,pcs,20,71500,1430000
Kalimantan Selatan,Banjarbaru,PUSKESMAS LANDASAN ULIN TIMUR,DINAS KESEHATAN,Umum,Alat Tulis Kantor,29,1.,2020-10-21,Ballpoint,Buah,10,7000,70000
Kalimantan Selatan,Banjarbaru,PUSKESMAS LANDASAN ULIN TIMUR,DINAS KESEHATAN,Umum,Alat Tulis Kantor,2936,2.,2020-01-02,Buku Besar Polio,Buah,15,22000,330000
Kalimantan Selatan,Banjarbaru,PUSKESMAS LANDASAN ULIN TIMUR,DINAS KESEHATAN,Umum,Alat Tulis Kantor,3257,3.,2020-01-02,Isi Staples Besar,Pak,4,6900,27600
Kalimantan Selatan,Banjarbaru,PUSKESMAS LANDASAN ULIN TIMUR,DINAS KESEHATAN,Umum,Alat Tulis Kantor,18817,4.,2020-06-16,KALKULATOR,Buah,1,200000,200000
Kalimantan Selatan,Banjarbaru,PUSKESMAS LANDASAN ULIN TIMUR,DINAS KESEHATAN,Umum,Alat Tulis Kantor,18817,5.,2020-11-25,KALKULATOR,Buah,1,200000,200000
Kalimantan Selatan,Banjarbaru,PUSKESMAS LANDASAN ULIN TIMUR,DINAS KESEHATAN,Umum,Alat Tulis Kantor,15497,6.,2020-01-02,KERTAS NCR F4,Rim,3,100000,300000
Kalimantan Selatan,Banjarbaru,PUSKESMAS LANDASAN ULIN TIMUR,DINAS KESEHATAN,Umum,Alat Tulis Kantor,21563,7.,2020-01-02,LEM KERTAS STIK,Buah,5,12000,60000
Kalimantan Selatan,Banjarbaru,PUSKESMAS LANDASAN ULIN TIMUR,DINAS KESEHATAN,Umum,Alat Tulis Kantor,13015,8.,2020-03-10,Lem Kertas Stik Besar,Buah,5,12000,60000
Kalimantan Selatan,Banjarbaru,PUSKESMAS LANDASAN ULIN TIMUR,DINAS KESEHATAN,Umum,Alat Tulis Kantor,5595,9.,2020-07-15,Odner Besar,Buah,8,45000,360000
Kalimantan Selatan,Banjarbaru,PUSKESMAS LANDASAN ULIN TIMUR,DINAS KESEHATAN,Umum,Alat Tulis Kantor,5595,10.,2020-10-21,Odner Besar,Buah,10,45000,450000
Kalimantan Selatan,Banjarbaru,PUSKESMAS LANDASAN ULIN TIMUR,DINAS KESEHATAN,Umum,Alat Tulis Kantor,5595,11.,2020-11-25,Odner Besar,Buah,5,45000,225000
Kalimantan Selatan,Banjarbaru,PUSKESMAS LANDASAN ULIN TIMUR,DINAS KESEHATAN,Umum,Alat Tulis Kantor,2006,12.,2020-03-10,Paper Clip Besar,doz,2,8000,16000
Kalimantan Selatan,Banjarbaru,PUSKESMAS LANDASAN ULIN TIMUR,DINAS KESEHATAN,Umum,Alat Tulis Kantor,6173,13.,2020-03-10,Pelubang kertas Kecil,Buah,2,49000,98000
Kalimantan Selatan,Banjarbaru,PUSKESMAS LANDASAN ULIN TIMUR,DINAS KESEHATAN,Umum,Alat Tulis Kantor,1320,14.,2020-03-10,Penggaris Plastik,Buah,2,7000,14000
Kalimantan Selatan,Banjarbaru,PUSKESMAS LANDASAN ULIN TIMUR,DINAS KESEHATAN,Umum,Alat Tulis Kantor,26,15.,2020-04-14,Tinta Stempel,Buah,2,12000,24000
Kalimantan Selatan,Banjarbaru,PUSKESMAS LANDASAN ULIN TIMUR,DINAS KESEHATAN,Umum,Alat Tulis Kantor,5313,16.,2020-03-10,Tipe Ex,Buah,5,7000,35000
Kalimantan Selatan,Banjarbaru,PUSKESMAS LANDASAN ULIN TIMUR,DINAS KESEHATAN,Umum,Alat Tulis Kantor,324,17.,2020-01-02,buku tulis kecil,Buah,10,5000,50000
Kalimantan Selatan,Banjarbaru,PUSKESMAS LANDASAN ULIN TIMUR,DINAS KESEHATAN,Umum,Alat Tulis Kantor,1905,18.,2020-03-10,gunting besar,Buah,1,14000,14000
Kalimantan Selatan,Banjarbaru,PUSKESMAS LANDASAN ULIN TIMUR,DINAS KESEHATAN,Umum,Alat Tulis Kantor,1904,19.,2020-04-14,gunting kecil,Buah,4,10000,40000
Kalimantan Selatan,Banjarbaru,PUSKESMAS LANDASAN ULIN TIMUR,DINAS KESEHATAN,Umum,Alat Tulis Kantor,16297,20.,2020-01-02,isi staples kecil,kotak,15,5000,75000
Kalimantan Selatan,Banjarbaru,PUSKESMAS LANDASAN ULIN TIMUR,DINAS KESEHATAN,Umum,Alat Tulis Kantor,2048,21.,2020-10-21,kertas NCR,Rim,4,100000,400000
Kalimantan Selatan,Banjarbaru,PUSKESMAS LANDASAN ULIN TIMUR,DINAS KESEHATAN,Umum,Alat Tulis Kantor,2048,22.,2020-11-25,kertas NCR,Rim,8,100000,800000
Kalimantan Selatan,Banjarbaru,PUSKESMAS LANDASAN ULIN TIMUR,DINAS KESEHATAN,Umum,Alat Tulis Kantor,16387,23.,2020-03-10,staples kecil,Buah,4,35000,140000
Kalimantan Selatan,Banjarbaru,PUSKESMAS LANDASAN ULIN TIMUR,DINAS KESEHATAN,Umum,"Perangko, Materai dan Benda Pos Lainnya",1053,24.,2020-05-15,Materai 6.000,lembar,14,6000,84000
Kalimantan Selatan,Banjarbaru,PUSKESMAS LANDASAN ULIN TIMUR,DINAS KESEHATAN,Umum,Peralatan Kebersihan dan Bahan Pembersih,8567,25.,2020-09-28,Alat Pel Lantai,Buah,1,100000,100000
Kalimantan Selatan,Banjarbaru,PUSKESMAS LANDASAN ULIN TIMUR,DINAS KESEHATAN,Umum,Peralatan Kebersihan dan Bahan Pembersih,14001,26.,2020-09-28,Cairan Pembersih Lantai,Botol,3,22000,66000
Kalimantan Selatan,Banjarbaru,PUSKESMAS LANDASAN ULIN TIMUR,DINAS KESEHATAN,Umum,Peralatan Kebersihan dan Bahan Pembersih,2101,27.,2020-09-28,Isi Ulang Pengharum Ruangan,Buah,9,35000,315000
Kalimantan Selatan,Banjarbaru,PUSKESMAS LANDASAN ULIN TIMUR,DINAS KESEHATAN,Umum,Peralatan Kebersihan dan Bahan Pembersih,15105,28.,2020-09-28,KANTONG PLASTIK SAMPAH,Buah,150,2750,412500
Kalimantan Selatan,Banjarbaru,PUSKESMAS LANDASAN ULIN TIMUR,DINAS KESEHATAN,Umum,Peralatan Kebersihan dan Bahan Pembersih,1899,29.,2020-09-28,Kantong Plastik,Pak,2,22000,44000
Kalimantan Selatan,Banjarbaru,PUSKESMAS LANDASAN ULIN TIMUR,DINAS KESEHATAN,Umum,Peralatan Kebersihan dan Bahan Pembersih,18016,30.,2020-09-28,SEROK PLASTIK (BUAH),Buah,3,30000,90000
Kalimantan Selatan,Banjarbaru,PUSKESMAS LANDASAN ULIN TIMUR,DINAS KESEHATAN,Umum,Peralatan Kebersihan dan Bahan Pembersih,21985,31.,2020-09-28,SIKAT PLASTIK,Buah,4,16000,64000
Kalimantan Selatan,Banjarbaru,PUSKESMAS LANDASAN ULIN TIMUR,DINAS KESEHATAN,Umum,Peralatan Kebersihan dan Bahan Pembersih,4653,32.,2020-09-28,Sabun Cair,Buah,3,29000,87000
Kalimantan Selatan,Banjarbaru,PUSKESMAS LANDASAN ULIN TIMUR,DINAS KESEHATAN,Umum,Peralatan Kebersihan dan Bahan Pembersih,1910,33.,2020-09-28,Sapu lantai,Buah,5,50000,250000
Kalimantan Selatan,Banjarbaru,PUSKESMAS LANDASAN ULIN TIMUR,DINAS KESEHATAN,Umum,Peralatan Kebersihan dan Bahan Pembersih,14761,34.,2020-09-28,Tissu Kotak,Buah,39,15000,585000
Kalimantan Selatan,Banjarbaru,PUSKESMAS LANDASAN ULIN TIMUR,DINAS KESEHATAN,Umum,Peralatan Kebersihan dan Bahan Pembersih,15486,35.,2020-09-28,Tissue gulung,Buah,5,7500,37500
Kalimantan Selatan,Banjarbaru,PUSKESMAS LANDASAN ULIN TIMUR,DINAS KESEHATAN,Umum,Peralatan Kebersihan dan Bahan Pembersih,8561,36.,2020-09-28,kapur barus (bks),Bungkus,20,15000,300000
Kalimantan Selatan,Banjarbaru,PUSKESMAS LANDASAN ULIN TIMUR,DINAS KESEHATAN,Umum,Peralatan dan Perlengkapan Komputer,2255,37.,2020-10-29,Flashdisk,Buah,2,150000,300000
Kalimantan Selatan,Banjarbaru,PUSKESMAS LANDASAN ULIN TIMUR,DINAS KESEHATAN,Umum,Peralatan dan Perlengkapan Komputer,16358,38.,2020-10-29,TINTA REFILL PRINTER,Buah,9,110000,990000
Kalimantan Selatan,Banjarbaru,PUSKESMAS LANDASAN ULIN TIMUR,DINAS KESEHATAN,Umum,Peralatan dan Perlengkapan Komputer,282,39.,2020-10-29,mouse,Buah,2,185000,370000
Kalimantan Selatan,Banjarbaru,PUSKESMAS LANDASAN ULIN TIMUR,DINAS KESEHATAN,Umum,Bahan Makanan,19772,40.,2020-01-02,CURVIPLEX SYR,Botol,19,25000,475000
Kalimantan Selatan,Banjarbaru,PUSKESMAS LANDASAN ULIN TIMUR,DINAS KESEHATAN,Umum,Obat-Obatan,18254,41.,2020-12-01,"ADS 0,5 ml Harga 2",Buah,1136,1240,1408640
Kalimantan Selatan,Banjarbaru,PUSKESMAS LANDASAN ULIN TIMUR,DINAS KESEHATAN,Umum,Obat-Obatan,17109,42.,2020-09-08,ADS 5 ml,Buah,186,1583,294438
Kalimantan Selatan,Banjarbaru,PUSKESMAS LANDASAN ULIN TIMUR,DINAS KESEHATAN,Umum,Obat-Obatan,20986,43.,2020-09-08,ADS 5 ml harga 2,Buah,43,1518,65274
Kalimantan Selatan,Banjarbaru,PUSKESMAS LANDASAN ULIN TIMUR,DINAS KESEHATAN,Umum,Obat-Obatan,18384,44.,2020-01-02,ALAT SUNTIK 10 ML,pcs,44,2000,88000
Kalimantan Selatan,Banjarbaru,PUSKESMAS LANDASAN ULIN TIMUR,DINAS KESEHATAN,Umum,Obat-Obatan,20994,45.,2020-02-02,ALAT UKUR LINGKAR PERUT,Buah,1,163000,163000
Kalimantan Selatan,Banjarbaru,PUSKESMAS LANDASAN ULIN TIMUR,DINAS KESEHATAN,Umum,Obat-Obatan,20993,46.,2020-02-02,ALAT UKUR TINGGI BADAN,Buah,1,53000,53000
Kalimantan Selatan,Banjarbaru,PUSKESMAS LANDASAN ULIN TIMUR,DINAS KESEHATAN,Umum,Obat-Obatan,16502,47.,2020-01-02,ALBENDAZOL TABLET 400 MG,Tablet,60,463,27780
Kalimantan Selatan,Banjarbaru,PUSKESMAS LANDASAN ULIN TIMUR,DINAS KESEHATAN,Umum,Obat-Obatan,16502,48.,2020-01-02,ALBENDAZOL TABLET 400 MG,Tablet,40,463,18520
Kalimantan Selatan,Banjarbaru,PUSKESMAS LANDASAN ULIN TIMUR,DINAS KESEHATAN,Umum,Obat-Obatan,16502,49.,2020-12-28,ALBENDAZOL TABLET 400 MG,Tablet,100,463,46300
Kalimantan Selatan,Banjarbaru,PUSKESMAS LANDASAN ULIN TIMUR,DINAS KESEHATAN,Umum,Obat-Obatan,20683,50.,2020-12-01,ALBENDAZOLE,kotak,14,46300,648200
Kalimantan Selatan,Banjarbaru,PUSKESMAS LANDASAN ULIN TIMUR,DINAS KESEHATAN,Umum,Obat-Obatan,21003,51.,2020-02-02,ALKOHOL SWEB@100 (4BOK/PAKET),Buah,1,49000,49000
Kalimantan Selatan,Banjarbaru,PUSKESMAS LANDASAN ULIN TIMUR,DINAS KESEHATAN,Umum,Obat-Obatan,16503,52.,2020-06-02,ALLOPURINOL 300 MG,Tablet,200,341,68200
Kalimantan Selatan,Banjarbaru,PUSKESMAS LANDASAN ULIN TIMUR,DINAS KESEHATAN,Umum,Obat-Obatan,16504,53.,2020-06-02,ALLOPURINOL TABLET 100 MG,Tablet,100,99,9900
Kalimantan Selatan,Banjarbaru,PUSKESMAS LANDASAN ULIN TIMUR,DINAS KESEHATAN,Umum,Obat-Obatan,16504,54.,2020-06-02,ALLOPURINOL TABLET 100 MG,Tablet,500,99,49500
Kalimantan Selatan,Banjarbaru,PUSKESMAS LANDASAN ULIN TIMUR,DINAS KESEHATAN,Umum,Obat-Obatan,16504,55.,2020-12-28,ALLOPURINOL TABLET 100 MG,Tablet,100,99,9900
Kalimantan Selatan,Banjarbaru,PUSKESMAS LANDASAN ULIN TIMUR,DINAS KESEHATAN,Umum,Obat-Obatan,16507,56.,2020-06-02,AMBROXOL 30 MG,Tablet,2000,99,198000
Kalimantan Selatan,Banjarbaru,PUSKESMAS LANDASAN ULIN TIMUR,DINAS KESEHATAN,Umum,Obat-Obatan,20163,57.,2020-03-02,AMBROXOL SIRUP 15 mg /ml,Botol,120,3355,402600
Kalimantan Selatan,Banjarbaru,PUSKESMAS LANDASAN ULIN TIMUR,DINAS KESEHATAN,Umum,Obat-Obatan,20204,58.,2020-03-02,AMLODIPIN 5 mgTAB,Tablet,1800,81,145800
Kalimantan Selatan,Banjarbaru,PUSKESMAS LANDASAN ULIN TIMUR,DINAS KESEHATAN,Umum,Obat-Obatan,18749,59.,2020-12-28,AMLODIPINE 5 MG TABLET KF,Tablet,1200,81,97200
Kalimantan Selatan,Banjarbaru,PUSKESMAS LANDASAN ULIN TIMUR,DINAS KESEHATAN,Umum,Obat-Obatan,16521,60.,2020-12-28,AMOKSISILINN KAPSUL 500 MG,Kapsul,1200,265,318000
Kalimantan Selatan,Banjarbaru,PUSKESMAS LANDASAN ULIN TIMUR,DINAS KESEHATAN,Umum,Obat-Obatan,19154,61.,2020-01-02,ANTAPULGIT KAPLET 600 mg,Tablet,200,159,31800
Kalimantan Selatan,Banjarbaru,PUSKESMAS LANDASAN ULIN TIMUR,DINAS KESEHATAN,Umum,Obat-Obatan,18305,62.,2020-06-02,"ANTASIDA DOEN TABLET , KOMBINASI HARGA 2",Tablet,1000,60,60000
Kalimantan Selatan,Banjarbaru,PUSKESMAS LANDASAN ULIN TIMUR,DINAS KESEHATAN,Umum,Obat-Obatan,16586,63.,2020-03-02,ANTASIDA SUSPENSI,Botol,100,2098,209800
Kalimantan Selatan,Banjarbaru,PUSKESMAS LANDASAN ULIN TIMUR,DINAS KESEHATAN,Umum,Obat-Obatan,16592,64.,2020-06-02,ASAM ASKORBAT (VIT C) TABLET 50 MG,Tablet,1000,120,120000
Kalimantan Selatan,Banjarbaru,PUSKESMAS LANDASAN ULIN TIMUR,DINAS KESEHATAN,Umum,Obat-Obatan,16593,65.,2020-01-02,ASAM FOLAT,Tablet,20,172,3440
Kalimantan Selatan,Banjarbaru,PUSKESMAS LANDASAN ULIN TIMUR,DINAS KESEHATAN,Umum,Obat-Obatan,16593,66.,2020-01-02,ASAM FOLAT,Tablet,80,172,13760
Kalimantan Selatan,Banjarbaru,PUSKESMAS LANDASAN ULIN TIMUR,DINAS KESEHATAN,Umum,Obat-Obatan,20190,67.,2020-09-01,AUTOCHECK TOTAL CHOLESTEROL TEST STRIP 25 STRIPS / BOX,box,13,402100,5227300
Kalimantan Selatan,Banjarbaru,PUSKESMAS LANDASAN ULIN TIMUR,DINAS KESEHATAN,Umum,Obat-Obatan,16724,68.,2020-06-02,Alat Suntik sekali Pakai  3 ml Harga 1,pcs,1200,818,981600
Kalimantan Selatan,Banjarbaru,PUSKESMAS LANDASAN ULIN TIMUR,DINAS KESEHATAN,Umum,Obat-Obatan,16723,69.,2020-01-02,Alat Suntik sekali Pakai 1 ml,pcs,200,1430,286000
Kalimantan Selatan,Banjarbaru,PUSKESMAS LANDASAN ULIN TIMUR,DINAS KESEHATAN,Umum,Obat-Obatan,16726,70.,2020-01-02,Alat Suntik sekali Pakai 5 ml Harga 1,pcs,90,950,85500
Kalimantan Selatan,Banjarbaru,PUSKESMAS LANDASAN ULIN TIMUR,DINAS KESEHATAN,Umum,Obat-Obatan,16726,71.,2020-01-02,Alat Suntik sekali Pakai 5 ml Harga 1,pcs,100,950,95000
Kalimantan Selatan,Banjarbaru,PUSKESMAS LANDASAN ULIN TIMUR,DINAS KESEHATAN,Umum,Obat-Obatan,19504,72.,2020-01-02,Alcohol swab @100 pcs,kotak,48,11000,528000
Kalimantan Selatan,Banjarbaru,PUSKESMAS LANDASAN ULIN TIMUR,DINAS KESEHATAN,Umum,Obat-Obatan,638,73.,2020-06-02,Ambroxol tab 30 mg,Tablet,1000,135,135000
Kalimantan Selatan,Banjarbaru,PUSKESMAS LANDASAN ULIN TIMUR,DINAS KESEHATAN,Umum,Obat-Obatan,771,74.,2020-06-02,Amoksisilin syrup kering  Forte 250 mg/5 ml,Botol,60,3846,230760
Kalimantan Selatan,Banjarbaru,PUSKESMAS LANDASAN ULIN TIMUR,DINAS KESEHATAN,Umum,Obat-Obatan,19371,75.,2020-01-02,Aquadest/water one 1 liter,Botol,17,17292,293964
Kalimantan Selatan,Banjarbaru,PUSKESMAS LANDASAN ULIN TIMUR,DINAS KESEHATAN,Umum,Obat-Obatan,19197,76.,2020-12-28,Asam Mefenamat Tab 500 mg,Tablet,1200,103,123600
Kalimantan Selatan,Banjarbaru,PUSKESMAS LANDASAN ULIN TIMUR,DINAS KESEHATAN,Umum,Obat-Obatan,21484,77.,2020-06-02,Asam traneksamat tablet harga 2,Tablet,50,3509,175450
Kalimantan Selatan,Banjarbaru,PUSKESMAS LANDASAN ULIN TIMUR,DINAS KESEHATAN,Umum,Obat-Obatan,556,78.,2020-01-02,Asiklovir 200 mg,Tablet,110,272,29920
Kalimantan Selatan,Banjarbaru,PUSKESMAS LANDASAN ULIN TIMUR,DINAS KESEHATAN,Umum,Obat-Obatan,556,79.,2020-01-02,Asiklovir 200 mg,Tablet,290,272,78880
Kalimantan Selatan,Banjarbaru,PUSKESMAS LANDASAN ULIN TIMUR,DINAS KESEHATAN,Umum,Obat-Obatan,556,80.,2020-12-28,Asiklovir 200 mg,Tablet,100,272,27200
Kalimantan Selatan,Banjarbaru,PUSKESMAS LANDASAN ULIN TIMUR,DINAS KESEHATAN,Umum,Obat-Obatan,565,81.,2020-03-02,Asiklovir 400 mg,Tablet,1000,425,425000
Kalimantan Selatan,Banjarbaru,PUSKESMAS LANDASAN ULIN TIMUR,DINAS KESEHATAN,Umum,Obat-Obatan,3336,82.,2020-12-28,Azitromisin 500 MG,Tablet,60,1778,106680
Kalimantan Selatan,Banjarbaru,PUSKESMAS LANDASAN ULIN TIMUR,DINAS KESEHATAN,Umum,Obat-Obatan,21044,83.,2020-06-02,BETAHISTIN TABLET 6 mg,Tablet,300,119,35700
Kalimantan Selatan,Banjarbaru,PUSKESMAS LANDASAN ULIN TIMUR,DINAS KESEHATAN,Umum,Obat-Obatan,20995,84.,2020-02-02,BODYFAT ANALYZER,Buah,1,1100000,1100000
Kalimantan Selatan,Banjarbaru,PUSKESMAS LANDASAN ULIN TIMUR,DINAS KESEHATAN,Umum,Obat-Obatan,3999,85.,2020-01-02,Betadine Kumur 100 ml,Botol,6,20000,120000
Kalimantan Selatan,Banjarbaru,PUSKESMAS LANDASAN ULIN TIMUR,DINAS KESEHATAN,Umum,Obat-Obatan,3999,86.,2020-01-02,Betadine Kumur 100 ml,Botol,4,20000,80000
Kalimantan Selatan,Banjarbaru,PUSKESMAS LANDASAN ULIN TIMUR,DINAS KESEHATAN,Umum,Obat-Obatan,560,87.,2020-01-02,Bisakodil suppositoria 10 mg (Dulcolax/Stolax),Suppo,2,5900,11800
Kalimantan Selatan,Banjarbaru,PUSKESMAS LANDASAN ULIN TIMUR,DINAS KESEHATAN,Umum,Obat-Obatan,560,88.,2020-01-02,Bisakodil suppositoria 10 mg (Dulcolax/Stolax),Suppo,3,5900,17700
Kalimantan Selatan,Banjarbaru,PUSKESMAS LANDASAN ULIN TIMUR,DINAS KESEHATAN,Umum,Obat-Obatan,560,89.,2020-03-02,Bisakodil suppositoria 10 mg (Dulcolax/Stolax),Suppo,10,5900,59000
Kalimantan Selatan,Banjarbaru,PUSKESMAS LANDASAN ULIN TIMUR,DINAS KESEHATAN,Umum,Obat-Obatan,571,90.,2020-01-02,Bisakodil suppositoria 5 mg (Dulcolax),Suppo,7,6000,42000
Kalimantan Selatan,Banjarbaru,PUSKESMAS LANDASAN ULIN TIMUR,DINAS KESEHATAN,Umum,Obat-Obatan,571,91.,2020-01-02,Bisakodil suppositoria 5 mg (Dulcolax),Suppo,5,6000,30000
Kalimantan Selatan,Banjarbaru,PUSKESMAS LANDASAN ULIN TIMUR,DINAS KESEHATAN,Umum,Obat-Obatan,714,92.,2020-01-02,Blood Lancet,kotak,3,18856,56568
Kalimantan Selatan,Banjarbaru,PUSKESMAS LANDASAN ULIN TIMUR,DINAS KESEHATAN,Umum,Obat-Obatan,17462,93.,2020-06-02,CEFADROXIL CAPSUL 500MG,Kapsul,900,680,612000
Kalimantan Selatan,Banjarbaru,PUSKESMAS LANDASAN ULIN TIMUR,DINAS KESEHATAN,Umum,Obat-Obatan,22935,94.,2020-06-02,CIPROFLOXACIN,kotak,2,27632,55264
Kalimantan Selatan,Banjarbaru,PUSKESMAS LANDASAN ULIN TIMUR,DINAS KESEHATAN,Umum,Obat-Obatan,22935,95.,2020-06-02,CIPROFLOXACIN,kotak,1,77880,77880
Kalimantan Selatan,Banjarbaru,PUSKESMAS LANDASAN ULIN TIMUR,DINAS KESEHATAN,Umum,Obat-Obatan,16604,96.,2020-01-02,CLOBAZAM 10 MG,Tablet,47,872,40984
Kalimantan Selatan,Banjarbaru,PUSKESMAS LANDASAN ULIN TIMUR,DINAS KESEHATAN,Umum,Obat-Obatan,19198,97.,2020-06-02,"Captopril Tab 12,5 mg",Tablet,200,69,13800
Kalimantan Selatan,Banjarbaru,PUSKESMAS LANDASAN ULIN TIMUR,DINAS KESEHATAN,Umum,Obat-Obatan,16730,98.,2020-01-02,Catgut / Benang Bedah No.2/0 Harga 1,pcs,8,7571,60568
Kalimantan Selatan,Banjarbaru,PUSKESMAS LANDASAN ULIN TIMUR,DINAS KESEHATAN,Umum,Obat-Obatan,16728,99.,2020-01-02,Catgut / Benang Bedah No.3/0 Harga 1,pcs,8,7570,60560
Kalimantan Selatan,Banjarbaru,PUSKESMAS LANDASAN ULIN TIMUR,DINAS KESEHATAN,Umum,Obat-Obatan,18533,100.,2020-01-02,Cefadroxil syrup 125mg,Botol,216,4360,941760
Kalimantan Selatan,Banjarbaru,PUSKESMAS LANDASAN ULIN TIMUR,DINAS KESEHATAN,Umum,Obat-Obatan,18533,101.,2020-01-02,Cefadroxil syrup 125mg,Botol,34,4360,148240
Kalimantan Selatan,Banjarbaru,PUSKESMAS LANDASAN ULIN TIMUR,DINAS KESEHATAN,Umum,Obat-Obatan,495,102.,2020-01-02,Cetirizine syrup 5 mg/5 ml,Botol,34,3061,104074
Kalimantan Selatan,Banjarbaru,PUSKESMAS LANDASAN ULIN TIMUR,DINAS KESEHATAN,Umum,Obat-Obatan,495,103.,2020-01-02,Cetirizine syrup 5 mg/5 ml,Botol,16,3061,48976
Kalimantan Selatan,Banjarbaru,PUSKESMAS LANDASAN ULIN TIMUR,DINAS KESEHATAN,Umum,Obat-Obatan,17466,104.,2020-01-02,DIAZEPAM INJ 5MG/ML-2ML,ampul,10,1913,19130
Kalimantan Selatan,Banjarbaru,PUSKESMAS LANDASAN ULIN TIMUR,DINAS KESEHATAN,Umum,Obat-Obatan,17466,105.,2020-03-02,DIAZEPAM INJ 5MG/ML-2ML,ampul,10,1913,19130
Kalimantan Selatan,Banjarbaru,PUSKESMAS LANDASAN ULIN TIMUR,DINAS KESEHATAN,Umum,Obat-Obatan,20023,106.,2020-12-28,DIMENHYDRINAT TAB,Tablet,100,129,12900
Kalimantan Selatan,Banjarbaru,PUSKESMAS LANDASAN ULIN TIMUR,DINAS KESEHATAN,Umum,Obat-Obatan,20837,107.,2020-02-02,DM 500 DIGITAL TENSIMETER WITH INFLATION SYSTEM,Buah,1,1329470,1329470
Kalimantan Selatan,Banjarbaru,PUSKESMAS LANDASAN ULIN TIMUR,DINAS KESEHATAN,Umum,Obat-Obatan,20984,108.,2020-12-01,DPTHB-Hib harga 2,Buah,13,84282,1095666
Kalimantan Selatan,Banjarbaru,PUSKESMAS LANDASAN ULIN TIMUR,DINAS KESEHATAN,Umum,Obat-Obatan,18983,109.,2020-05-04,Dhp Antimalaria,kotak,3,19206,57618
Kalimantan Selatan,Banjarbaru,PUSKESMAS LANDASAN ULIN TIMUR,DINAS KESEHATAN,Umum,Obat-Obatan,10477,110.,2020-09-28,Disposible Clothing Hospital Safety Converall Protection,pcs,100,178260,17826000
Kalimantan Selatan,Banjarbaru,PUSKESMAS LANDASAN ULIN TIMUR,DINAS KESEHATAN,Umum,Obat-Obatan,20996,111.,2020-02-02,E- TUMBLING,Buah,1,165000,165000
Kalimantan Selatan,Banjarbaru,PUSKESMAS LANDASAN ULIN TIMUR,DINAS KESEHATAN,Umum,Obat-Obatan,17467,112.,2020-01-02,"EPINEFRIN HCL/ADRENALIN INJ 0,1%-1 ML",Ampul,23,8910,204930
Kalimantan Selatan,Banjarbaru,PUSKESMAS LANDASAN ULIN TIMUR,DINAS KESEHATAN,Umum,Obat-Obatan,16797,113.,2020-03-02,Echinacea 500 MPL,Botol,60,2120,127200
Kalimantan Selatan,Banjarbaru,PUSKESMAS LANDASAN ULIN TIMUR,DINAS KESEHATAN,Umum,Obat-Obatan,16797,114.,2020-06-02,Echinacea 500 MPL,Botol,60,2120,127200
Kalimantan Selatan,Banjarbaru,PUSKESMAS LANDASAN ULIN TIMUR,DINAS KESEHATAN,Umum,Obat-Obatan,11239,115.,2020-01-02,Eperisone HCL 50 mg,Tablet,175,1249,218575
Kalimantan Selatan,Banjarbaru,PUSKESMAS LANDASAN ULIN TIMUR,DINAS KESEHATAN,Umum,Obat-Obatan,11239,116.,2020-01-02,Eperisone HCL 50 mg,Tablet,125,1249,156125
Kalimantan Selatan,Banjarbaru,PUSKESMAS LANDASAN ULIN TIMUR,DINAS KESEHATAN,Umum,Obat-Obatan,11239,117.,2020-12-28,Eperisone HCL 50 mg,Tablet,100,1249,124900
Kalimantan Selatan,Banjarbaru,PUSKESMAS LANDASAN ULIN TIMUR,DINAS KESEHATAN,Umum,Obat-Obatan,1199,118.,2020-06-02,Erythromicin Kapsul 250 MG,Tablet,200,636,127200
Kalimantan Selatan,Banjarbaru,PUSKESMAS LANDASAN ULIN TIMUR,DINAS KESEHATAN,Umum,Obat-Obatan,16764,119.,2020-06-02,Etanol 70% 1000 ml Harga 1,Botol,9,30000,270000
Kalimantan Selatan,Banjarbaru,PUSKESMAS LANDASAN ULIN TIMUR,DINAS KESEHATAN,Umum,Obat-Obatan,19612,120.,2020-01-02,Etil klorida semprot,Botol,4,181000,724000
Kalimantan Selatan,Banjarbaru,PUSKESMAS LANDASAN ULIN TIMUR,DINAS KESEHATAN,Umum,Obat-Obatan,19612,121.,2020-06-02,Etil klorida semprot,Botol,5,181000,905000
Kalimantan Selatan,Banjarbaru,PUSKESMAS LANDASAN ULIN TIMUR,DINAS KESEHATAN,Umum,Obat-Obatan,18978,122.,2020-01-02,FDC 1 / 111,Paket,2,447747,895494
Kalimantan Selatan,Banjarbaru,PUSKESMAS LANDASAN ULIN TIMUR,DINAS KESEHATAN,Umum,Obat-Obatan,18980,123.,2020-01-02,FDC KAT ANAK,Paket,1,267400,267400
Kalimantan Selatan,Banjarbaru,PUSKESMAS LANDASAN ULIN TIMUR,DINAS KESEHATAN,Umum,Obat-Obatan,18977,124.,2020-12-01,FDC1/111,Paket,14,477791,6689074
Kalimantan Selatan,Banjarbaru,PUSKESMAS LANDASAN ULIN TIMUR,DINAS KESEHATAN,Umum,Obat-Obatan,16628,125.,2020-01-02,FENOL GLISEROL TETES TELINGA 10%,Botol,34,2590,88060
Kalimantan Selatan,Banjarbaru,PUSKESMAS LANDASAN ULIN TIMUR,DINAS KESEHATAN,Umum,Obat-Obatan,16628,126.,2020-01-02,FENOL GLISEROL TETES TELINGA 10%,Botol,14,2590,36260
Kalimantan Selatan,Banjarbaru,PUSKESMAS LANDASAN ULIN TIMUR,DINAS KESEHATAN,Umum,Obat-Obatan,16630,127.,2020-06-02,FUROSEMID TABLET 40 MG,Tablet,100,79,7900
Kalimantan Selatan,Banjarbaru,PUSKESMAS LANDASAN ULIN TIMUR,DINAS KESEHATAN,Umum,Obat-Obatan,548,128.,2020-06-02,Fenolgliserol TT 10 %,Botol,24,2727,65448
Kalimantan Selatan,Banjarbaru,PUSKESMAS LANDASAN ULIN TIMUR,DINAS KESEHATAN,Umum,Obat-Obatan,18520,129.,2020-01-02,Fitomenadion (vit k 1) injeksi 10mg/ml-1ml,Ampul,30,4236,127080
Kalimantan Selatan,Banjarbaru,PUSKESMAS LANDASAN ULIN TIMUR,DINAS KESEHATAN,Umum,Obat-Obatan,18320,130.,2020-03-02,GEMFIBROZIL 300 MG,Tablet,120,428,51360
Kalimantan Selatan,Banjarbaru,PUSKESMAS LANDASAN ULIN TIMUR,DINAS KESEHATAN,Umum,Obat-Obatan,18322,131.,2020-01-02,GENTAMICIN SALEP MATA HARGA 2,Tube,18,3075,55350
Kalimantan Selatan,Banjarbaru,PUSKESMAS LANDASAN ULIN TIMUR,DINAS KESEHATAN,Umum,Obat-Obatan,18322,132.,2020-01-02,GENTAMICIN SALEP MATA HARGA 2,Tube,15,3075,46125
Kalimantan Selatan,Banjarbaru,PUSKESMAS LANDASAN ULIN TIMUR,DINAS KESEHATAN,Umum,Obat-Obatan,16636,133.,2020-01-02,GLIBENKLAMID TABLET 5 MG,Tablet,500,137,68500
Kalimantan Selatan,Banjarbaru,PUSKESMAS LANDASAN ULIN TIMUR,DINAS KESEHATAN,Umum,Obat-Obatan,18326,134.,2020-03-02,GLISERIL GUAYAKOLAT TABLET 100 MG HARGA 2,Tablet,2000,171,342000
Kalimantan Selatan,Banjarbaru,PUSKESMAS LANDASAN ULIN TIMUR,DINAS KESEHATAN,Umum,Obat-Obatan,18326,135.,2020-12-28,GLISERIL GUAYAKOLAT TABLET 100 MG HARGA 2,Tablet,100,171,17100
Kalimantan Selatan,Banjarbaru,PUSKESMAS LANDASAN ULIN TIMUR,DINAS KESEHATAN,Umum,Obat-Obatan,18362,136.,2020-09-01,GLUCOSE TEST STRIP 50 S,box,4,230000,920000
Kalimantan Selatan,Banjarbaru,PUSKESMAS LANDASAN ULIN TIMUR,DINAS KESEHATAN,Umum,Obat-Obatan,16641,137.,2020-03-02,GLUKOSA LARUTAN INFUS 5% STERIL,Botol,2,6900,13800
Kalimantan Selatan,Banjarbaru,PUSKESMAS LANDASAN ULIN TIMUR,DINAS KESEHATAN,Umum,Obat-Obatan,614,138.,2020-01-02,Garam Oralit,Sachset,100,263,26300
Kalimantan Selatan,Banjarbaru,PUSKESMAS LANDASAN ULIN TIMUR,DINAS KESEHATAN,Umum,Obat-Obatan,543,139.,2020-12-28,Glimepirid 1 mg TAB,Tablet,800,174,139200
Kalimantan Selatan,Banjarbaru,PUSKESMAS LANDASAN ULIN TIMUR,DINAS KESEHATAN,Umum,Obat-Obatan,17124,140.,2020-12-01,Golongan Darah A,Buah,2,165000,330000
Kalimantan Selatan,Banjarbaru,PUSKESMAS LANDASAN ULIN TIMUR,DINAS KESEHATAN,Umum,Obat-Obatan,17125,141.,2020-12-01,Golongan Darah B,Buah,1,165000,165000
Kalimantan Selatan,Banjarbaru,PUSKESMAS LANDASAN ULIN TIMUR,DINAS KESEHATAN,Umum,Obat-Obatan,17127,142.,2020-12-01,Golongan Darah D,Buah,1,192500,192500
Kalimantan Selatan,Banjarbaru,PUSKESMAS LANDASAN ULIN TIMUR,DINAS KESEHATAN,Umum,Obat-Obatan,16645,144.,2020-12-28,"HIDROKORTISON KRIM 2,5 %",Tube,48,2533,121584
Kalimantan Selatan,Banjarbaru,PUSKESMAS LANDASAN ULIN TIMUR,DINAS KESEHATAN,Umum,Obat-Obatan,20169,145.,2020-12-28,HIOSIN BUTILBROMIDE TAB 10 mg,Tablet,500,1870,935000
Kalimantan Selatan,Banjarbaru,PUSKESMAS LANDASAN ULIN TIMUR,DINAS KESEHATAN,Umum,Obat-Obatan,20991,146.,2020-02-02,HUMASENS 2.0 PLUS GLUCOMETER SYSTEM,Buah,1,418500,418500
Kalimantan Selatan,Banjarbaru,PUSKESMAS LANDASAN ULIN TIMUR,DINAS KESEHATAN,Umum,Obat-Obatan,20990,147.,2020-02-02,HUMASENS 2.0 PLUS GLUKOSE TEST STRIPE BLUE,kotak,8,275800,2206400
Kalimantan Selatan,Banjarbaru,PUSKESMAS LANDASAN ULIN TIMUR,DINAS KESEHATAN,Umum,Obat-Obatan,20992,148.,2020-02-02,HUMASENS 2.0 PLUS MULTI PARAMETER SYSTEM 3 IN 1,Buah,1,805950,805950
Kalimantan Selatan,Banjarbaru,PUSKESMAS LANDASAN ULIN TIMUR,DINAS KESEHATAN,Umum,Obat-Obatan,20989,149.,2020-02-02,HUMASENS 2.0 PLUS TOTAL CHOLESTEROL STRIPS,kotak,20,541900,10838000
Kalimantan Selatan,Banjarbaru,PUSKESMAS LANDASAN ULIN TIMUR,DINAS KESEHATAN,Umum,Obat-Obatan,13477,150.,2020-12-28,Handscone(pak),Pak,9,401600,3614400
Kalimantan Selatan,Banjarbaru,PUSKESMAS LANDASAN ULIN TIMUR,DINAS KESEHATAN,Umum,Obat-Obatan,20954,151.,2020-12-01,Hb PID,Buah,18,25597,460746
Kalimantan Selatan,Banjarbaru,PUSKESMAS LANDASAN ULIN TIMUR,DINAS KESEHATAN,Umum,Obat-Obatan,18522,152.,2020-03-02,Hidroklorotiazid (hct) tablet 25mg harga 2,Tablet,200,178,35600
Kalimantan Selatan,Banjarbaru,PUSKESMAS LANDASAN ULIN TIMUR,DINAS KESEHATAN,Umum,Obat-Obatan,21503,153.,2020-01-02,Histigo,kotak,13,50000,650000
Kalimantan Selatan,Banjarbaru,PUSKESMAS LANDASAN ULIN TIMUR,DINAS KESEHATAN,Umum,Obat-Obatan,16646,154.,2020-01-02,IBUPROFEN 100 MG / 5 ML SYRUP RAMA,Botol,47,2678,125866
Kalimantan Selatan,Banjarbaru,PUSKESMAS LANDASAN ULIN TIMUR,DINAS KESEHATAN,Umum,Obat-Obatan,16646,155.,2020-01-02,IBUPROFEN 100 MG / 5 ML SYRUP RAMA,Botol,8,2678,21424
Kalimantan Selatan,Banjarbaru,PUSKESMAS LANDASAN ULIN TIMUR,DINAS KESEHATAN,Umum,Obat-Obatan,18394,156.,2020-03-02,Infusion Set Anak HARGA 2,pcs,50,7129,356450
Kalimantan Selatan,Banjarbaru,PUSKESMAS LANDASAN ULIN TIMUR,DINAS KESEHATAN,Umum,Obat-Obatan,16734,157.,2020-03-02,Infusion set Dewasa,pcs,48,4756,228288
Kalimantan Selatan,Banjarbaru,PUSKESMAS LANDASAN ULIN TIMUR,DINAS KESEHATAN,Umum,Obat-Obatan,6255,158.,2020-09-28,Instance Gel 4L,doz,1,144060,144060
Kalimantan Selatan,Banjarbaru,PUSKESMAS LANDASAN ULIN TIMUR,DINAS KESEHATAN,Umum,Obat-Obatan,9449,159.,2020-09-28,Instance Gel 500 ML,Botol,6,38416,230496
Kalimantan Selatan,Banjarbaru,PUSKESMAS LANDASAN ULIN TIMUR,DINAS KESEHATAN,Umum,Obat-Obatan,18352,160.,2020-07-01,JAYAMAS SUPERLIFE NITRILE L,kotak,8,59300,474400
Kalimantan Selatan,Banjarbaru,PUSKESMAS LANDASAN ULIN TIMUR,DINAS KESEHATAN,Umum,Obat-Obatan,16654,161.,2020-12-28,KALSIUM LAKTAT (KLAK) TABLET 500MG,Tablet,1000,63,63000
Kalimantan Selatan,Banjarbaru,PUSKESMAS LANDASAN ULIN TIMUR,DINAS KESEHATAN,Umum,Obat-Obatan,18397,162.,2020-01-02,KASA 4 X 10 CM,pcs,40,668,26720
Kalimantan Selatan,Banjarbaru,PUSKESMAS LANDASAN ULIN TIMUR,DINAS KESEHATAN,Umum,Obat-Obatan,18399,163.,2020-01-02,KASA KOTAK 16 X 16,pcs,13,9200,119600
Kalimantan Selatan,Banjarbaru,PUSKESMAS LANDASAN ULIN TIMUR,DINAS KESEHATAN,Umum,Obat-Obatan,18399,164.,2020-03-02,KASA KOTAK 16 X 16,pcs,5,9200,46000
Kalimantan Selatan,Banjarbaru,PUSKESMAS LANDASAN ULIN TIMUR,DINAS KESEHATAN,Umum,Obat-Obatan,18400,165.,2020-06-02,KASA PEMBALUT 2M X 80CM,pcs,5,10076,50380
Kalimantan Selatan,Banjarbaru,PUSKESMAS LANDASAN ULIN TIMUR,DINAS KESEHATAN,Umum,Obat-Obatan,19611,166.,2020-01-02,KERTAS PUYER PAKET,Paket,1,6155687,6155687
Kalimantan Selatan,Banjarbaru,PUSKESMAS LANDASAN ULIN TIMUR,DINAS KESEHATAN,Umum,Obat-Obatan,18329,167.,2020-06-02,KLORAMFENIKOL KAPSUL500 MG HARGA 2,Tablet,100,1254,125400
Kalimantan Selatan,Banjarbaru,PUSKESMAS LANDASAN ULIN TIMUR,DINAS KESEHATAN,Umum,Obat-Obatan,20202,168.,2020-01-02,KODEIN TABLET 10 MG,Tablet,190,657,124830
Kalimantan Selatan,Banjarbaru,PUSKESMAS LANDASAN ULIN TIMUR,DINAS KESEHATAN,Umum,Obat-Obatan,20029,169.,2020-03-02,KOTRIMOKSAZOL DEWASA TAB,Tablet,600,125,75000
Kalimantan Selatan,Banjarbaru,PUSKESMAS LANDASAN ULIN TIMUR,DINAS KESEHATAN,Umum,Obat-Obatan,16669,170.,2020-03-02,KOTRIMOKSAZOL SUSPENSI,Botol,90,2052,184680
Kalimantan Selatan,Banjarbaru,PUSKESMAS LANDASAN ULIN TIMUR,DINAS KESEHATAN,Umum,Obat-Obatan,16669,171.,2020-12-28,KOTRIMOKSAZOL SUSPENSI,Botol,26,2052,53352
Kalimantan Selatan,Banjarbaru,PUSKESMAS LANDASAN ULIN TIMUR,DINAS KESEHATAN,Umum,Obat-Obatan,16739,172.,2020-01-02,Kapas Pembalut Absorben 250 gram Harga 1,pcs,6,8250,49500
Kalimantan Selatan,Banjarbaru,PUSKESMAS LANDASAN ULIN TIMUR,DINAS KESEHATAN,Umum,Obat-Obatan,17239,173.,2020-01-02,Kasa 4 x 5 cm,Buah,40,334,13360
Kalimantan Selatan,Banjarbaru,PUSKESMAS LANDASAN ULIN TIMUR,DINAS KESEHATAN,Umum,Obat-Obatan,542,174.,2020-01-02,Kloramfenikol Salep Kulit 2% / Bufacetin Salep Kulit,Tube,256,3360,860160
Kalimantan Selatan,Banjarbaru,PUSKESMAS LANDASAN ULIN TIMUR,DINAS KESEHATAN,Umum,Obat-Obatan,542,175.,2020-01-02,Kloramfenikol Salep Kulit 2% / Bufacetin Salep Kulit,Tube,8,3360,26880
Kalimantan Selatan,Banjarbaru,PUSKESMAS LANDASAN ULIN TIMUR,DINAS KESEHATAN,Umum,Obat-Obatan,553,176.,2020-01-02,Kloramfenikol Suspensi 125 mg/5 ml,Botol,9,4000,36000
Kalimantan Selatan,Banjarbaru,PUSKESMAS LANDASAN ULIN TIMUR,DINAS KESEHATAN,Umum,Obat-Obatan,553,177.,2020-01-02,Kloramfenikol Suspensi 125 mg/5 ml,Botol,1,4000,4000
Kalimantan Selatan,Banjarbaru,PUSKESMAS LANDASAN ULIN TIMUR,DINAS KESEHATAN,Umum,Obat-Obatan,21004,178.,2020-02-02,LANCET @200 (2 BOK / PAKET),Buah,1,33000,33000
Kalimantan Selatan,Banjarbaru,PUSKESMAS LANDASAN ULIN TIMUR,DINAS KESEHATAN,Umum,Obat-Obatan,15595,179.,2020-12-01,LARVASIDA,Bungkus,3,140000,420000
Kalimantan Selatan,Banjarbaru,PUSKESMAS LANDASAN ULIN TIMUR,DINAS KESEHATAN,Umum,Obat-Obatan,16672,180.,2020-01-02,LIDOKAIN INJEKSI,Ampul,7,1319,9233
Kalimantan Selatan,Banjarbaru,PUSKESMAS LANDASAN ULIN TIMUR,DINAS KESEHATAN,Umum,Obat-Obatan,19306,181.,2020-03-02,Loperamide 2 Mg Harga 2,Tablet,1000,198,198000
Kalimantan Selatan,Banjarbaru,PUSKESMAS LANDASAN ULIN TIMUR,DINAS KESEHATAN,Umum,Obat-Obatan,19308,182.,2020-03-02,Loratadine 10 Mg harga 2,Tablet,400,136,54400
Kalimantan Selatan,Banjarbaru,PUSKESMAS LANDASAN ULIN TIMUR,DINAS KESEHATAN,Umum,Obat-Obatan,19308,183.,2020-12-28,Loratadine 10 Mg harga 2,Tablet,1000,136,136000
Kalimantan Selatan,Banjarbaru,PUSKESMAS LANDASAN ULIN TIMUR,DINAS KESEHATAN,Umum,Obat-Obatan,18997,184.,2020-03-02,MAGNESIUM SULFAT INJEKSI (IV) 40% - 25 ml,Ampul,6,3796,22776
Kalimantan Selatan,Banjarbaru,PUSKESMAS LANDASAN ULIN TIMUR,DINAS KESEHATAN,Umum,Obat-Obatan,16675,185.,2020-01-02,MAGNESIUM SULFAT INJEKSI(IV) 20% - 25 ML,Ampul,6,3328,19968
Kalimantan Selatan,Banjarbaru,PUSKESMAS LANDASAN ULIN TIMUR,DINAS KESEHATAN,Umum,Obat-Obatan,18354,186.,2020-01-02,MASK PLUS 3 PLY,kotak,10,25300,253000
Kalimantan Selatan,Banjarbaru,PUSKESMAS LANDASAN ULIN TIMUR,DINAS KESEHATAN,Umum,Obat-Obatan,19588,187.,2020-12-01,MASKER (BOX),box,14,16500,231000
Kalimantan Selatan,Banjarbaru,PUSKESMAS LANDASAN ULIN TIMUR,DINAS KESEHATAN,Umum,Obat-Obatan,516,189.,2020-05-04,MB Dewasa,Blister,4,36579,146316
Kalimantan Selatan,Banjarbaru,PUSKESMAS LANDASAN ULIN TIMUR,DINAS KESEHATAN,Umum,Obat-Obatan,516,190.,2020-12-01,MB Dewasa,Blister,2,36579,73158
Kalimantan Selatan,Banjarbaru,PUSKESMAS LANDASAN ULIN TIMUR,DINAS KESEHATAN,Umum,Obat-Obatan,22358,191.,2020-12-01,MB dewasa,Blister,3,41240,123720
Kalimantan Selatan,Banjarbaru,PUSKESMAS LANDASAN ULIN TIMUR,DINAS KESEHATAN,Umum,Obat-Obatan,16678,192.,2020-06-02,METFORMIN HCL TAB 500 MG,Tablet,500,102,51000
Kalimantan Selatan,Banjarbaru,PUSKESMAS LANDASAN ULIN TIMUR,DINAS KESEHATAN,Umum,Obat-Obatan,18748,193.,2020-12-28,METHYLPREDNISOLONE 4 MG TABLET MBF,Tablet,800,148,118400
Kalimantan Selatan,Banjarbaru,PUSKESMAS LANDASAN ULIN TIMUR,DINAS KESEHATAN,Umum,Obat-Obatan,16680,194.,2020-01-02,"METILERGOMETRIN MALEAT INJ 0,200 MG-1 ML HARGA 1",ampul,10,3278,32780
Kalimantan Selatan,Banjarbaru,PUSKESMAS LANDASAN ULIN TIMUR,DINAS KESEHATAN,Umum,Obat-Obatan,18344,195.,2020-12-28,MICONAZOLE CREAM 2%,Tube,48,3926,188448
Kalimantan Selatan,Banjarbaru,PUSKESMAS LANDASAN ULIN TIMUR,DINAS KESEHATAN,Umum,Obat-Obatan,16685,196.,2020-01-02,MINIASPI / ASETOSAL 80 MG HARGA 1,Tablet,30,123,3690
Kalimantan Selatan,Banjarbaru,PUSKESMAS LANDASAN ULIN TIMUR,DINAS KESEHATAN,Umum,Obat-Obatan,16685,197.,2020-01-02,MINIASPI / ASETOSAL 80 MG HARGA 1,Tablet,70,123,8610
Kalimantan Selatan,Banjarbaru,PUSKESMAS LANDASAN ULIN TIMUR,DINAS KESEHATAN,Umum,Obat-Obatan,16060,198.,2020-12-01,MR,Buah,5,166265,831325
Kalimantan Selatan,Banjarbaru,PUSKESMAS LANDASAN ULIN TIMUR,DINAS KESEHATAN,Umum,Obat-Obatan,16882,200.,2020-06-02,Masker Karet,kotak,26,16500,429000
Kalimantan Selatan,Banjarbaru,PUSKESMAS LANDASAN ULIN TIMUR,DINAS KESEHATAN,Umum,Obat-Obatan,16749,201.,2020-06-02,Masker N95 Harga 1,pcs,40,21000,840000
Kalimantan Selatan,Banjarbaru,PUSKESMAS LANDASAN ULIN TIMUR,DINAS KESEHATAN,Umum,Obat-Obatan,19206,202.,2020-06-02,Metronidazol Tab 500 mg,Tablet,400,638,255200
Kalimantan Selatan,Banjarbaru,PUSKESMAS LANDASAN ULIN TIMUR,DINAS KESEHATAN,Umum,Obat-Obatan,18600,203.,2020-01-02,NATRIUM DIKLOFENAK 25 MG TABLET KF,Tablet,676,142,95992
Kalimantan Selatan,Banjarbaru,PUSKESMAS LANDASAN ULIN TIMUR,DINAS KESEHATAN,Umum,Obat-Obatan,18600,204.,2020-01-02,NATRIUM DIKLOFENAK 25 MG TABLET KF,Tablet,424,142,60208
Kalimantan Selatan,Banjarbaru,PUSKESMAS LANDASAN ULIN TIMUR,DINAS KESEHATAN,Umum,Obat-Obatan,22934,205.,2020-12-28,NOZA,kotak,4,86570,346280
Kalimantan Selatan,Banjarbaru,PUSKESMAS LANDASAN ULIN TIMUR,DINAS KESEHATAN,Umum,Obat-Obatan,16915,206.,2020-01-02,"Natrium Klorida Larutan Infus 0,9% Steril",Botol,8,6410,51280
Kalimantan Selatan,Banjarbaru,PUSKESMAS LANDASAN ULIN TIMUR,DINAS KESEHATAN,Umum,Obat-Obatan,785,207.,2020-03-02,OAT FDC Kategori anak,Paket,1,285343,285343
Kalimantan Selatan,Banjarbaru,PUSKESMAS LANDASAN ULIN TIMUR,DINAS KESEHATAN,Umum,Obat-Obatan,20999,208.,2020-02-02,OCCLUDER,Buah,1,290000,290000
Kalimantan Selatan,Banjarbaru,PUSKESMAS LANDASAN ULIN TIMUR,DINAS KESEHATAN,Umum,Obat-Obatan,16620,209.,2020-01-02,OKSITOSIN INJEKSI 10 IU/ML-1 ML,Ampul,10,1900,19000
Kalimantan Selatan,Banjarbaru,PUSKESMAS LANDASAN ULIN TIMUR,DINAS KESEHATAN,Umum,Obat-Obatan,21029,210.,2020-01-02,OMEPRAZOL TAB 20 mg,Tablet,2145,147,315315
Kalimantan Selatan,Banjarbaru,PUSKESMAS LANDASAN ULIN TIMUR,DINAS KESEHATAN,Umum,Obat-Obatan,21029,211.,2020-01-02,OMEPRAZOL TAB 20 mg,Tablet,255,147,37485
Kalimantan Selatan,Banjarbaru,PUSKESMAS LANDASAN ULIN TIMUR,DINAS KESEHATAN,Umum,Obat-Obatan,20685,212.,2020-01-02,ORALIT,kotak,18,26300,473400
Kalimantan Selatan,Banjarbaru,PUSKESMAS LANDASAN ULIN TIMUR,DINAS KESEHATAN,Umum,Obat-Obatan,4925,213.,2020-12-28,OSELTAMIVIR 75 MG KAPSUL INDOFARMA,Kapsul,240,9900,2376000
Kalimantan Selatan,Banjarbaru,PUSKESMAS LANDASAN ULIN TIMUR,DINAS KESEHATAN,Umum,Obat-Obatan,19980,214.,2020-03-02,Obat batuk hitam (OBH) harga 2,Botol,140,3960,554400
Kalimantan Selatan,Banjarbaru,PUSKESMAS LANDASAN ULIN TIMUR,DINAS KESEHATAN,Umum,Obat-Obatan,20176,215.,2020-01-02,PAPAVERINE TAB,Tablet,160,253,40480
Kalimantan Selatan,Banjarbaru,PUSKESMAS LANDASAN ULIN TIMUR,DINAS KESEHATAN,Umum,Obat-Obatan,20176,216.,2020-01-02,PAPAVERINE TAB,Tablet,40,253,10120
Kalimantan Selatan,Banjarbaru,PUSKESMAS LANDASAN ULIN TIMUR,DINAS KESEHATAN,Umum,Obat-Obatan,18371,217.,2020-06-02,PARASETAMOL TABLET 500 MG HARGA 2,Tablet,7000,49,343000
Kalimantan Selatan,Banjarbaru,PUSKESMAS LANDASAN ULIN TIMUR,DINAS KESEHATAN,Umum,Obat-Obatan,20998,218.,2020-02-02,PENLIGHT + BATERAI,Buah,1,88000,88000
Kalimantan Selatan,Banjarbaru,PUSKESMAS LANDASAN ULIN TIMUR,DINAS KESEHATAN,Umum,Obat-Obatan,20177,219.,2020-03-02,PIRACETAM TAB 400 mg,Tablet,200,2200,440000
Kalimantan Selatan,Banjarbaru,PUSKESMAS LANDASAN ULIN TIMUR,DINAS KESEHATAN,Umum,Obat-Obatan,18381,220.,2020-06-02,PIRIDOKSIN HCL TABLET 10 MG,Tablet,700,141,98700
Kalimantan Selatan,Banjarbaru,PUSKESMAS LANDASAN ULIN TIMUR,DINAS KESEHATAN,Umum,Obat-Obatan,16689,221.,2020-03-02,Paracetamol drop,Botol,56,7646,428176
Kalimantan Selatan,Banjarbaru,PUSKESMAS LANDASAN ULIN TIMUR,DINAS KESEHATAN,Umum,Obat-Obatan,18534,222.,2020-03-02,Parasetamol sirup 120mg/5ml,Botol,100,1160,116000
Kalimantan Selatan,Banjarbaru,PUSKESMAS LANDASAN ULIN TIMUR,DINAS KESEHATAN,Umum,Obat-Obatan,18528,223.,2020-01-02,Prednison tablet 5mg harga 2,Tablet,420,74,31080
Kalimantan Selatan,Banjarbaru,PUSKESMAS LANDASAN ULIN TIMUR,DINAS KESEHATAN,Umum,Obat-Obatan,18528,224.,2020-01-02,Prednison tablet 5mg harga 2,Tablet,280,74,20720
Kalimantan Selatan,Banjarbaru,PUSKESMAS LANDASAN ULIN TIMUR,DINAS KESEHATAN,Umum,Obat-Obatan,22359,225.,2020-12-01,Primaquin box,kotak,20,25300,506000
Kalimantan Selatan,Banjarbaru,PUSKESMAS LANDASAN ULIN TIMUR,DINAS KESEHATAN,Umum,Obat-Obatan,21590,226.,2020-03-02,RDT HAV,box,1,1529475,1529475
Kalimantan Selatan,Banjarbaru,PUSKESMAS LANDASAN ULIN TIMUR,DINAS KESEHATAN,Umum,Obat-Obatan,19991,227.,2020-01-02,REAGEN zn,Botol,2,273978,547956
Kalimantan Selatan,Banjarbaru,PUSKESMAS LANDASAN ULIN TIMUR,DINAS KESEHATAN,Umum,Obat-Obatan,7092,228.,2020-12-01,Rapid HBsAG Test Card Serum Plasma,Tes,50,9800,490000
Kalimantan Selatan,Banjarbaru,PUSKESMAS LANDASAN ULIN TIMUR,DINAS KESEHATAN,Umum,Obat-Obatan,6777,229.,2020-12-01,Rapid Test NS1,pcs,23,67500,1552500
Kalimantan Selatan,Banjarbaru,PUSKESMAS LANDASAN ULIN TIMUR,DINAS KESEHATAN,Umum,Obat-Obatan,5714,230.,2020-12-01,Reagen Hemoglobin 1 L,Botol,2,330000,660000
Kalimantan Selatan,Banjarbaru,PUSKESMAS LANDASAN ULIN TIMUR,DINAS KESEHATAN,Umum,Obat-Obatan,9008,231.,2020-05-14,Refill Handsanitizer,Botol,3,75000,225000
Kalimantan Selatan,Banjarbaru,PUSKESMAS LANDASAN ULIN TIMUR,DINAS KESEHATAN,Umum,Obat-Obatan,16698,232.,2020-01-02,Ringerlaktat Larutan Infus Steril Harga 1,Botol,16,7150,114400
Kalimantan Selatan,Banjarbaru,PUSKESMAS LANDASAN ULIN TIMUR,DINAS KESEHATAN,Umum,Obat-Obatan,12452,233.,2020-01-02,Rivanol,Botol,1,3000,3000
Kalimantan Selatan,Banjarbaru,PUSKESMAS LANDASAN ULIN TIMUR,DINAS KESEHATAN,Umum,Obat-Obatan,12452,234.,2020-01-02,Rivanol,Botol,2,3000,6000
Kalimantan Selatan,Banjarbaru,PUSKESMAS LANDASAN ULIN TIMUR,DINAS KESEHATAN,Umum,Obat-Obatan,18324,235.,2020-06-02,SAFETY BOX,pcs,23,17315,398245
Kalimantan Selatan,Banjarbaru,PUSKESMAS LANDASAN ULIN TIMUR,DINAS KESEHATAN,Umum,Obat-Obatan,21005,236.,2020-02-02,SAFETY BOX obat,Buah,1,32000,32000
Kalimantan Selatan,Banjarbaru,PUSKESMAS LANDASAN ULIN TIMUR,DINAS KESEHATAN,Umum,Obat-Obatan,19009,237.,2020-01-02,SAKATONIK ABC,Botol,6,12000,72000
Kalimantan Selatan,Banjarbaru,PUSKESMAS LANDASAN ULIN TIMUR,DINAS KESEHATAN,Umum,Obat-Obatan,19009,238.,2020-01-02,SAKATONIK ABC,Botol,2,12000,24000
Kalimantan Selatan,Banjarbaru,PUSKESMAS LANDASAN ULIN TIMUR,DINAS KESEHATAN,Umum,Obat-Obatan,18845,239.,2020-06-02,SALBUTAMOL TABLET 4 MG,Tablet,100,77,7700
Kalimantan Selatan,Banjarbaru,PUSKESMAS LANDASAN ULIN TIMUR,DINAS KESEHATAN,Umum,Obat-Obatan,21002,240.,2020-02-02,SRQ (SELF RESPORTING QUISIONER),Buah,1,290000,290000
Kalimantan Selatan,Banjarbaru,PUSKESMAS LANDASAN ULIN TIMUR,DINAS KESEHATAN,Umum,Obat-Obatan,17111,241.,2020-12-01,Safety Bok harga 2,Buah,6,16501,99006
Kalimantan Selatan,Banjarbaru,PUSKESMAS LANDASAN ULIN TIMUR,DINAS KESEHATAN,Umum,Obat-Obatan,16701,242.,2020-01-02,Salbutamol Tablet 2 Mg,Tablet,259,64,16576
Kalimantan Selatan,Banjarbaru,PUSKESMAS LANDASAN ULIN TIMUR,DINAS KESEHATAN,Umum,Obat-Obatan,16701,243.,2020-01-02,Salbutamol Tablet 2 Mg,Tablet,41,64,2624
Kalimantan Selatan,Banjarbaru,PUSKESMAS LANDASAN ULIN TIMUR,DINAS KESEHATAN,Umum,Obat-Obatan,16702,244.,2020-03-02,Salisil Bedak 2 %,Sachset,20,4499,89980
Kalimantan Selatan,Banjarbaru,PUSKESMAS LANDASAN ULIN TIMUR,DINAS KESEHATAN,Umum,Obat-Obatan,16705,245.,2020-03-02,Simvastatin 10 mg harga 1,Tablet,30,110,3300
Kalimantan Selatan,Banjarbaru,PUSKESMAS LANDASAN ULIN TIMUR,DINAS KESEHATAN,Umum,Obat-Obatan,16708,246.,2020-12-28,Simvastatin 20 mg harga 2,Tablet,400,237,94800
Kalimantan Selatan,Banjarbaru,PUSKESMAS LANDASAN ULIN TIMUR,DINAS KESEHATAN,Umum,Obat-Obatan,16710,247.,2020-06-02,Stesolid Rectal Harga 1,Tube,4,14459,57836
Kalimantan Selatan,Banjarbaru,PUSKESMAS LANDASAN ULIN TIMUR,DINAS KESEHATAN,Umum,Obat-Obatan,19646,248.,2020-12-01,Stik urine 10 parameter,box,2,242000,484000
Kalimantan Selatan,Banjarbaru,PUSKESMAS LANDASAN ULIN TIMUR,DINAS KESEHATAN,Umum,Obat-Obatan,19647,249.,2020-12-01,Stik urine 3 parameter,box,1,332180,332180
Kalimantan Selatan,Banjarbaru,PUSKESMAS LANDASAN ULIN TIMUR,DINAS KESEHATAN,Umum,Obat-Obatan,16755,250.,2020-01-02,Surflo 20 G x 1,pcs,8,8355,66840
Kalimantan Selatan,Banjarbaru,PUSKESMAS LANDASAN ULIN TIMUR,DINAS KESEHATAN,Umum,Obat-Obatan,16756,251.,2020-01-02,Surflo 22 G x 1,pcs,5,8355,41775
Kalimantan Selatan,Banjarbaru,PUSKESMAS LANDASAN ULIN TIMUR,DINAS KESEHATAN,Umum,Obat-Obatan,20997,252.,2020-02-02,TALI PENGUKUR,Buah,1,28000,28000
Kalimantan Selatan,Banjarbaru,PUSKESMAS LANDASAN ULIN TIMUR,DINAS KESEHATAN,Umum,Obat-Obatan,21000,253.,2020-02-02,TAS KEMASAN,Buah,1,59000,59000
Kalimantan Selatan,Banjarbaru,PUSKESMAS LANDASAN ULIN TIMUR,DINAS KESEHATAN,Umum,Obat-Obatan,21001,254.,2020-02-02,TAS POSBINDU PTM,Buah,1,159000,159000
Kalimantan Selatan,Banjarbaru,PUSKESMAS LANDASAN ULIN TIMUR,DINAS KESEHATAN,Umum,Obat-Obatan,19445,255.,2020-01-02,Tablet Tambah Darah Kombinasi (TTD),kotak,21,40900,858900
Kalimantan Selatan,Banjarbaru,PUSKESMAS LANDASAN ULIN TIMUR,DINAS KESEHATAN,Umum,Obat-Obatan,19445,256.,2020-01-02,Tablet Tambah Darah Kombinasi (TTD),kotak,2,40900,81800
Kalimantan Selatan,Banjarbaru,PUSKESMAS LANDASAN ULIN TIMUR,DINAS KESEHATAN,Umum,Obat-Obatan,19445,257.,2020-12-28,Tablet Tambah Darah Kombinasi (TTD),kotak,46,40900,1881400
Kalimantan Selatan,Banjarbaru,PUSKESMAS LANDASAN ULIN TIMUR,DINAS KESEHATAN,Umum,Obat-Obatan,17237,258.,2020-01-02,Tiamin HCL Mononitrat (Vit.B1) Tablet Harga 2,Tablet,300,91,27300
Kalimantan Selatan,Banjarbaru,PUSKESMAS LANDASAN ULIN TIMUR,DINAS KESEHATAN,Umum,Obat-Obatan,16716,259.,2020-03-02,Truvit,Botol,120,12540,1504800
Kalimantan Selatan,Banjarbaru,PUSKESMAS LANDASAN ULIN TIMUR,DINAS KESEHATAN,Umum,Obat-Obatan,19314,260.,2020-01-02,Ultrafix,kotak,3,39800,119400
Kalimantan Selatan,Banjarbaru,PUSKESMAS LANDASAN ULIN TIMUR,DINAS KESEHATAN,Umum,Obat-Obatan,16774,261.,2020-01-02,Underpad Harga 1,Buah,20,9048,180960
Kalimantan Selatan,Banjarbaru,PUSKESMAS LANDASAN ULIN TIMUR,DINAS KESEHATAN,Umum,Obat-Obatan,19013,262.,2020-12-01,VAKSIN BCG VIAL,Vial,8,66154,529232
Kalimantan Selatan,Banjarbaru,PUSKESMAS LANDASAN ULIN TIMUR,DINAS KESEHATAN,Umum,Obat-Obatan,17481,263.,2020-12-01,VAKSIN DT HARGA 2,Vial,20,17450,349000
Kalimantan Selatan,Banjarbaru,PUSKESMAS LANDASAN ULIN TIMUR,DINAS KESEHATAN,Umum,Obat-Obatan,19208,264.,2020-06-02,VIT B12 (Sianocobalamin ) Tab,Tablet,1000,52,52000
Kalimantan Selatan,Banjarbaru,PUSKESMAS LANDASAN ULIN TIMUR,DINAS KESEHATAN,Umum,Obat-Obatan,17107,265.,2020-12-01,Vaksin IPV,Vial,27,144540,3902580
Kalimantan Selatan,Banjarbaru,PUSKESMAS LANDASAN ULIN TIMUR,DINAS KESEHATAN,Umum,Obat-Obatan,17101,266.,2020-12-01,Vaksin Polio 10 dosis,Vial,17,21285,361845
Kalimantan Selatan,Banjarbaru,PUSKESMAS LANDASAN ULIN TIMUR,DINAS KESEHATAN,Umum,Obat-Obatan,17105,267.,2020-12-01,Vaksin TD,Vial,29,18128,525712
Kalimantan Selatan,Banjarbaru,PUSKESMAS LANDASAN ULIN TIMUR,DINAS KESEHATAN,Umum,Obat-Obatan,16839,268.,2020-12-28,Vitamin B Komplek,Tablet,200,135,27000
Kalimantan Selatan,Banjarbaru,PUSKESMAS LANDASAN ULIN TIMUR,DINAS KESEHATAN,Umum,Obat-Obatan,16721,269.,2020-06-02,Yodium Povidon Larutan 10 % 300 ml,Botol,1,21600,21600
Kalimantan Selatan,Banjarbaru,PUSKESMAS LANDASAN ULIN TIMUR,DINAS KESEHATAN,Umum,Obat-Obatan,20684,270.,2020-01-02,ZINC TAB,kotak,13,60400,785200
Kalimantan Selatan,Banjarbaru,PUSKESMAS LANDASAN ULIN TIMUR,DINAS KESEHATAN,Umum,Obat-Obatan,18393,271.,2020-01-02,ZINCI TABLET 20 MG,Tablet,70,604,42280
Kalimantan Selatan,Banjarbaru,PUSKESMAS LANDASAN ULIN TIMUR,DINAS KESEHATAN,Umum,Obat-Obatan,18393,272.,2020-01-02,ZINCI TABLET 20 MG,Tablet,130,604,78520
Kalimantan Selatan,Banjarbaru,PUSKESMAS LANDASAN ULIN TIMUR,DINAS KESEHATAN,Umum,Obat-Obatan,19982,273.,2020-03-02,Zinc syrup,Botol,150,3285,492750
Kalimantan Selatan,Banjarbaru,PUSKESMAS LANDASAN ULIN TIMUR,DINAS KESEHATAN,Umum,Obat-Obatan,15991,274.,2020-12-28,masker jilbab,box,11,25300,278300
Kalimantan Selatan,Banjarbaru,PUSKESMAS LANDASAN ULIN TIMUR,DINAS KESEHATAN,Umum,Obat-Obatan,19992,275.,2020-01-02,pot sputum,Buah,75,5890,441750
Kalimantan Selatan,Banjarbaru,PUSKESMAS LANDASAN ULIN TIMUR,DINAS KESEHATAN,Umum,Obat-Obatan,19992,276.,2020-12-01,pot sputum,Buah,200,5890,1178000
Kalimantan Selatan,Banjarbaru,PUSKESMAS LANDASAN ULIN TIMUR,DINAS KESEHATAN,Umum,Perlengkapan Kesehatan,21870,280.,2020-07-01,HAZMAT/APD,Buah,66,14946,986436
Kalimantan Selatan,Banjarbaru,PUSKESMAS LANDASAN ULIN TIMUR,DINAS KESEHATAN,Umum,Perlengkapan Kesehatan,19782,285.,2020-12-01,PAKET KELAS IBU HAMIL,Paket,4,150000,600000
Kalimantan Selatan,Banjarbaru,PUSKESMAS LANDASAN ULIN TIMUR,DINAS KESEHATAN,Umum,Perlengkapan Kesehatan,7581,286.,2020-12-02,Sarung tangan non steril l,box,2,201632,403264
Kalimantan Selatan,Banjarbaru,PUSKESMAS LANDASAN ULIN TIMUR,DINAS KESEHATAN,Umum,Cetak,1603,287.,2020-01-02,Amplop Kop Dinas,Pak,2,50000,100000
Kalimantan Selatan,Banjarbaru,PUSKESMAS LANDASAN ULIN TIMUR,DINAS KESEHATAN,Umum,Cetak,19839,288.,2020-01-02,CETAK BUKU KIA & STIKER P4K,Buah,350,24000,8400000
Kalimantan Selatan,Banjarbaru,PUSKESMAS LANDASAN ULIN TIMUR,DINAS KESEHATAN,Umum,Cetak,19073,289.,2020-03-02,CETAK KARTU REGISTER Td WUS,lembar,100,7500,750000
Kalimantan Selatan,Banjarbaru,PUSKESMAS LANDASAN ULIN TIMUR,DINAS KESEHATAN,Umum,Cetak,15308,290.,2020-04-01,CETAK STIKER KONTROL IMUNISASI,Rim,100,1500,150000
Kalimantan Selatan,Banjarbaru,PUSKESMAS LANDASAN ULIN TIMUR,DINAS KESEHATAN,Umum,Cetak,13028,291.,2020-01-02,Etiket Obat,Rim,5,90000,450000
Kalimantan Selatan,Banjarbaru,PUSKESMAS LANDASAN ULIN TIMUR,DINAS KESEHATAN,Umum,Cetak,13839,292.,2020-01-02,KARTU IBU,Rim,3,143000,429000
Kalimantan Selatan,Banjarbaru,PUSKESMAS LANDASAN ULIN TIMUR,DINAS KESEHATAN,Umum,Cetak,7358,293.,2020-01-02,Kartu Stok,lembar,3000,500,1500000
Kalimantan Selatan,Banjarbaru,PUSKESMAS LANDASAN ULIN TIMUR,DINAS KESEHATAN,Umum,Cetak,18180,294.,2020-01-02,Kuitansi global,buku,7,25000,175000
Kalimantan Selatan,Banjarbaru,PUSKESMAS LANDASAN ULIN TIMUR,DINAS KESEHATAN,Umum,Cetak,16209,295.,2020-01-02,SERTIFIKAT ASI EKSKLUSIF,lembar,100,5000,500000
Kalimantan Selatan,Banjarbaru,PUSKESMAS LANDASAN ULIN TIMUR,DINAS KESEHATAN,Umum,Persediaan Tanggap Darurat,5770,296.,2020-06-25,Hanscoen (sarung tangan latex),pcs,4,169400,677600
Kalimantan Selatan,Banjarbaru,PUSKESMAS LANDASAN ULIN TIMUR,DINAS KESEHATAN,Umum,Persediaan Tanggap Darurat,12471,297.,2020-06-25,Hazmat (Baju APD),pcs,5,151250,756250
Kalimantan Selatan,Banjarbaru,PUSKESMAS LANDASAN ULIN TIMUR,DINAS KESEHATAN,Umum,Persediaan Tanggap Darurat,10490,298.,2020-06-25,Masker KN-95,pcs,24,133100,3194400
Kalimantan Selatan,Banjarbaru,PUSKESMAS LANDASAN ULIN TIMUR,DINAS KESEHATAN,Umum,Persediaan Tanggap Darurat,8653,299.,2020-06-25,Masker Medis,kotak,5,254100,1270500
Kalimantan Selatan,Banjarbaru,PUSKESMAS LANDASAN ULIN TIMUR,DINAS KESEHATAN,Umum,Bahan Obat Obatan,19123,300.,2020-01-02,ALETROL TM,Botol,24,18000,432000
Kalimantan Selatan,Banjarbaru,PUSKESMAS LANDASAN ULIN TIMUR,DINAS KESEHATAN,Umum,Bahan Obat Obatan,19121,301.,2020-03-02,ANATON SYRUP,Botol,180,6000,1080000
Kalimantan Selatan,Banjarbaru,PUSKESMAS LANDASAN ULIN TIMUR,DINAS KESEHATAN,Umum,Bahan Obat Obatan,20231,302.,2020-01-02,AUTOCHECK GLUCOSE TEST STRIP 50 STRIP / BOX,box,7,158125,1106875
Kalimantan Selatan,Banjarbaru,PUSKESMAS LANDASAN ULIN TIMUR,DINAS KESEHATAN,Umum,Bahan Obat Obatan,20827,303.,2020-03-02,CAVICUR - TAB BOX / 100,doz,14,70785,990990
Kalimantan Selatan,Banjarbaru,PUSKESMAS LANDASAN ULIN TIMUR,DINAS KESEHATAN,Umum,Bahan Obat Obatan,16031,304.,2020-01-02,CAVITON,box,1,187000,187000
Kalimantan Selatan,Banjarbaru,PUSKESMAS LANDASAN ULIN TIMUR,DINAS KESEHATAN,Umum,Bahan Obat Obatan,19746,305.,2020-01-02,CHKM CE GHIMAS 10 ML,Botol,4,137500,550000
Kalimantan Selatan,Banjarbaru,PUSKESMAS LANDASAN ULIN TIMUR,DINAS KESEHATAN,Umum,Bahan Obat Obatan,20824,306.,2020-03-02,DEXTROFEN SYR BTL 50 ML,Botol,150,11550,1732500
Kalimantan Selatan,Banjarbaru,PUSKESMAS LANDASAN ULIN TIMUR,DINAS KESEHATAN,Umum,Bahan Obat Obatan,19127,307.,2020-06-02,FERRO FUMARATE ( TTD PHAPROS BUMIL) 60 mg,Tablet,10,45700,457000
Kalimantan Selatan,Banjarbaru,PUSKESMAS LANDASAN ULIN TIMUR,DINAS KESEHATAN,Umum,Bahan Obat Obatan,19127,308.,2020-09-30,FERRO FUMARATE ( TTD PHAPROS BUMIL) 60 mg,Tablet,20,45700,914000
Kalimantan Selatan,Banjarbaru,PUSKESMAS LANDASAN ULIN TIMUR,DINAS KESEHATAN,Umum,Bahan Obat Obatan,19127,309.,2020-11-30,FERRO FUMARATE ( TTD PHAPROS BUMIL) 60 mg,Tablet,56,45700,2559200
Kalimantan Selatan,Banjarbaru,PUSKESMAS LANDASAN ULIN TIMUR,DINAS KESEHATAN,Umum,Bahan Obat Obatan,21584,310.,2020-11-30,Kamolas 120 MG / 5 ML syrup,Botol,150,5500,825000
Kalimantan Selatan,Banjarbaru,PUSKESMAS LANDASAN ULIN TIMUR,DINAS KESEHATAN,Umum,Bahan Obat Obatan,8702,311.,2020-12-01,LEGRES (Multivitamin / Mineral / Herbal) zeviton kaplet salut selaput,Tablet,150,2849,427350
Kalimantan Selatan,Banjarbaru,PUSKESMAS LANDASAN ULIN TIMUR,DINAS KESEHATAN,Umum,Bahan Obat Obatan,19117,312.,2020-03-02,LODECON FORTE,kotak,2200,600,1320000
Kalimantan Selatan,Banjarbaru,PUSKESMAS LANDASAN ULIN TIMUR,DINAS KESEHATAN,Umum,Bahan Obat Obatan,21578,313.,2020-09-30,ONE CLEAN 1 L,Botol,5,32500,162500
Kalimantan Selatan,Banjarbaru,PUSKESMAS LANDASAN ULIN TIMUR,DINAS KESEHATAN,Umum,Bahan Obat Obatan,20254,314.,2020-03-02,ORPHEN KAPLET,box,1,16060,16060
Kalimantan Selatan,Banjarbaru,PUSKESMAS LANDASAN ULIN TIMUR,DINAS KESEHATAN,Umum,Bahan Obat Obatan,20305,315.,2020-01-02,PLESTERIN BULAT DIAMETER 22 mm ONE MED,box,8,27500,220000
Kalimantan Selatan,Banjarbaru,PUSKESMAS LANDASAN ULIN TIMUR,DINAS KESEHATAN,Umum,Bahan Obat Obatan,21580,316.,2020-09-30,POVIDON 10% 30 ML ONE MED,Botol,1,5100,5100
Kalimantan Selatan,Banjarbaru,PUSKESMAS LANDASAN ULIN TIMUR,DINAS KESEHATAN,Umum,Bahan Obat Obatan,20257,317.,2020-09-30,PURPLE CAP K3 EDTA 2 ML,Pak,1,137195,137195
Kalimantan Selatan,Banjarbaru,PUSKESMAS LANDASAN ULIN TIMUR,DINAS KESEHATAN,Umum,Bahan Obat Obatan,19985,318.,2020-01-02,"Pehacain injeksi, kemasan kotak isi 20 ampul",Ampul,15,3850,57750
Kalimantan Selatan,Banjarbaru,PUSKESMAS LANDASAN ULIN TIMUR,DINAS KESEHATAN,Umum,Bahan Obat Obatan,20826,319.,2020-01-06,RED CAP PLAIN (NO ADDITIVE) 5 ML,Pak,19,1650,31350
Kalimantan Selatan,Banjarbaru,PUSKESMAS LANDASAN ULIN TIMUR,DINAS KESEHATAN,Umum,Bahan Obat Obatan,20825,320.,2020-01-02,RIGHTSIGN IHAV-C31,box,19,49500,940500
Kalimantan Selatan,Banjarbaru,PUSKESMAS LANDASAN ULIN TIMUR,DINAS KESEHATAN,Umum,Bahan Obat Obatan,19119,321.,2020-03-02,SOLAFLUS SYRUP,Botol,180,10000,1800000
Kalimantan Selatan,Banjarbaru,PUSKESMAS LANDASAN ULIN TIMUR,DINAS KESEHATAN,Umum,Bahan Obat Obatan,19735,322.,2020-01-02,TKF CE / GHIMAS 10 ML,Botol,4,165000,660000
