SATKER,PUSKESMAS GUNTUNG PAYUNGANY,,,,,,,,,,,,
Nama Barang,ANY,,,,,,,,,,,,
,,,,,,,,,,,,,
Provinsi,Kota,SATKER,SKPD,Gudang,Jenis Barang,Kode Barang,No,Tanggal Beli,Nama Barang,Satuan,Jumlah,Harga,Total Harga
Daftar Persediaan Barang Habis Pakai,,,,,,,,,,,,,
Kalimantan Selatan,Banjarbaru,PUSKESMAS GUNTUNG PAYUNG,DINAS KESEHATAN,Umum,Alat Tulis Kantor,51,1.,2020-11-18,Amplop kecil,kotak,1,15000,15000
,,,,,,,,,,,Total:1,,Total:15.000
Kalimantan Selatan,Banjarbaru,PUSKESMAS GUNTUNG PAYUNG,DINAS KESEHATAN,Umum,Alat Tulis Kantor,13785,2.,2020-11-18,Bak stempel,Buah,2,13000,26000
,,,,,,,,,,,Total:2,,Total:26.000
Kalimantan Selatan,Banjarbaru,PUSKESMAS GUNTUNG PAYUNG,DINAS KESEHATAN,Umum,Alat Tulis Kantor,21613,3.,2020-11-18,Ballpoint Tebal,Buah,5,20000,100000
,,,,,,,,,,,Total:5,,Total:100.000
Kalimantan Selatan,Banjarbaru,PUSKESMAS GUNTUNG PAYUNG,DINAS KESEHATAN,Umum,Alat Tulis Kantor,9877,4.,2020-12-01,KERTAS COVER,Pak,1,35000,35000
,,,,,,,,,,,Total:1,,Total:35.000
Kalimantan Selatan,Banjarbaru,PUSKESMAS GUNTUNG PAYUNG,DINAS KESEHATAN,BLUD,Alat Tulis Kantor,4783,5.,2020-04-30,Kertas mesin antrian,roll,90,8000,720000
,,,,,,,,,,,Total:90,,Total:720.000
Kalimantan Selatan,Banjarbaru,PUSKESMAS GUNTUNG PAYUNG,DINAS KESEHATAN,Umum,Alat Tulis Kantor,21563,6.,2020-11-18,LEM KERTAS STIK,Buah,1,12000,12000
,,,,,,,,,,,Total:1,,Total:12.000
Kalimantan Selatan,Banjarbaru,PUSKESMAS GUNTUNG PAYUNG,DINAS KESEHATAN,Umum,Alat Tulis Kantor,1456,7.,2020-11-18,Lakban,Buah,1,18500,18500
,,,,,,,,,,,Total:1,,Total:18.500
Kalimantan Selatan,Banjarbaru,PUSKESMAS GUNTUNG PAYUNG,DINAS KESEHATAN,Umum,Alat Tulis Kantor,13013,8.,2020-11-18,Map Kertas Biasa,lembar,50,1200,60000
,,,,,,,,,,,Total:50,,Total:60.000
Kalimantan Selatan,Banjarbaru,PUSKESMAS GUNTUNG PAYUNG,DINAS KESEHATAN,Umum,Alat Tulis Kantor,15227,9.,2020-11-18,PAPER CLIP KECIL,kotak,3,4500,13500
,,,,,,,,,,,Total:3,,Total:13.500
Kalimantan Selatan,Banjarbaru,PUSKESMAS GUNTUNG PAYUNG,DINAS KESEHATAN,Umum,Alat Tulis Kantor,18797,10.,2020-06-11,SPIDOL PERMANENT (ATK),Buah,1,10000,10000
,,,,,,,,,,,Total:1,,Total:10.000
Kalimantan Selatan,Banjarbaru,PUSKESMAS GUNTUNG PAYUNG,DINAS KESEHATAN,Umum,Alat Tulis Kantor,26,11.,2020-11-18,Tinta Stempel,Buah,2,12000,24000
,,,,,,,,,,,Total:2,,Total:24.000
Kalimantan Selatan,Banjarbaru,PUSKESMAS GUNTUNG PAYUNG,DINAS KESEHATAN,Umum,"Perangko, Materai dan Benda Pos Lainnya",1050,12.,2020-11-18,Materai 3.000,lembar,10,3000,30000
,,,,,,,,,,,Total:10,,Total:30.000
Kalimantan Selatan,Banjarbaru,PUSKESMAS GUNTUNG PAYUNG,DINAS KESEHATAN,Umum,Obat-Obatan,16497,13.,2020-01-02,ACYCLOVIR CREM 5%,Tube,22,2970,65340
,,,,,,,,,,,Total:22,,Total:65.340
Kalimantan Selatan,Banjarbaru,PUSKESMAS GUNTUNG PAYUNG,DINAS KESEHATAN,Umum,Obat-Obatan,16499,14.,2020-01-02,ACYCLOVIR TABLET 200 MG,Tablet,195,272,53040
Kalimantan Selatan,Banjarbaru,PUSKESMAS GUNTUNG PAYUNG,DINAS KESEHATAN,Umum,Obat-Obatan,16499,15.,2020-01-02,ACYCLOVIR TABLET 200 MG,Tablet,170,272,46240
,,,,,,,,,,,Total:365,,Total:99.280
Kalimantan Selatan,Banjarbaru,PUSKESMAS GUNTUNG PAYUNG,DINAS KESEHATAN,Umum,Obat-Obatan,16500,16.,2020-01-02,ACYCLOVIR TABLET 400 MG,Tablet,328,425,139400
Kalimantan Selatan,Banjarbaru,PUSKESMAS GUNTUNG PAYUNG,DINAS KESEHATAN,Umum,Obat-Obatan,16500,17.,2020-06-01,ACYCLOVIR TABLET 400 MG,Tablet,80,425,34000
,,,,,,,,,,,Total:408,,Total:173.400
Kalimantan Selatan,Banjarbaru,PUSKESMAS GUNTUNG PAYUNG,DINAS KESEHATAN,Umum,Obat-Obatan,19909,18.,2020-08-03,"ADS 0,05 harga 2",Buah,36,1518,54648
,,,,,,,,,,,Total:36,,Total:54.648
Kalimantan Selatan,Banjarbaru,PUSKESMAS GUNTUNG PAYUNG,DINAS KESEHATAN,Umum,Obat-Obatan,16062,19.,2020-01-02,"ADS 0,05 ml",Buah,9,1650,14850
,,,,,,,,,,,Total:9,,Total:14.850
Kalimantan Selatan,Banjarbaru,PUSKESMAS GUNTUNG PAYUNG,DINAS KESEHATAN,Umum,Obat-Obatan,17108,20.,2020-10-01,"ADS 0,5 ml",Buah,79,1240,97960
,,,,,,,,,,,Total:79,,Total:97.960
Kalimantan Selatan,Banjarbaru,PUSKESMAS GUNTUNG PAYUNG,DINAS KESEHATAN,Umum,Obat-Obatan,17109,21.,2020-03-11,ADS 5 ml,Buah,14,1583,22162
Kalimantan Selatan,Banjarbaru,PUSKESMAS GUNTUNG PAYUNG,DINAS KESEHATAN,Umum,Obat-Obatan,17109,22.,2020-08-03,ADS 5 ml,Buah,200,1583,316600
,,,,,,,,,,,Total:214,,Total:338.762
Kalimantan Selatan,Banjarbaru,PUSKESMAS GUNTUNG PAYUNG,DINAS KESEHATAN,Umum,Obat-Obatan,16503,23.,2020-01-02,ALLOPURINOL 300 MG,Tablet,700,216,151200
,,,,,,,,,,,Total:700,,Total:151.200
Kalimantan Selatan,Banjarbaru,PUSKESMAS GUNTUNG PAYUNG,DINAS KESEHATAN,Umum,Obat-Obatan,16509,24.,2020-01-02,AMBROXOL SYRUP,Botol,511,3190,1630090
,,,,,,,,,,,Total:511,,Total:1.630.090
Kalimantan Selatan,Banjarbaru,PUSKESMAS GUNTUNG PAYUNG,DINAS KESEHATAN,Umum,Obat-Obatan,17516,25.,2020-10-01,AMITRIPTYLLIN 25 MG TABLET,Tablet,100,304,30400
,,,,,,,,,,,Total:100,,Total:30.400
Kalimantan Selatan,Banjarbaru,PUSKESMAS GUNTUNG PAYUNG,DINAS KESEHATAN,Umum,Obat-Obatan,18257,26.,2020-01-02,AMOKSISILIN FORTE SIRUP KERING 250 MG / 5 ML,Botol,119,3846,457674
Kalimantan Selatan,Banjarbaru,PUSKESMAS GUNTUNG PAYUNG,DINAS KESEHATAN,Umum,Obat-Obatan,18257,27.,2020-06-01,AMOKSISILIN FORTE SIRUP KERING 250 MG / 5 ML,Botol,60,3846,230760
,,,,,,,,,,,Total:179,,Total:688.434
Kalimantan Selatan,Banjarbaru,PUSKESMAS GUNTUNG PAYUNG,DINAS KESEHATAN,Umum,Obat-Obatan,16520,28.,2020-10-01,AMOKSISILIN KAPSUL 500 MG,Kapsul,1768,265,468520
,,,,,,,,,,,Total:1.768,,Total:468.520
Kalimantan Selatan,Banjarbaru,PUSKESMAS GUNTUNG PAYUNG,DINAS KESEHATAN,Umum,Obat-Obatan,16582,29.,2020-01-02,AMOKSISILIN SIRUP KERING 125 MG/ 5 ML,Botol,3,2200,6600
,,,,,,,,,,,Total:3,,Total:6.600
Kalimantan Selatan,Banjarbaru,PUSKESMAS GUNTUNG PAYUNG,DINAS KESEHATAN,Umum,Obat-Obatan,18305,30.,2020-10-01,"ANTASIDA DOEN TABLET , KOMBINASI HARGA 2",Tablet,1343,60,80580
,,,,,,,,,,,Total:1.343,,Total:80.580
Kalimantan Selatan,Banjarbaru,PUSKESMAS GUNTUNG PAYUNG,DINAS KESEHATAN,Umum,Obat-Obatan,16585,31.,2020-06-01,"ANTASIDA DOEN TABLET, KOMBINASI",Tablet,652,56,36512
,,,,,,,,,,,Total:652,,Total:36.512
Kalimantan Selatan,Banjarbaru,PUSKESMAS GUNTUNG PAYUNG,DINAS KESEHATAN,Umum,Obat-Obatan,16586,32.,2020-06-01,ANTASIDA SUSPENSI,Botol,50,2098,104900
Kalimantan Selatan,Banjarbaru,PUSKESMAS GUNTUNG PAYUNG,DINAS KESEHATAN,Umum,Obat-Obatan,16586,33.,2020-06-01,ANTASIDA SUSPENSI,Botol,20,2098,41960
Kalimantan Selatan,Banjarbaru,PUSKESMAS GUNTUNG PAYUNG,DINAS KESEHATAN,Umum,Obat-Obatan,16586,34.,2020-10-01,ANTASIDA SUSPENSI,Botol,100,2098,209800
,,,,,,,,,,,Total:170,,Total:356.660
Kalimantan Selatan,Banjarbaru,PUSKESMAS GUNTUNG PAYUNG,DINAS KESEHATAN,Umum,Obat-Obatan,18310,35.,2020-06-01,ASAM FOLAT HARGA 2,Tablet,150,81,12150
,,,,,,,,,,,Total:150,,Total:12.150
Kalimantan Selatan,Banjarbaru,PUSKESMAS GUNTUNG PAYUNG,DINAS KESEHATAN,Umum,Obat-Obatan,17460,36.,2020-06-01,ASAM TRANEKSAMAT TABLET,Tablet,70,1784,124880
,,,,,,,,,,,Total:70,,Total:124.880
Kalimantan Selatan,Banjarbaru,PUSKESMAS GUNTUNG PAYUNG,DINAS KESEHATAN,Umum,Obat-Obatan,562,37.,2020-01-02,Albendazol tablet 400 mg,Tablet,35,423,14805
,,,,,,,,,,,Total:35,,Total:14.805
Kalimantan Selatan,Banjarbaru,PUSKESMAS GUNTUNG PAYUNG,DINAS KESEHATAN,Umum,Obat-Obatan,575,38.,2020-10-01,Allopurinol tab 100 mg,Tablet,1320,99,130680
,,,,,,,,,,,Total:1.320,,Total:130.680
Kalimantan Selatan,Banjarbaru,PUSKESMAS GUNTUNG PAYUNG,DINAS KESEHATAN,Umum,Obat-Obatan,18518,39.,2020-06-01,Ambroxol 30mg harga 2,Tablet,695,99,68805
Kalimantan Selatan,Banjarbaru,PUSKESMAS GUNTUNG PAYUNG,DINAS KESEHATAN,Umum,Obat-Obatan,18518,40.,2020-06-01,Ambroxol 30mg harga 2,Tablet,200,99,19800
Kalimantan Selatan,Banjarbaru,PUSKESMAS GUNTUNG PAYUNG,DINAS KESEHATAN,Umum,Obat-Obatan,18518,41.,2020-10-01,Ambroxol 30mg harga 2,Tablet,600,99,59400
,,,,,,,,,,,Total:1.495,,Total:148.005
Kalimantan Selatan,Banjarbaru,PUSKESMAS GUNTUNG PAYUNG,DINAS KESEHATAN,Umum,Obat-Obatan,628,42.,2020-06-01,Ambroxol Syrup 15 mg/5 ml,Botol,133,3355,446215
Kalimantan Selatan,Banjarbaru,PUSKESMAS GUNTUNG PAYUNG,DINAS KESEHATAN,Umum,Obat-Obatan,628,43.,2020-06-01,Ambroxol Syrup 15 mg/5 ml,Botol,10,3355,33550
Kalimantan Selatan,Banjarbaru,PUSKESMAS GUNTUNG PAYUNG,DINAS KESEHATAN,Umum,Obat-Obatan,628,44.,2020-07-01,Ambroxol Syrup 15 mg/5 ml,Botol,120,3355,402600
,,,,,,,,,,,Total:263,,Total:882.365
Kalimantan Selatan,Banjarbaru,PUSKESMAS GUNTUNG PAYUNG,DINAS KESEHATAN,Umum,Obat-Obatan,19342,45.,2020-10-01,Amlodipin 5 mg,Tablet,2990,81,242190
,,,,,,,,,,,Total:2.990,,Total:242.190
Kalimantan Selatan,Banjarbaru,PUSKESMAS GUNTUNG PAYUNG,DINAS KESEHATAN,Umum,Obat-Obatan,771,46.,2020-01-02,Amoksisilin syrup kering  Forte 250 mg/5 ml,Botol,6,3797,22782
,,,,,,,,,,,Total:6,,Total:22.782
Kalimantan Selatan,Banjarbaru,PUSKESMAS GUNTUNG PAYUNG,DINAS KESEHATAN,Umum,Obat-Obatan,750,47.,2020-06-01,Amoksisilin syrup kering 125 mg/5 ml,Botol,10,5280,52800
,,,,,,,,,,,Total:10,,Total:52.800
Kalimantan Selatan,Banjarbaru,PUSKESMAS GUNTUNG PAYUNG,DINAS KESEHATAN,Umum,Obat-Obatan,17222,48.,2020-06-01,Antifungi Doen  Kombinasi,Tablet,2,5170,10340
Kalimantan Selatan,Banjarbaru,PUSKESMAS GUNTUNG PAYUNG,DINAS KESEHATAN,Umum,Obat-Obatan,17222,49.,2020-06-01,Antifungi Doen  Kombinasi,Tablet,10,5170,51700
Kalimantan Selatan,Banjarbaru,PUSKESMAS GUNTUNG PAYUNG,DINAS KESEHATAN,Umum,Obat-Obatan,17222,50.,2020-10-01,Antifungi Doen  Kombinasi,Tablet,24,5170,124080
,,,,,,,,,,,Total:36,,Total:186.120
Kalimantan Selatan,Banjarbaru,PUSKESMAS GUNTUNG PAYUNG,DINAS KESEHATAN,Umum,Obat-Obatan,491,51.,2020-06-01,Asam Askorbat (vitamin C) 50 mg,Tablet,960,120,115200
Kalimantan Selatan,Banjarbaru,PUSKESMAS GUNTUNG PAYUNG,DINAS KESEHATAN,Umum,Obat-Obatan,491,52.,2020-06-01,Asam Askorbat (vitamin C) 50 mg,Tablet,390,120,46800
Kalimantan Selatan,Banjarbaru,PUSKESMAS GUNTUNG PAYUNG,DINAS KESEHATAN,Umum,Obat-Obatan,491,53.,2020-10-01,Asam Askorbat (vitamin C) 50 mg,Tablet,1000,120,120000
,,,,,,,,,,,Total:2.350,,Total:282.000
Kalimantan Selatan,Banjarbaru,PUSKESMAS GUNTUNG PAYUNG,DINAS KESEHATAN,Umum,Obat-Obatan,497,54.,2020-10-01,Asam Folat 1 mg,Tablet,440,136,59840
,,,,,,,,,,,Total:440,,Total:59.840
Kalimantan Selatan,Banjarbaru,PUSKESMAS GUNTUNG PAYUNG,DINAS KESEHATAN,Umum,Obat-Obatan,19197,55.,2020-10-01,Asam Mefenamat Tab 500 mg,Tablet,1060,103,109180
,,,,,,,,,,,Total:1.060,,Total:109.180
Kalimantan Selatan,Banjarbaru,PUSKESMAS GUNTUNG PAYUNG,DINAS KESEHATAN,Umum,Obat-Obatan,486,56.,2020-10-01,Attapulgit 600 mg (Pularex / New Antides ),Tablet,100,253,25300
,,,,,,,,,,,Total:100,,Total:25.300
Kalimantan Selatan,Banjarbaru,PUSKESMAS GUNTUNG PAYUNG,DINAS KESEHATAN,Umum,Obat-Obatan,5060,57.,2020-08-03,BCG,Vial,5,60140,300700
,,,,,,,,,,,Total:5,,Total:300.700
Kalimantan Selatan,Banjarbaru,PUSKESMAS GUNTUNG PAYUNG,DINAS KESEHATAN,Umum,Obat-Obatan,18379,58.,2020-01-02,BEROTEC SOL,Botol,1,117500,117500
,,,,,,,,,,,Total:1,,Total:117.500
Kalimantan Selatan,Banjarbaru,PUSKESMAS GUNTUNG PAYUNG,DINAS KESEHATAN,Umum,Obat-Obatan,16596,59.,2020-01-02,BETAHISTIN 6 MG,Tablet,775,119,92225
Kalimantan Selatan,Banjarbaru,PUSKESMAS GUNTUNG PAYUNG,DINAS KESEHATAN,Umum,Obat-Obatan,16596,60.,2020-06-01,BETAHISTIN 6 MG,Tablet,100,119,11900
Kalimantan Selatan,Banjarbaru,PUSKESMAS GUNTUNG PAYUNG,DINAS KESEHATAN,Umum,Obat-Obatan,16596,61.,2020-07-01,BETAHISTIN 6 MG,Tablet,1000,119,119000
,,,,,,,,,,,Total:1.875,,Total:223.125
Kalimantan Selatan,Banjarbaru,PUSKESMAS GUNTUNG PAYUNG,DINAS KESEHATAN,Umum,Obat-Obatan,16597,62.,2020-06-01,"BETAMETASON KRIM 0,1 %",Tube,2,1373,2746
,,,,,,,,,,,Total:2,,Total:2.746
Kalimantan Selatan,Banjarbaru,PUSKESMAS GUNTUNG PAYUNG,DINAS KESEHATAN,Umum,Obat-Obatan,20022,63.,2020-10-01,"BETAMETASON KRIM 0,1 % TUBE",Tube,86,1865,160390
,,,,,,,,,,,Total:86,,Total:160.390
Kalimantan Selatan,Banjarbaru,PUSKESMAS GUNTUNG PAYUNG,DINAS KESEHATAN,Umum,Obat-Obatan,19976,64.,2020-01-02,Bisakodil supp 5 mg/ Dulcolax supp anak,Suppo,12,6000,72000
,,,,,,,,,,,Total:12,,Total:72.000
Kalimantan Selatan,Banjarbaru,PUSKESMAS GUNTUNG PAYUNG,DINAS KESEHATAN,Umum,Obat-Obatan,560,65.,2020-01-02,Bisakodil suppositoria 10 mg (Dulcolax/Stolax),Suppo,1,5900,5900
,,,,,,,,,,,Total:1,,Total:5.900
Kalimantan Selatan,Banjarbaru,PUSKESMAS GUNTUNG PAYUNG,DINAS KESEHATAN,Umum,Obat-Obatan,20211,66.,2020-01-02,"CAPTOPRIL TABLET 12,5 MG",Tablet,300,69,20700
Kalimantan Selatan,Banjarbaru,PUSKESMAS GUNTUNG PAYUNG,DINAS KESEHATAN,Umum,Obat-Obatan,20211,67.,2020-06-01,"CAPTOPRIL TABLET 12,5 MG",Tablet,150,69,10350
,,,,,,,,,,,Total:450,,Total:31.050
Kalimantan Selatan,Banjarbaru,PUSKESMAS GUNTUNG PAYUNG,DINAS KESEHATAN,Umum,Obat-Obatan,16598,68.,2020-07-01,CEFADROXIL CAPSUL 500 MG,Tablet,980,680,666400
,,,,,,,,,,,Total:980,,Total:666.400
Kalimantan Selatan,Banjarbaru,PUSKESMAS GUNTUNG PAYUNG,DINAS KESEHATAN,Umum,Obat-Obatan,17462,69.,2020-01-02,CEFADROXIL CAPSUL 500MG,Kapsul,90,492,44280
Kalimantan Selatan,Banjarbaru,PUSKESMAS GUNTUNG PAYUNG,DINAS KESEHATAN,Umum,Obat-Obatan,17462,70.,2020-01-02,CEFADROXIL CAPSUL 500MG,Kapsul,170,492,83640
,,,,,,,,,,,Total:260,,Total:127.920
Kalimantan Selatan,Banjarbaru,PUSKESMAS GUNTUNG PAYUNG,DINAS KESEHATAN,Umum,Obat-Obatan,21011,71.,2020-07-01,CEFADROXIL MONOHYDRAT SIRUP KERING 250 mg / 5 ml,Botol,50,5826,291300
,,,,,,,,,,,Total:50,,Total:291.300
Kalimantan Selatan,Banjarbaru,PUSKESMAS GUNTUNG PAYUNG,DINAS KESEHATAN,Umum,Obat-Obatan,2565,72.,2020-01-02,CEFIXIME 200MG,Kapsul,18,2430,43740
Kalimantan Selatan,Banjarbaru,PUSKESMAS GUNTUNG PAYUNG,DINAS KESEHATAN,Umum,Obat-Obatan,2565,73.,2020-06-01,CEFIXIME 200MG,Kapsul,150,2430,364500
,,,,,,,,,,,Total:168,,Total:408.240
Kalimantan Selatan,Banjarbaru,PUSKESMAS GUNTUNG PAYUNG,DINAS KESEHATAN,Umum,Obat-Obatan,18603,74.,2020-07-01,CIPROFLOXACIN 500 MG TABLET BERNO,Tablet,80,779,62320
,,,,,,,,,,,Total:80,,Total:62.320
Kalimantan Selatan,Banjarbaru,PUSKESMAS GUNTUNG PAYUNG,DINAS KESEHATAN,Umum,Obat-Obatan,17591,75.,2020-01-02,CIPROFLOXACIN 500 MG TABLET KF,Tablet,298,265,78970
,,,,,,,,,,,Total:298,,Total:78.970
Kalimantan Selatan,Banjarbaru,PUSKESMAS GUNTUNG PAYUNG,DINAS KESEHATAN,Umum,Obat-Obatan,18571,76.,2020-01-02,Captopril Tablet 25 mg,Buah,725,86,62350
,,,,,,,,,,,Total:725,,Total:62.350
Kalimantan Selatan,Banjarbaru,PUSKESMAS GUNTUNG PAYUNG,DINAS KESEHATAN,Umum,Obat-Obatan,8191,77.,2020-01-02,Cefadroxil 250mg SYR,Botol,8,6285,50280
,,,,,,,,,,,Total:8,,Total:50.280
Kalimantan Selatan,Banjarbaru,PUSKESMAS GUNTUNG PAYUNG,DINAS KESEHATAN,Umum,Obat-Obatan,18533,78.,2020-01-02,Cefadroxil syrup 125mg,Botol,98,4360,427280
Kalimantan Selatan,Banjarbaru,PUSKESMAS GUNTUNG PAYUNG,DINAS KESEHATAN,Umum,Obat-Obatan,18533,79.,2020-06-01,Cefadroxil syrup 125mg,Botol,11,4360,47960
,,,,,,,,,,,Total:109,,Total:475.240
Kalimantan Selatan,Banjarbaru,PUSKESMAS GUNTUNG PAYUNG,DINAS KESEHATAN,Umum,Obat-Obatan,495,80.,2020-01-02,Cetirizine syrup 5 mg/5 ml,Botol,1,3061,3061
Kalimantan Selatan,Banjarbaru,PUSKESMAS GUNTUNG PAYUNG,DINAS KESEHATAN,Umum,Obat-Obatan,495,81.,2020-06-01,Cetirizine syrup 5 mg/5 ml,Botol,50,3061,153050
Kalimantan Selatan,Banjarbaru,PUSKESMAS GUNTUNG PAYUNG,DINAS KESEHATAN,Umum,Obat-Obatan,495,82.,2020-06-01,Cetirizine syrup 5 mg/5 ml,Botol,14,3061,42854
,,,,,,,,,,,Total:65,,Total:198.965
Kalimantan Selatan,Banjarbaru,PUSKESMAS GUNTUNG PAYUNG,DINAS KESEHATAN,Umum,Obat-Obatan,17632,83.,2020-01-02,DIAZEPAM 2MG TAB,Tablet,31,86,2666
,,,,,,,,,,,Total:31,,Total:2.666
Kalimantan Selatan,Banjarbaru,PUSKESMAS GUNTUNG PAYUNG,DINAS KESEHATAN,Umum,Obat-Obatan,16606,84.,2020-01-02,DIAZEPAM INJ 5 MG/ML-1 ML,ampul,10,8800,88000
,,,,,,,,,,,Total:10,,Total:88.000
Kalimantan Selatan,Banjarbaru,PUSKESMAS GUNTUNG PAYUNG,DINAS KESEHATAN,Umum,Obat-Obatan,20023,85.,2020-06-01,DIMENHYDRINAT TAB,Tablet,74,121,8954
,,,,,,,,,,,Total:74,,Total:8.954
Kalimantan Selatan,Banjarbaru,PUSKESMAS GUNTUNG PAYUNG,DINAS KESEHATAN,Umum,Obat-Obatan,17635,86.,2020-10-01,DIMENHYDRINATE 50 MG TABLET KF,Tablet,646,129,83334
,,,,,,,,,,,Total:646,,Total:83.334
Kalimantan Selatan,Banjarbaru,PUSKESMAS GUNTUNG PAYUNG,DINAS KESEHATAN,Umum,Obat-Obatan,5140,87.,2020-06-01,DPT-HBHib,Vial,5,76620,383100
,,,,,,,,,,,Total:5,,Total:383.100
Kalimantan Selatan,Banjarbaru,PUSKESMAS GUNTUNG PAYUNG,DINAS KESEHATAN,Umum,Obat-Obatan,5150,88.,2020-10-01,DT,Vial,38,17450,663100
,,,,,,,,,,,Total:38,,Total:663.100
Kalimantan Selatan,Banjarbaru,PUSKESMAS GUNTUNG PAYUNG,DINAS KESEHATAN,Umum,Obat-Obatan,19199,89.,2020-06-01,Dexamethason Tablet,Tablet,59,77,4543
,,,,,,,,,,,Total:59,,Total:4.543
Kalimantan Selatan,Banjarbaru,PUSKESMAS GUNTUNG PAYUNG,DINAS KESEHATAN,Umum,Obat-Obatan,653,90.,2020-01-02,Diazepam inj 5 mg / ml,ampul,4,1913,7652
,,,,,,,,,,,Total:4,,Total:7.652
Kalimantan Selatan,Banjarbaru,PUSKESMAS GUNTUNG PAYUNG,DINAS KESEHATAN,Umum,Obat-Obatan,16840,91.,2020-01-02,Digoxin,Tablet,70,108,7560
,,,,,,,,,,,Total:70,,Total:7.560
Kalimantan Selatan,Banjarbaru,PUSKESMAS GUNTUNG PAYUNG,DINAS KESEHATAN,Umum,Obat-Obatan,19148,92.,2020-01-02,ERITROMISIN TABLET 250 mg,Kapsul,340,636,216240
,,,,,,,,,,,Total:340,,Total:216.240
Kalimantan Selatan,Banjarbaru,PUSKESMAS GUNTUNG PAYUNG,DINAS KESEHATAN,Umum,Obat-Obatan,853,93.,2020-01-02,Eritromisin 250 mg,Kapsul,50,647,32350
,,,,,,,,,,,Total:50,,Total:32.350
Kalimantan Selatan,Banjarbaru,PUSKESMAS GUNTUNG PAYUNG,DINAS KESEHATAN,Umum,Obat-Obatan,857,94.,2020-01-02,Eritromisin 500 mg,Kapsul,400,766,306400
,,,,,,,,,,,Total:400,,Total:306.400
Kalimantan Selatan,Banjarbaru,PUSKESMAS GUNTUNG PAYUNG,DINAS KESEHATAN,Umum,Obat-Obatan,18317,95.,2020-01-02,FENOBARBITAL TABLET 30 MG HARGA 2,Tablet,29,71,2059
,,,,,,,,,,,Total:29,,Total:2.059
Kalimantan Selatan,Banjarbaru,PUSKESMAS GUNTUNG PAYUNG,DINAS KESEHATAN,Umum,Obat-Obatan,16628,96.,2020-01-02,FENOL GLISEROL TETES TELINGA 10%,Botol,6,2500,15000
,,,,,,,,,,,Total:6,,Total:15.000
Kalimantan Selatan,Banjarbaru,PUSKESMAS GUNTUNG PAYUNG,DINAS KESEHATAN,Umum,Obat-Obatan,18318,97.,2020-06-01,FITOMENADION (VIT K) TABLET SALUT 10MG HARGA 2,Tablet,135,873,117855
,,,,,,,,,,,Total:135,,Total:117.855
Kalimantan Selatan,Banjarbaru,PUSKESMAS GUNTUNG PAYUNG,DINAS KESEHATAN,Umum,Obat-Obatan,16629,98.,2020-01-02,FITOMENADION (VIT.K) TABLET SALUT 10 MG,Tablet,70,796,55720
,,,,,,,,,,,Total:70,,Total:55.720
Kalimantan Selatan,Banjarbaru,PUSKESMAS GUNTUNG PAYUNG,DINAS KESEHATAN,Umum,Obat-Obatan,16630,99.,2020-01-02,FUROSEMID TABLET 40 MG,Tablet,64,79,5056
Kalimantan Selatan,Banjarbaru,PUSKESMAS GUNTUNG PAYUNG,DINAS KESEHATAN,Umum,Obat-Obatan,16630,100.,2020-01-02,FUROSEMID TABLET 40 MG,Tablet,90,79,7110
,,,,,,,,,,,Total:154,,Total:12.166
Kalimantan Selatan,Banjarbaru,PUSKESMAS GUNTUNG PAYUNG,DINAS KESEHATAN,Umum,Obat-Obatan,537,101.,2020-01-02,Fenobarbital tablet 30 mg,Tablet,264,70,18480
,,,,,,,,,,,Total:264,,Total:18.480
Kalimantan Selatan,Banjarbaru,PUSKESMAS GUNTUNG PAYUNG,DINAS KESEHATAN,Umum,Obat-Obatan,12147,102.,2020-10-01,Fenolgliserol,Tube,22,2727,59994
,,,,,,,,,,,Total:22,,Total:59.994
Kalimantan Selatan,Banjarbaru,PUSKESMAS GUNTUNG PAYUNG,DINAS KESEHATAN,Umum,Obat-Obatan,2718,103.,2020-01-02,Fitomenadion (Vitamin K) Injeksi 10 mg/ml,Ampul,5,10800,54000
,,,,,,,,,,,Total:5,,Total:54.000
Kalimantan Selatan,Banjarbaru,PUSKESMAS GUNTUNG PAYUNG,DINAS KESEHATAN,Umum,Obat-Obatan,18520,104.,2020-01-02,Fitomenadion (vit k 1) injeksi 10mg/ml-1ml,Ampul,30,4236,127080
,,,,,,,,,,,Total:30,,Total:127.080
Kalimantan Selatan,Banjarbaru,PUSKESMAS GUNTUNG PAYUNG,DINAS KESEHATAN,Umum,Obat-Obatan,18320,105.,2020-10-01,GEMFIBROZIL 300 MG,Tablet,57,428,24396
,,,,,,,,,,,Total:57,,Total:24.396
Kalimantan Selatan,Banjarbaru,PUSKESMAS GUNTUNG PAYUNG,DINAS KESEHATAN,Umum,Obat-Obatan,18321,106.,2020-01-02,GENTAMICIN SALEP MATA HARGA 1,Tube,25,3075,76875
Kalimantan Selatan,Banjarbaru,PUSKESMAS GUNTUNG PAYUNG,DINAS KESEHATAN,Umum,Obat-Obatan,18321,107.,2020-06-01,GENTAMICIN SALEP MATA HARGA 1,Tube,3,3075,9225
,,,,,,,,,,,Total:28,,Total:86.100
Kalimantan Selatan,Banjarbaru,PUSKESMAS GUNTUNG PAYUNG,DINAS KESEHATAN,Umum,Obat-Obatan,16634,108.,2020-01-02,GENTAMICIN TETES MATA,Botol,6,4885,29310
,,,,,,,,,,,Total:6,,Total:29.310
Kalimantan Selatan,Banjarbaru,PUSKESMAS GUNTUNG PAYUNG,DINAS KESEHATAN,Umum,Obat-Obatan,18323,109.,2020-06-01,GENTAMICIN TETES MATA HARGA 2,Botol,6,7051,42306
Kalimantan Selatan,Banjarbaru,PUSKESMAS GUNTUNG PAYUNG,DINAS KESEHATAN,Umum,Obat-Obatan,18323,110.,2020-06-01,GENTAMICIN TETES MATA HARGA 2,Botol,9,7051,63459
Kalimantan Selatan,Banjarbaru,PUSKESMAS GUNTUNG PAYUNG,DINAS KESEHATAN,Umum,Obat-Obatan,18323,111.,2020-07-01,GENTAMICIN TETES MATA HARGA 2,Botol,24,7051,169224
,,,,,,,,,,,Total:39,,Total:274.989
Kalimantan Selatan,Banjarbaru,PUSKESMAS GUNTUNG PAYUNG,DINAS KESEHATAN,Umum,Obat-Obatan,16636,112.,2020-01-02,GLIBENKLAMID TABLET 5 MG,Tablet,110,85,9350
Kalimantan Selatan,Banjarbaru,PUSKESMAS GUNTUNG PAYUNG,DINAS KESEHATAN,Umum,Obat-Obatan,16636,113.,2020-01-02,GLIBENKLAMID TABLET 5 MG,Tablet,75,85,6375
Kalimantan Selatan,Banjarbaru,PUSKESMAS GUNTUNG PAYUNG,DINAS KESEHATAN,Umum,Obat-Obatan,16636,114.,2020-06-01,GLIBENKLAMID TABLET 5 MG,Tablet,90,85,7650
,,,,,,,,,,,Total:275,,Total:23.375
Kalimantan Selatan,Banjarbaru,PUSKESMAS GUNTUNG PAYUNG,DINAS KESEHATAN,Umum,Obat-Obatan,16641,115.,2020-01-02,GLUKOSA LARUTAN INFUS 5% STERIL,Botol,25,6900,172500
Kalimantan Selatan,Banjarbaru,PUSKESMAS GUNTUNG PAYUNG,DINAS KESEHATAN,Umum,Obat-Obatan,16641,116.,2020-01-02,GLUKOSA LARUTAN INFUS 5% STERIL,Botol,2,6900,13800
,,,,,,,,,,,Total:27,,Total:186.300
Kalimantan Selatan,Banjarbaru,PUSKESMAS GUNTUNG PAYUNG,DINAS KESEHATAN,Umum,Obat-Obatan,18395,117.,2020-01-02,GRISEOFULVIN HARGA 1,Tablet,70,258,18060
,,,,,,,,,,,Total:70,,Total:18.060
Kalimantan Selatan,Banjarbaru,PUSKESMAS GUNTUNG PAYUNG,DINAS KESEHATAN,Umum,Obat-Obatan,21021,118.,2020-10-01,GRISEOVULFIN TABLET125 mg,Tablet,1170,238,278460
,,,,,,,,,,,Total:1.170,,Total:278.460
Kalimantan Selatan,Banjarbaru,PUSKESMAS GUNTUNG PAYUNG,DINAS KESEHATAN,Umum,Obat-Obatan,614,119.,2020-01-02,Garam Oralit,Sachset,325,263,85475
Kalimantan Selatan,Banjarbaru,PUSKESMAS GUNTUNG PAYUNG,DINAS KESEHATAN,Umum,Obat-Obatan,614,120.,2020-06-01,Garam Oralit,Sachset,125,263,32875
Kalimantan Selatan,Banjarbaru,PUSKESMAS GUNTUNG PAYUNG,DINAS KESEHATAN,Umum,Obat-Obatan,614,121.,2020-07-01,Garam Oralit,Sachset,400,263,105200
,,,,,,,,,,,Total:850,,Total:223.550
Kalimantan Selatan,Banjarbaru,PUSKESMAS GUNTUNG PAYUNG,DINAS KESEHATAN,Umum,Obat-Obatan,561,122.,2020-01-02,Gentian Violet larutan 1 %,Botol,4,2420,9680
Kalimantan Selatan,Banjarbaru,PUSKESMAS GUNTUNG PAYUNG,DINAS KESEHATAN,Umum,Obat-Obatan,561,123.,2020-06-01,Gentian Violet larutan 1 %,Botol,7,2420,16940
,,,,,,,,,,,Total:11,,Total:26.620
Kalimantan Selatan,Banjarbaru,PUSKESMAS GUNTUNG PAYUNG,DINAS KESEHATAN,Umum,Obat-Obatan,550,124.,2020-01-02,Glibenklamid 5 mg,Tablet,3190,86,274340
Kalimantan Selatan,Banjarbaru,PUSKESMAS GUNTUNG PAYUNG,DINAS KESEHATAN,Umum,Obat-Obatan,550,125.,2020-01-02,Glibenklamid 5 mg,Tablet,302,86,25972
Kalimantan Selatan,Banjarbaru,PUSKESMAS GUNTUNG PAYUNG,DINAS KESEHATAN,Umum,Obat-Obatan,550,126.,2020-01-02,Glibenklamid 5 mg,Tablet,100,86,8600
,,,,,,,,,,,Total:3.592,,Total:308.912
Kalimantan Selatan,Banjarbaru,PUSKESMAS GUNTUNG PAYUNG,DINAS KESEHATAN,Umum,Obat-Obatan,532,127.,2020-01-02,Glimepirid 2 mg,Tablet,1490,231,344190
,,,,,,,,,,,Total:1.490,,Total:344.190
Kalimantan Selatan,Banjarbaru,PUSKESMAS GUNTUNG PAYUNG,DINAS KESEHATAN,Umum,Obat-Obatan,16644,128.,2020-01-02,"HALOPERIDOL TABLET 1,5 MG",Tablet,175,76,13300
,,,,,,,,,,,Total:175,,Total:13.300
Kalimantan Selatan,Banjarbaru,PUSKESMAS GUNTUNG PAYUNG,DINAS KESEHATAN,Umum,Obat-Obatan,20026,129.,2020-07-01,HIDROKLOROTIAZID (HCT) TAB 25 mg,Tablet,99,128,12672
,,,,,,,,,,,Total:99,,Total:12.672
Kalimantan Selatan,Banjarbaru,PUSKESMAS GUNTUNG PAYUNG,DINAS KESEHATAN,Umum,Obat-Obatan,20169,130.,2020-01-02,HIOSIN BUTILBROMIDE TAB 10 mg,Tablet,355,1870,663850
,,,,,,,,,,,Total:355,,Total:663.850
Kalimantan Selatan,Banjarbaru,PUSKESMAS GUNTUNG PAYUNG,DINAS KESEHATAN,Umum,Obat-Obatan,534,131.,2020-06-01,"Hidrokortison krim 2,5 %",Tube,2,2533,5066
Kalimantan Selatan,Banjarbaru,PUSKESMAS GUNTUNG PAYUNG,DINAS KESEHATAN,Umum,Obat-Obatan,534,132.,2020-07-01,"Hidrokortison krim 2,5 %",Tube,48,2533,121584
Kalimantan Selatan,Banjarbaru,PUSKESMAS GUNTUNG PAYUNG,DINAS KESEHATAN,Umum,Obat-Obatan,534,133.,2020-10-01,"Hidrokortison krim 2,5 %",Tube,48,2533,121584
,,,,,,,,,,,Total:98,,Total:248.234
Kalimantan Selatan,Banjarbaru,PUSKESMAS GUNTUNG PAYUNG,DINAS KESEHATAN,Umum,Obat-Obatan,569,134.,2020-06-01,IBUPROFEN 100 MG / 5 ML SYRUP INDOFARMA,Botol,5,2858,14290
,,,,,,,,,,,Total:5,,Total:14.290
Kalimantan Selatan,Banjarbaru,PUSKESMAS GUNTUNG PAYUNG,DINAS KESEHATAN,Umum,Obat-Obatan,16061,135.,2020-10-01,IPV,Buah,26,144540,3758040
,,,,,,,,,,,Total:26,,Total:3.758.040
Kalimantan Selatan,Banjarbaru,PUSKESMAS GUNTUNG PAYUNG,DINAS KESEHATAN,Umum,Obat-Obatan,16652,136.,2020-01-02,ISOSORBID DINITRAT TABLET SUBLINGUAL 5 MG,Tablet,189,89,16821
,,,,,,,,,,,Total:189,,Total:16.821
Kalimantan Selatan,Banjarbaru,PUSKESMAS GUNTUNG PAYUNG,DINAS KESEHATAN,Umum,Obat-Obatan,19203,137.,2020-10-01,Ibuprofen Syrup Forte,Botol,56,5414,303184
,,,,,,,,,,,Total:56,,Total:303.184
Kalimantan Selatan,Banjarbaru,PUSKESMAS GUNTUNG PAYUNG,DINAS KESEHATAN,Umum,Obat-Obatan,3757,138.,2020-01-02,Iodine Povidon 1 L,Botol,6,15386,92316
,,,,,,,,,,,Total:6,,Total:92.316
Kalimantan Selatan,Banjarbaru,PUSKESMAS GUNTUNG PAYUNG,DINAS KESEHATAN,Umum,Obat-Obatan,16654,139.,2020-01-02,KALSIUM LAKTAT (KLAK) TABLET 500MG,Tablet,117,59,6903
,,,,,,,,,,,Total:117,,Total:6.903
Kalimantan Selatan,Banjarbaru,PUSKESMAS GUNTUNG PAYUNG,DINAS KESEHATAN,Umum,Obat-Obatan,21033,140.,2020-10-01,KALSIUM LAKTAT 50  mg,Tablet,2140,63,134820
,,,,,,,,,,,Total:2.140,,Total:134.820
Kalimantan Selatan,Banjarbaru,PUSKESMAS GUNTUNG PAYUNG,DINAS KESEHATAN,Umum,Obat-Obatan,21020,141.,2020-06-01,KETOKONAZOL TABLET 200 mg,Tablet,20,305,6100
Kalimantan Selatan,Banjarbaru,PUSKESMAS GUNTUNG PAYUNG,DINAS KESEHATAN,Umum,Obat-Obatan,21020,142.,2020-10-01,KETOKONAZOL TABLET 200 mg,Tablet,500,305,152500
,,,,,,,,,,,Total:520,,Total:158.600
Kalimantan Selatan,Banjarbaru,PUSKESMAS GUNTUNG PAYUNG,DINAS KESEHATAN,Umum,Obat-Obatan,16659,143.,2020-01-02,KLORAMFENIKOL KAPSUL 500 MG,Tablet,350,1155,404250
,,,,,,,,,,,Total:350,,Total:404.250
Kalimantan Selatan,Banjarbaru,PUSKESMAS GUNTUNG PAYUNG,DINAS KESEHATAN,Umum,Obat-Obatan,16660,144.,2020-01-02,KLORAMFENIKOL SALEP MATA 1 %,Tube,20,1925,38500
Kalimantan Selatan,Banjarbaru,PUSKESMAS GUNTUNG PAYUNG,DINAS KESEHATAN,Umum,Obat-Obatan,16660,145.,2020-06-01,KLORAMFENIKOL SALEP MATA 1 %,Tube,5,1925,9625
Kalimantan Selatan,Banjarbaru,PUSKESMAS GUNTUNG PAYUNG,DINAS KESEHATAN,Umum,Obat-Obatan,16660,146.,2020-07-01,KLORAMFENIKOL SALEP MATA 1 %,Tube,24,1925,46200
,,,,,,,,,,,Total:49,,Total:94.325
Kalimantan Selatan,Banjarbaru,PUSKESMAS GUNTUNG PAYUNG,DINAS KESEHATAN,Umum,Obat-Obatan,16662,147.,2020-01-02,KLORAMFENIKOL SUSPENSI,Botol,108,4000,432000
Kalimantan Selatan,Banjarbaru,PUSKESMAS GUNTUNG PAYUNG,DINAS KESEHATAN,Umum,Obat-Obatan,16662,148.,2020-01-02,KLORAMFENIKOL SUSPENSI,Botol,50,4000,200000
,,,,,,,,,,,Total:158,,Total:632.000
Kalimantan Selatan,Banjarbaru,PUSKESMAS GUNTUNG PAYUNG,DINAS KESEHATAN,Umum,Obat-Obatan,16663,149.,2020-01-02,KLORAMFENIKOL TETES MATA,Botol,31,3850,119350
Kalimantan Selatan,Banjarbaru,PUSKESMAS GUNTUNG PAYUNG,DINAS KESEHATAN,Umum,Obat-Obatan,16663,150.,2020-01-02,KLORAMFENIKOL TETES MATA,Botol,20,3850,77000
Kalimantan Selatan,Banjarbaru,PUSKESMAS GUNTUNG PAYUNG,DINAS KESEHATAN,Umum,Obat-Obatan,16663,151.,2020-01-02,KLORAMFENIKOL TETES MATA,Botol,30,3850,115500
,,,,,,,,,,,Total:81,,Total:311.850
Kalimantan Selatan,Banjarbaru,PUSKESMAS GUNTUNG PAYUNG,DINAS KESEHATAN,Umum,Obat-Obatan,16661,152.,2020-01-02,KLORAMFENIKOL TETES TELINGA 3 %,Botol,20,9130,182600
,,,,,,,,,,,Total:20,,Total:182.600
Kalimantan Selatan,Banjarbaru,PUSKESMAS GUNTUNG PAYUNG,DINAS KESEHATAN,Umum,Obat-Obatan,18332,153.,2020-01-02,KLORAMPENICOL SUSPENSI HARGA 2,Botol,8,5319,42552
Kalimantan Selatan,Banjarbaru,PUSKESMAS GUNTUNG PAYUNG,DINAS KESEHATAN,Umum,Obat-Obatan,18332,154.,2020-01-02,KLORAMPENICOL SUSPENSI HARGA 2,Botol,50,5319,265950
,,,,,,,,,,,Total:58,,Total:308.502
Kalimantan Selatan,Banjarbaru,PUSKESMAS GUNTUNG PAYUNG,DINAS KESEHATAN,Umum,Obat-Obatan,20029,155.,2020-06-01,KOTRIMOKSAZOL DEWASA TAB,Tablet,130,125,16250
Kalimantan Selatan,Banjarbaru,PUSKESMAS GUNTUNG PAYUNG,DINAS KESEHATAN,Umum,Obat-Obatan,20029,156.,2020-07-01,KOTRIMOKSAZOL DEWASA TAB,Tablet,200,125,25000
Kalimantan Selatan,Banjarbaru,PUSKESMAS GUNTUNG PAYUNG,DINAS KESEHATAN,Umum,Obat-Obatan,20029,157.,2020-10-01,KOTRIMOKSAZOL DEWASA TAB,Tablet,200,125,25000
,,,,,,,,,,,Total:530,,Total:66.250
Kalimantan Selatan,Banjarbaru,PUSKESMAS GUNTUNG PAYUNG,DINAS KESEHATAN,Umum,Obat-Obatan,16669,158.,2020-01-02,KOTRIMOKSAZOL SUSPENSI,Botol,6,2052,12312
Kalimantan Selatan,Banjarbaru,PUSKESMAS GUNTUNG PAYUNG,DINAS KESEHATAN,Umum,Obat-Obatan,16669,159.,2020-06-01,KOTRIMOKSAZOL SUSPENSI,Botol,100,2052,205200
,,,,,,,,,,,Total:106,,Total:217.512
Kalimantan Selatan,Banjarbaru,PUSKESMAS GUNTUNG PAYUNG,DINAS KESEHATAN,Umum,Obat-Obatan,637,160.,2020-01-02,Kalium Diklofenak 50 mg,Tablet,780,300,234000
,,,,,,,,,,,Total:780,,Total:234.000
Kalimantan Selatan,Banjarbaru,PUSKESMAS GUNTUNG PAYUNG,DINAS KESEHATAN,Umum,Obat-Obatan,674,161.,2020-10-01,Karbamazepin 200 mg,Tablet,100,250,25000
,,,,,,,,,,,Total:100,,Total:25.000
Kalimantan Selatan,Banjarbaru,PUSKESMAS GUNTUNG PAYUNG,DINAS KESEHATAN,Umum,Obat-Obatan,487,162.,2020-10-01,Klindamisin 150 mg,Kapsul,190,858,163020
,,,,,,,,,,,Total:190,,Total:163.020
Kalimantan Selatan,Banjarbaru,PUSKESMAS GUNTUNG PAYUNG,DINAS KESEHATAN,Umum,Obat-Obatan,492,163.,2020-01-02,Klindamisin 300 mg,Kapsul,164,660,108240
,,,,,,,,,,,Total:164,,Total:108.240
Kalimantan Selatan,Banjarbaru,PUSKESMAS GUNTUNG PAYUNG,DINAS KESEHATAN,Umum,Obat-Obatan,542,164.,2020-01-02,Kloramfenikol Salep Kulit 2% / Bufacetin Salep Kulit,Tube,7,3360,23520
Kalimantan Selatan,Banjarbaru,PUSKESMAS GUNTUNG PAYUNG,DINAS KESEHATAN,Umum,Obat-Obatan,542,165.,2020-01-02,Kloramfenikol Salep Kulit 2% / Bufacetin Salep Kulit,Tube,24,3360,80640
Kalimantan Selatan,Banjarbaru,PUSKESMAS GUNTUNG PAYUNG,DINAS KESEHATAN,Umum,Obat-Obatan,542,166.,2020-10-01,Kloramfenikol Salep Kulit 2% / Bufacetin Salep Kulit,Tube,48,3360,161280
,,,,,,,,,,,Total:79,,Total:265.440
Kalimantan Selatan,Banjarbaru,PUSKESMAS GUNTUNG PAYUNG,DINAS KESEHATAN,Umum,Obat-Obatan,618,167.,2020-07-01,Klorpromazin 100 mg,Tablet,95,170,16150
,,,,,,,,,,,Total:95,,Total:16.150
Kalimantan Selatan,Banjarbaru,PUSKESMAS GUNTUNG PAYUNG,DINAS KESEHATAN,Umum,Obat-Obatan,624,168.,2020-07-01,Kodein 10 mg,Tablet,161,657,105777
,,,,,,,,,,,Total:161,,Total:105.777
Kalimantan Selatan,Banjarbaru,PUSKESMAS GUNTUNG PAYUNG,DINAS KESEHATAN,Umum,Obat-Obatan,2733,169.,2020-01-02,L-zink syr,Botol,50,3285,164250
,,,,,,,,,,,Total:50,,Total:164.250
Kalimantan Selatan,Banjarbaru,PUSKESMAS GUNTUNG PAYUNG,DINAS KESEHATAN,Umum,Obat-Obatan,16673,170.,2020-01-02,LOPERAMIDE 2 MG,Tablet,37,198,7326
Kalimantan Selatan,Banjarbaru,PUSKESMAS GUNTUNG PAYUNG,DINAS KESEHATAN,Umum,Obat-Obatan,16673,171.,2020-06-01,LOPERAMIDE 2 MG,Tablet,200,198,39600
Kalimantan Selatan,Banjarbaru,PUSKESMAS GUNTUNG PAYUNG,DINAS KESEHATAN,Umum,Obat-Obatan,16673,172.,2020-06-01,LOPERAMIDE 2 MG,Tablet,50,198,9900
,,,,,,,,,,,Total:287,,Total:56.826
Kalimantan Selatan,Banjarbaru,PUSKESMAS GUNTUNG PAYUNG,DINAS KESEHATAN,Umum,Obat-Obatan,20612,173.,2020-01-02,Lidocaine 2 % inj,Buah,122,929,113338
,,,,,,,,,,,Total:122,,Total:113.338
Kalimantan Selatan,Banjarbaru,PUSKESMAS GUNTUNG PAYUNG,DINAS KESEHATAN,Umum,Obat-Obatan,19307,174.,2020-07-01,Loratadine 10 Mg,Tablet,108,136,14688
Kalimantan Selatan,Banjarbaru,PUSKESMAS GUNTUNG PAYUNG,DINAS KESEHATAN,Umum,Obat-Obatan,19307,175.,2020-10-01,Loratadine 10 Mg,Tablet,1500,136,204000
,,,,,,,,,,,Total:1.608,,Total:218.688
Kalimantan Selatan,Banjarbaru,PUSKESMAS GUNTUNG PAYUNG,DINAS KESEHATAN,Umum,Obat-Obatan,16675,176.,2020-01-02,MAGNESIUM SULFAT INJEKSI(IV) 20% - 25 ML,Ampul,10,3328,33280
,,,,,,,,,,,Total:10,,Total:33.280
Kalimantan Selatan,Banjarbaru,PUSKESMAS GUNTUNG PAYUNG,DINAS KESEHATAN,Umum,Obat-Obatan,20173,177.,2020-01-02,MELOKSIKAM TAB 15 mg,Tablet,30,1056,31680
Kalimantan Selatan,Banjarbaru,PUSKESMAS GUNTUNG PAYUNG,DINAS KESEHATAN,Umum,Obat-Obatan,20173,178.,2020-06-01,MELOKSIKAM TAB 15 mg,Tablet,100,1056,105600
,,,,,,,,,,,Total:130,,Total:137.280
Kalimantan Selatan,Banjarbaru,PUSKESMAS GUNTUNG PAYUNG,DINAS KESEHATAN,Umum,Obat-Obatan,16678,179.,2020-10-01,METFORMIN HCL TAB 500 MG,Tablet,1305,102,133110
,,,,,,,,,,,Total:1.305,,Total:133.110
Kalimantan Selatan,Banjarbaru,PUSKESMAS GUNTUNG PAYUNG,DINAS KESEHATAN,Umum,Obat-Obatan,20213,180.,2020-10-01,METHYLPREDNISOLONE 4 MG TABLET QUANTUM LABS,Tablet,1302,148,192696
,,,,,,,,,,,Total:1.302,,Total:192.696
Kalimantan Selatan,Banjarbaru,PUSKESMAS GUNTUNG PAYUNG,DINAS KESEHATAN,Umum,Obat-Obatan,16680,181.,2020-01-02,"METILERGOMETRIN MALEAT INJ 0,200 MG-1 ML HARGA 1",ampul,40,3278,131120
,,,,,,,,,,,Total:40,,Total:131.120
Kalimantan Selatan,Banjarbaru,PUSKESMAS GUNTUNG PAYUNG,DINAS KESEHATAN,Umum,Obat-Obatan,20172,182.,2020-01-02,METRONIDAZOLE 500 MG TABLET KF,Tablet,305,638,194590
Kalimantan Selatan,Banjarbaru,PUSKESMAS GUNTUNG PAYUNG,DINAS KESEHATAN,Umum,Obat-Obatan,20172,183.,2020-06-01,METRONIDAZOLE 500 MG TABLET KF,Tablet,150,638,95700
,,,,,,,,,,,Total:455,,Total:290.290
Kalimantan Selatan,Banjarbaru,PUSKESMAS GUNTUNG PAYUNG,DINAS KESEHATAN,Umum,Obat-Obatan,20030,184.,2020-07-01,MICONAZOLE CREAM 2 % TUBE,Tube,22,3926,86372
Kalimantan Selatan,Banjarbaru,PUSKESMAS GUNTUNG PAYUNG,DINAS KESEHATAN,Umum,Obat-Obatan,20030,185.,2020-10-01,MICONAZOLE CREAM 2 % TUBE,Tube,24,3926,94224
,,,,,,,,,,,Total:46,,Total:180.596
Kalimantan Selatan,Banjarbaru,PUSKESMAS GUNTUNG PAYUNG,DINAS KESEHATAN,Umum,Obat-Obatan,16685,186.,2020-06-01,MINIASPI / ASETOSAL 80 MG HARGA 1,Tablet,1090,123,134070
,,,,,,,,,,,Total:1.090,,Total:134.070
Kalimantan Selatan,Banjarbaru,PUSKESMAS GUNTUNG PAYUNG,DINAS KESEHATAN,Umum,Obat-Obatan,16686,187.,2020-10-01,MINIASPI / ASETOSAL 80 MG HARGA 2,Tablet,690,99,68310
,,,,,,,,,,,Total:690,,Total:68.310
Kalimantan Selatan,Banjarbaru,PUSKESMAS GUNTUNG PAYUNG,DINAS KESEHATAN,Umum,Obat-Obatan,777,188.,2020-01-02,Magnesium Sulfat 20%,Ampul,6,3796,22776
,,,,,,,,,,,Total:6,,Total:22.776
Kalimantan Selatan,Banjarbaru,PUSKESMAS GUNTUNG PAYUNG,DINAS KESEHATAN,Umum,Obat-Obatan,16890,189.,2020-11-18,Masker Hijab,kotak,3,199100,597300
,,,,,,,,,,,Total:3,,Total:597.300
Kalimantan Selatan,Banjarbaru,PUSKESMAS GUNTUNG PAYUNG,DINAS KESEHATAN,Umum,Obat-Obatan,4084,190.,2020-01-02,Megazink,pcs,700,592,414400
,,,,,,,,,,,Total:700,,Total:414.400
Kalimantan Selatan,Banjarbaru,PUSKESMAS GUNTUNG PAYUNG,DINAS KESEHATAN,Umum,Obat-Obatan,16796,191.,2020-07-01,Mersibion 5000 inj,Vial,180,4840,871200
,,,,,,,,,,,Total:180,,Total:871.200
Kalimantan Selatan,Banjarbaru,PUSKESMAS GUNTUNG PAYUNG,DINAS KESEHATAN,Umum,Obat-Obatan,17830,192.,2020-01-02,NEW DIATABS (IFRS),Tablet,65,159,10335
,,,,,,,,,,,Total:65,,Total:10.335
Kalimantan Selatan,Banjarbaru,PUSKESMAS GUNTUNG PAYUNG,DINAS KESEHATAN,Umum,Obat-Obatan,16616,193.,2020-01-02,NISTATIN 500.000 TABLET SALUT,Tablet,49,910,44590
Kalimantan Selatan,Banjarbaru,PUSKESMAS GUNTUNG PAYUNG,DINAS KESEHATAN,Umum,Obat-Obatan,16616,194.,2020-06-01,NISTATIN 500.000 TABLET SALUT,Tablet,78,910,70980
,,,,,,,,,,,Total:127,,Total:115.570
Kalimantan Selatan,Banjarbaru,PUSKESMAS GUNTUNG PAYUNG,DINAS KESEHATAN,Umum,Obat-Obatan,696,195.,2020-01-02,Nistatin Tab salut 500.000 UI,Tablet,196,857,167972
,,,,,,,,,,,Total:196,,Total:167.972
Kalimantan Selatan,Banjarbaru,PUSKESMAS GUNTUNG PAYUNG,DINAS KESEHATAN,Umum,Obat-Obatan,715,196.,2020-01-02,Nistatin Vaginal tab 100.000 UI,Tablet,99,602,59598
,,,,,,,,,,,Total:99,,Total:59.598
Kalimantan Selatan,Banjarbaru,PUSKESMAS GUNTUNG PAYUNG,DINAS KESEHATAN,Umum,Obat-Obatan,18584,197.,2020-01-02,Noza Harga 2,kaplet,4,865,3460
,,,,,,,,,,,Total:4,,Total:3.460
Kalimantan Selatan,Banjarbaru,PUSKESMAS GUNTUNG PAYUNG,DINAS KESEHATAN,Umum,Obat-Obatan,5016,198.,2020-01-02,Noza tablet / Supra Flu / Molexflu (Terpilih : NOZA),Tablet,210,866,181860
,,,,,,,,,,,Total:210,,Total:181.860
Kalimantan Selatan,Banjarbaru,PUSKESMAS GUNTUNG PAYUNG,DINAS KESEHATAN,Umum,Obat-Obatan,16620,199.,2020-01-02,OKSITOSIN INJEKSI 10 IU/ML-1 ML,Ampul,40,1900,76000
,,,,,,,,,,,Total:40,,Total:76.000
Kalimantan Selatan,Banjarbaru,PUSKESMAS GUNTUNG PAYUNG,DINAS KESEHATAN,Umum,Obat-Obatan,16621,200.,2020-01-02,OMEPRAZOL 20 MG,Tablet,208,330,68640
,,,,,,,,,,,Total:208,,Total:68.640
Kalimantan Selatan,Banjarbaru,PUSKESMAS GUNTUNG PAYUNG,DINAS KESEHATAN,Umum,Obat-Obatan,890,201.,2020-07-01,OMEPRAZOLE 20 MG KAPSUL HJ,Tablet,410,147,60270
,,,,,,,,,,,Total:410,,Total:60.270
Kalimantan Selatan,Banjarbaru,PUSKESMAS GUNTUNG PAYUNG,DINAS KESEHATAN,Umum,Obat-Obatan,16688,202.,2020-01-02,ONDANSENTRON Inj 4 MG/ 2 ml,Ampul,77,1343,103411
,,,,,,,,,,,Total:77,,Total:103.411
Kalimantan Selatan,Banjarbaru,PUSKESMAS GUNTUNG PAYUNG,DINAS KESEHATAN,Umum,Obat-Obatan,16767,203.,2020-01-02,One Scrub / Aseptic gel,Botol,1,81562,81562
,,,,,,,,,,,Total:1,,Total:81.562
Kalimantan Selatan,Banjarbaru,PUSKESMAS GUNTUNG PAYUNG,DINAS KESEHATAN,Umum,Obat-Obatan,20176,204.,2020-01-02,PAPAVERINE TAB,Tablet,220,253,55660
Kalimantan Selatan,Banjarbaru,PUSKESMAS GUNTUNG PAYUNG,DINAS KESEHATAN,Umum,Obat-Obatan,20176,205.,2020-01-02,PAPAVERINE TAB,Tablet,90,253,22770
Kalimantan Selatan,Banjarbaru,PUSKESMAS GUNTUNG PAYUNG,DINAS KESEHATAN,Umum,Obat-Obatan,20176,206.,2020-06-01,PAPAVERINE TAB,Tablet,160,253,40480
,,,,,,,,,,,Total:470,,Total:118.910
Kalimantan Selatan,Banjarbaru,PUSKESMAS GUNTUNG PAYUNG,DINAS KESEHATAN,Umum,Obat-Obatan,18348,207.,2020-01-02,PARASETAMOL DROP,Botol,2,7646,15292
Kalimantan Selatan,Banjarbaru,PUSKESMAS GUNTUNG PAYUNG,DINAS KESEHATAN,Umum,Obat-Obatan,18348,208.,2020-06-01,PARASETAMOL DROP,Botol,12,7646,91752
Kalimantan Selatan,Banjarbaru,PUSKESMAS GUNTUNG PAYUNG,DINAS KESEHATAN,Umum,Obat-Obatan,18348,209.,2020-10-01,PARASETAMOL DROP,Botol,56,7646,428176
,,,,,,,,,,,Total:70,,Total:535.220
Kalimantan Selatan,Banjarbaru,PUSKESMAS GUNTUNG PAYUNG,DINAS KESEHATAN,Umum,Obat-Obatan,19239,210.,2020-01-02,PEHACAIN INJEKSI (IFRS),Ampul,127,3113,395351
,,,,,,,,,,,Total:127,,Total:395.351
Kalimantan Selatan,Banjarbaru,PUSKESMAS GUNTUNG PAYUNG,DINAS KESEHATAN,Umum,Obat-Obatan,18381,211.,2020-06-01,PIRIDOKSIN HCL TABLET 10 MG,Tablet,122,141,17202
Kalimantan Selatan,Banjarbaru,PUSKESMAS GUNTUNG PAYUNG,DINAS KESEHATAN,Umum,Obat-Obatan,18381,212.,2020-07-01,PIRIDOKSIN HCL TABLET 10 MG,Tablet,500,141,70500
,,,,,,,,,,,Total:622,,Total:87.702
Kalimantan Selatan,Banjarbaru,PUSKESMAS GUNTUNG PAYUNG,DINAS KESEHATAN,Umum,Obat-Obatan,5154,213.,2020-10-01,POLIO BIVALENT 10 DOSE,Dosis,29,21285,617265
,,,,,,,,,,,Total:29,,Total:617.265
Kalimantan Selatan,Banjarbaru,PUSKESMAS GUNTUNG PAYUNG,DINAS KESEHATAN,Umum,Obat-Obatan,17495,214.,2020-01-02,POVIDONE IODINE 10% 30ML (IFRS),Botol,1,21600,21600
,,,,,,,,,,,Total:1,,Total:21.600
Kalimantan Selatan,Banjarbaru,PUSKESMAS GUNTUNG PAYUNG,DINAS KESEHATAN,Umum,Obat-Obatan,18846,215.,2020-01-02,PREDNISON 5 MG,Tablet,130,85,11050
,,,,,,,,,,,Total:130,,Total:11.050
Kalimantan Selatan,Banjarbaru,PUSKESMAS GUNTUNG PAYUNG,DINAS KESEHATAN,Umum,Obat-Obatan,17410,216.,2020-01-02,PTU TABLET DEXA,Tablet,20,297,5940
,,,,,,,,,,,Total:20,,Total:5.940
Kalimantan Selatan,Banjarbaru,PUSKESMAS GUNTUNG PAYUNG,DINAS KESEHATAN,Umum,Obat-Obatan,18572,217.,2020-01-02,Papaverin Tablet,Buah,1754,125,219250
,,,,,,,,,,,Total:1.754,,Total:219.250
Kalimantan Selatan,Banjarbaru,PUSKESMAS GUNTUNG PAYUNG,DINAS KESEHATAN,Umum,Obat-Obatan,931,218.,2020-06-01,Parasetamol 500 mg,Tablet,5642,60,338520
Kalimantan Selatan,Banjarbaru,PUSKESMAS GUNTUNG PAYUNG,DINAS KESEHATAN,Umum,Obat-Obatan,931,219.,2020-10-01,Parasetamol 500 mg,Tablet,7000,60,420000
,,,,,,,,,,,Total:12.642,,Total:758.520
Kalimantan Selatan,Banjarbaru,PUSKESMAS GUNTUNG PAYUNG,DINAS KESEHATAN,Umum,Obat-Obatan,18534,220.,2020-06-01,Parasetamol sirup 120mg/5ml,Botol,16,1160,18560
Kalimantan Selatan,Banjarbaru,PUSKESMAS GUNTUNG PAYUNG,DINAS KESEHATAN,Umum,Obat-Obatan,18534,221.,2020-06-01,Parasetamol sirup 120mg/5ml,Botol,12,1160,13920
,,,,,,,,,,,Total:28,,Total:32.480
Kalimantan Selatan,Banjarbaru,PUSKESMAS GUNTUNG PAYUNG,DINAS KESEHATAN,Umum,Obat-Obatan,19368,222.,2020-01-02,Parasetamol tablet 500 mg,Buah,240,51,12240
,,,,,,,,,,,Total:240,,Total:12.240
Kalimantan Selatan,Banjarbaru,PUSKESMAS GUNTUNG PAYUNG,DINAS KESEHATAN,Umum,Obat-Obatan,19448,223.,2020-01-02,"Pehacain Injeksi, Kotak isi 20 amp",Ampul,127,3112,395224
,,,,,,,,,,,Total:127,,Total:395.224
Kalimantan Selatan,Banjarbaru,PUSKESMAS GUNTUNG PAYUNG,DINAS KESEHATAN,Umum,Obat-Obatan,521,224.,2020-07-01,Pehavral,Tablet,65,1016,66040
,,,,,,,,,,,Total:65,,Total:66.040
Kalimantan Selatan,Banjarbaru,PUSKESMAS GUNTUNG PAYUNG,DINAS KESEHATAN,Umum,Obat-Obatan,817,225.,2020-01-02,Pirantel 125 mg,Tablet,289,1485,429165
,,,,,,,,,,,Total:289,,Total:429.165
Kalimantan Selatan,Banjarbaru,PUSKESMAS GUNTUNG PAYUNG,DINAS KESEHATAN,Umum,Obat-Obatan,17235,226.,2020-10-01,Predinison Tablet 5 mg Harga 2,Tablet,1913,79,151127
,,,,,,,,,,,Total:1.913,,Total:151.127
Kalimantan Selatan,Banjarbaru,PUSKESMAS GUNTUNG PAYUNG,DINAS KESEHATAN,Umum,Obat-Obatan,18528,227.,2020-01-02,Prednison tablet 5mg harga 2,Tablet,179,74,13246
Kalimantan Selatan,Banjarbaru,PUSKESMAS GUNTUNG PAYUNG,DINAS KESEHATAN,Umum,Obat-Obatan,18528,228.,2020-01-02,Prednison tablet 5mg harga 2,Tablet,221,74,16354
,,,,,,,,,,,Total:400,,Total:29.600
Kalimantan Selatan,Banjarbaru,PUSKESMAS GUNTUNG PAYUNG,DINAS KESEHATAN,Umum,Obat-Obatan,8127,229.,2020-01-02,Ptu strip tab,Tablet,100,475,47500
,,,,,,,,,,,Total:100,,Total:47.500
Kalimantan Selatan,Banjarbaru,PUSKESMAS GUNTUNG PAYUNG,DINAS KESEHATAN,Umum,Obat-Obatan,1000,230.,2020-06-01,RANITIDIN 150 MG TABLET HJ,Tablet,5,121,605
,,,,,,,,,,,Total:5,,Total:605
Kalimantan Selatan,Banjarbaru,PUSKESMAS GUNTUNG PAYUNG,DINAS KESEHATAN,Umum,Obat-Obatan,20178,231.,2020-06-01,RANITIDIN TAB 150 mg,Tablet,80,120,9600
,,,,,,,,,,,Total:80,,Total:9.600
Kalimantan Selatan,Banjarbaru,PUSKESMAS GUNTUNG PAYUNG,DINAS KESEHATAN,Umum,Obat-Obatan,18831,232.,2020-01-02,RANITIDINE INJEKSI 25 MG,Ampul,9,1155,10395
,,,,,,,,,,,Total:9,,Total:10.395
Kalimantan Selatan,Banjarbaru,PUSKESMAS GUNTUNG PAYUNG,DINAS KESEHATAN,Umum,Obat-Obatan,16694,233.,2020-10-01,Ranitindin 150 mg,Tablet,100,187,18700
,,,,,,,,,,,Total:100,,Total:18.700
Kalimantan Selatan,Banjarbaru,PUSKESMAS GUNTUNG PAYUNG,DINAS KESEHATAN,Umum,Obat-Obatan,16698,234.,2020-01-02,Ringerlaktat Larutan Infus Steril Harga 1,Botol,8,7150,57200
Kalimantan Selatan,Banjarbaru,PUSKESMAS GUNTUNG PAYUNG,DINAS KESEHATAN,Umum,Obat-Obatan,16698,235.,2020-01-02,Ringerlaktat Larutan Infus Steril Harga 1,Botol,20,7150,143000
,,,,,,,,,,,Total:28,,Total:200.200
Kalimantan Selatan,Banjarbaru,PUSKESMAS GUNTUNG PAYUNG,DINAS KESEHATAN,Umum,Obat-Obatan,21005,236.,2020-10-01,SAFETY BOX obat,Buah,30,16501,495030
,,,,,,,,,,,Total:30,,Total:495.030
Kalimantan Selatan,Banjarbaru,PUSKESMAS GUNTUNG PAYUNG,DINAS KESEHATAN,Umum,Obat-Obatan,566,237.,2020-01-02,SALBUTAMOL 4 MG TABLET KF,Tablet,7,77,539
Kalimantan Selatan,Banjarbaru,PUSKESMAS GUNTUNG PAYUNG,DINAS KESEHATAN,Umum,Obat-Obatan,566,238.,2020-06-01,SALBUTAMOL 4 MG TABLET KF,Tablet,50,77,3850
Kalimantan Selatan,Banjarbaru,PUSKESMAS GUNTUNG PAYUNG,DINAS KESEHATAN,Umum,Obat-Obatan,566,239.,2020-10-01,SALBUTAMOL 4 MG TABLET KF,Tablet,100,77,7700
,,,,,,,,,,,Total:157,,Total:12.089
Kalimantan Selatan,Banjarbaru,PUSKESMAS GUNTUNG PAYUNG,DINAS KESEHATAN,Umum,Obat-Obatan,18844,240.,2020-06-01,SALBUTAMOL TABLET 2 MG,Tablet,60,64,3840
Kalimantan Selatan,Banjarbaru,PUSKESMAS GUNTUNG PAYUNG,DINAS KESEHATAN,Umum,Obat-Obatan,18844,241.,2020-06-01,SALBUTAMOL TABLET 2 MG,Tablet,100,64,6400
Kalimantan Selatan,Banjarbaru,PUSKESMAS GUNTUNG PAYUNG,DINAS KESEHATAN,Umum,Obat-Obatan,18844,242.,2020-07-01,SALBUTAMOL TABLET 2 MG,Tablet,100,64,6400
,,,,,,,,,,,Total:260,,Total:16.640
Kalimantan Selatan,Banjarbaru,PUSKESMAS GUNTUNG PAYUNG,DINAS KESEHATAN,Umum,Obat-Obatan,21498,243.,2020-06-01,SALEP 2-4 KOMBINASI HARGA 2,Pot,5,3017,15085
Kalimantan Selatan,Banjarbaru,PUSKESMAS GUNTUNG PAYUNG,DINAS KESEHATAN,Umum,Obat-Obatan,21498,244.,2020-10-01,SALEP 2-4 KOMBINASI HARGA 2,Pot,24,3017,72408
,,,,,,,,,,,Total:29,,Total:87.493
Kalimantan Selatan,Banjarbaru,PUSKESMAS GUNTUNG PAYUNG,DINAS KESEHATAN,Umum,Obat-Obatan,18631,245.,2020-01-02,SIMVASTATIN 10 MG TABLET KF,Tablet,1610,110,177100
,,,,,,,,,,,Total:1.610,,Total:177.100
Kalimantan Selatan,Banjarbaru,PUSKESMAS GUNTUNG PAYUNG,DINAS KESEHATAN,Umum,Obat-Obatan,18568,246.,2020-01-02,Safety Book Harga 1,Buah,60,23902,1434120
Kalimantan Selatan,Banjarbaru,PUSKESMAS GUNTUNG PAYUNG,DINAS KESEHATAN,Umum,Obat-Obatan,18568,247.,2020-08-03,Safety Book Harga 1,Buah,10,23902,239020
,,,,,,,,,,,Total:70,,Total:1.673.140
Kalimantan Selatan,Banjarbaru,PUSKESMAS GUNTUNG PAYUNG,DINAS KESEHATAN,Umum,Obat-Obatan,16701,248.,2020-01-02,Salbutamol Tablet 2 Mg,Tablet,98,68,6664
,,,,,,,,,,,Total:98,,Total:6.664
Kalimantan Selatan,Banjarbaru,PUSKESMAS GUNTUNG PAYUNG,DINAS KESEHATAN,Umum,Obat-Obatan,16702,249.,2020-06-01,Salisil Bedak 2 %,Sachset,15,4499,67485
Kalimantan Selatan,Banjarbaru,PUSKESMAS GUNTUNG PAYUNG,DINAS KESEHATAN,Umum,Obat-Obatan,16702,250.,2020-06-01,Salisil Bedak 2 %,Sachset,10,4499,44990
Kalimantan Selatan,Banjarbaru,PUSKESMAS GUNTUNG PAYUNG,DINAS KESEHATAN,Umum,Obat-Obatan,16702,251.,2020-10-01,Salisil Bedak 2 %,Sachset,10,4499,44990
,,,,,,,,,,,Total:35,,Total:157.465
Kalimantan Selatan,Banjarbaru,PUSKESMAS GUNTUNG PAYUNG,DINAS KESEHATAN,Umum,Obat-Obatan,20536,252.,2020-05-06,Sarung Tangan Steril Maxter no 7.5,Buah,2,357500,715000
,,,,,,,,,,,Total:2,,Total:715.000
Kalimantan Selatan,Banjarbaru,PUSKESMAS GUNTUNG PAYUNG,DINAS KESEHATAN,Umum,Obat-Obatan,20533,253.,2020-05-06,Sarung Tangan maxter no. 8,Buah,1,357500,357500
,,,,,,,,,,,Total:1,,Total:357.500
Kalimantan Selatan,Banjarbaru,PUSKESMAS GUNTUNG PAYUNG,DINAS KESEHATAN,Umum,Obat-Obatan,19054,254.,2020-10-01,Scabisid cream/scabimide,Tube,55,11825,650375
,,,,,,,,,,,Total:55,,Total:650.375
Kalimantan Selatan,Banjarbaru,PUSKESMAS GUNTUNG PAYUNG,DINAS KESEHATAN,Umum,Obat-Obatan,16706,255.,2020-01-02,Simvastatin 10 mg harga 2,Tablet,935,135,126225
,,,,,,,,,,,Total:935,,Total:126.225
Kalimantan Selatan,Banjarbaru,PUSKESMAS GUNTUNG PAYUNG,DINAS KESEHATAN,Umum,Obat-Obatan,16707,256.,2020-10-01,Simvastatin 20 mg harga 1,Tablet,1480,237,350760
,,,,,,,,,,,Total:1.480,,Total:350.760
Kalimantan Selatan,Banjarbaru,PUSKESMAS GUNTUNG PAYUNG,DINAS KESEHATAN,Umum,Obat-Obatan,16710,257.,2020-01-02,Stesolid Rectal Harga 1,Tube,1,12751,12751
Kalimantan Selatan,Banjarbaru,PUSKESMAS GUNTUNG PAYUNG,DINAS KESEHATAN,Umum,Obat-Obatan,16710,258.,2020-01-02,Stesolid Rectal Harga 1,Tube,5,12751,63755
,,,,,,,,,,,Total:6,,Total:76.506
Kalimantan Selatan,Banjarbaru,PUSKESMAS GUNTUNG PAYUNG,DINAS KESEHATAN,Umum,Obat-Obatan,16711,259.,2020-06-01,Stesolid Rectal Harga 2,Tube,5,14459,72295
,,,,,,,,,,,Total:5,,Total:72.295
Kalimantan Selatan,Banjarbaru,PUSKESMAS GUNTUNG PAYUNG,DINAS KESEHATAN,Umum,Obat-Obatan,21014,260.,2020-01-02,TIAMIN (VITAMIN B1) TABLET 50 mg,Tablet,1995,37,73815
,,,,,,,,,,,Total:1.995,,Total:73.815
Kalimantan Selatan,Banjarbaru,PUSKESMAS GUNTUNG PAYUNG,DINAS KESEHATAN,Umum,Obat-Obatan,5151,261.,2020-08-03,Td,Vial,14,18128,253792
,,,,,,,,,,,Total:14,,Total:253.792
Kalimantan Selatan,Banjarbaru,PUSKESMAS GUNTUNG PAYUNG,DINAS KESEHATAN,Umum,Obat-Obatan,501,262.,2020-06-01,Thiamin (Vitamin B1) tab 50 mg,Tablet,1177,88,103576
Kalimantan Selatan,Banjarbaru,PUSKESMAS GUNTUNG PAYUNG,DINAS KESEHATAN,Umum,Obat-Obatan,501,263.,2020-06-01,Thiamin (Vitamin B1) tab 50 mg,Tablet,270,88,23760
,,,,,,,,,,,Total:1.447,,Total:127.336
Kalimantan Selatan,Banjarbaru,PUSKESMAS GUNTUNG PAYUNG,DINAS KESEHATAN,Umum,Obat-Obatan,16715,264.,2020-01-02,Triheksifenidil Hidroklorida Tablet 2 mg,Tablet,40,97,3880
,,,,,,,,,,,Total:40,,Total:3.880
Kalimantan Selatan,Banjarbaru,PUSKESMAS GUNTUNG PAYUNG,DINAS KESEHATAN,Umum,Obat-Obatan,16716,265.,2020-06-01,Truvit,Botol,110,12540,1379400
Kalimantan Selatan,Banjarbaru,PUSKESMAS GUNTUNG PAYUNG,DINAS KESEHATAN,Umum,Obat-Obatan,16716,266.,2020-06-01,Truvit,Botol,15,12540,188100
,,,,,,,,,,,Total:125,,Total:1.567.500
Kalimantan Selatan,Banjarbaru,PUSKESMAS GUNTUNG PAYUNG,DINAS KESEHATAN,Umum,Obat-Obatan,21006,267.,2020-08-03,VAKSIN HEPATITIS B,Botol,5,23270,116350
,,,,,,,,,,,Total:5,,Total:116.350
Kalimantan Selatan,Banjarbaru,PUSKESMAS GUNTUNG PAYUNG,DINAS KESEHATAN,Umum,Obat-Obatan,19609,268.,2020-01-02,VITALEX,Tablet,510,440,224400
,,,,,,,,,,,Total:510,,Total:224.400
Kalimantan Selatan,Banjarbaru,PUSKESMAS GUNTUNG PAYUNG,DINAS KESEHATAN,Umum,Obat-Obatan,17102,269.,2020-10-01,Vaksin BCG,Vial,26,66154,1720004
,,,,,,,,,,,Total:26,,Total:1.720.004
Kalimantan Selatan,Banjarbaru,PUSKESMAS GUNTUNG PAYUNG,DINAS KESEHATAN,Umum,Obat-Obatan,19867,270.,2020-10-01,Vaksin DPT-HB-Hib,Vial,29,84282,2444178
,,,,,,,,,,,Total:29,,Total:2.444.178
Kalimantan Selatan,Banjarbaru,PUSKESMAS GUNTUNG PAYUNG,DINAS KESEHATAN,Umum,Obat-Obatan,17106,271.,2020-10-01,Vaksin MR,Vial,26,166265,4322890
,,,,,,,,,,,Total:26,,Total:4.322.890
Kalimantan Selatan,Banjarbaru,PUSKESMAS GUNTUNG PAYUNG,DINAS KESEHATAN,Umum,Obat-Obatan,17105,272.,2020-10-01,Vaksin TD,Vial,6,16480,98880
Kalimantan Selatan,Banjarbaru,PUSKESMAS GUNTUNG PAYUNG,DINAS KESEHATAN,Umum,Obat-Obatan,17105,273.,2020-10-01,Vaksin TD,Vial,20,18128,362560
,,,,,,,,,,,Total:26,,Total:461.440
Kalimantan Selatan,Banjarbaru,PUSKESMAS GUNTUNG PAYUNG,DINAS KESEHATAN,Umum,Obat-Obatan,16721,274.,2020-01-02,Yodium Povidon Larutan 10 % 300 ml,Botol,1,23490,23490
,,,,,,,,,,,Total:1,,Total:23.490
Kalimantan Selatan,Banjarbaru,PUSKESMAS GUNTUNG PAYUNG,DINAS KESEHATAN,Umum,Obat-Obatan,21127,275.,2020-10-01,Zink tab,Botol,300,604,181200
,,,,,,,,,,,Total:300,,Total:181.200
Kalimantan Selatan,Banjarbaru,PUSKESMAS GUNTUNG PAYUNG,DINAS KESEHATAN,Umum,Perlengkapan Kesehatan,12020,276.,2020-12-01,Apron,pcs,50,5000,250000
,,,,,,,,,,,Total:50,,Total:250.000
Kalimantan Selatan,Banjarbaru,PUSKESMAS GUNTUNG PAYUNG,DINAS KESEHATAN,Umum,Perlengkapan Kesehatan,22015,277.,2020-07-01,Baju APD,Buah,10,66000,660000
,,,,,,,,,,,Total:10,,Total:660.000
Kalimantan Selatan,Banjarbaru,PUSKESMAS GUNTUNG PAYUNG,DINAS KESEHATAN,Umum,Perlengkapan Kesehatan,9522,278.,2020-07-01,Baju Pelindung Diri APD,pcs,30,165000,4950000
,,,,,,,,,,,Total:30,,Total:4.950.000
Kalimantan Selatan,Banjarbaru,PUSKESMAS GUNTUNG PAYUNG,DINAS KESEHATAN,Umum,Perlengkapan Kesehatan,21870,279.,2020-06-16,HAZMAT/APD,Buah,5,150000,750000
,,,,,,,,,,,Total:5,,Total:750.000
Kalimantan Selatan,Banjarbaru,PUSKESMAS GUNTUNG PAYUNG,DINAS KESEHATAN,Umum,Perlengkapan Kesehatan,1206,280.,2020-10-01,Masker Kain,lembar,120,5500,660000
,,,,,,,,,,,Total:120,,Total:660.000
Kalimantan Selatan,Banjarbaru,PUSKESMAS GUNTUNG PAYUNG,DINAS KESEHATAN,Umum,Bahan Obat Obatan,19123,281.,2020-01-02,ALETROL TM,Botol,38,18000,684000
Kalimantan Selatan,Banjarbaru,PUSKESMAS GUNTUNG PAYUNG,DINAS KESEHATAN,Umum,Bahan Obat Obatan,19123,282.,2020-12-01,ALETROL TM,Botol,24,18000,432000
,,,,,,,,,,,Total:62,,Total:1.116.000
Kalimantan Selatan,Banjarbaru,PUSKESMAS GUNTUNG PAYUNG,DINAS KESEHATAN,Umum,Bahan Obat Obatan,19125,283.,2020-06-01,CIPROFLOXACIN 500 mg,kotak,90,909,81810
,,,,,,,,,,,Total:90,,Total:81.810
Kalimantan Selatan,Banjarbaru,PUSKESMAS GUNTUNG PAYUNG,DINAS KESEHATAN,Umum,Bahan Obat Obatan,23001,284.,2020-01-02,Cavicur,Tablet,265,708,187620
Kalimantan Selatan,Banjarbaru,PUSKESMAS GUNTUNG PAYUNG,DINAS KESEHATAN,Umum,Bahan Obat Obatan,23001,285.,2020-06-01,Cavicur,Tablet,58,708,41064
,,,,,,,,,,,Total:323,,Total:228.684
Kalimantan Selatan,Banjarbaru,PUSKESMAS GUNTUNG PAYUNG,DINAS KESEHATAN,Umum,Bahan Obat Obatan,20824,286.,2020-06-01,DEXTROFEN SYR BTL 50 ML,Botol,40,11550,462000
,,,,,,,,,,,Total:40,,Total:462.000
Kalimantan Selatan,Banjarbaru,PUSKESMAS GUNTUNG PAYUNG,DINAS KESEHATAN,Umum,Bahan Obat Obatan,19320,287.,2020-01-02,Erythromicyn Syr,Botol,7,6389,44723
Kalimantan Selatan,Banjarbaru,PUSKESMAS GUNTUNG PAYUNG,DINAS KESEHATAN,Umum,Bahan Obat Obatan,19320,288.,2020-01-02,Erythromicyn Syr,Botol,25,6389,159725
Kalimantan Selatan,Banjarbaru,PUSKESMAS GUNTUNG PAYUNG,DINAS KESEHATAN,Umum,Bahan Obat Obatan,19320,289.,2020-01-02,Erythromicyn Syr,Botol,1,6389,6389
Kalimantan Selatan,Banjarbaru,PUSKESMAS GUNTUNG PAYUNG,DINAS KESEHATAN,Umum,Bahan Obat Obatan,19320,290.,2020-06-01,Erythromicyn Syr,Botol,1,6389,6389
,,,,,,,,,,,Total:34,,Total:217.226
Kalimantan Selatan,Banjarbaru,PUSKESMAS GUNTUNG PAYUNG,DINAS KESEHATAN,Umum,Bahan Obat Obatan,19127,291.,2020-06-01,FERRO FUMARATE ( TTD PHAPROS BUMIL) 60 mg,Tablet,3816,457,1743912
,,,,,,,,,,,Total:3.816,,Total:1.743.912
