SATKER,PUSKESMAS BANJARBARU SELATANANY,,,,,,,,,,,,
Nama Barang,ANY,,,,,,,,,,,,
,,,,,,,,,,,,,
Provinsi,Kota,SATKER,SKPD,Gudang,Jenis Barang,Kode Barang,No,Tanggal Beli,Nama Barang,Satuan,Jumlah,Harga,Total Harga
Kalimantan Selatan,Banjarbaru,PUSKESMAS BANJARBARU SELATAN,DINAS KESEHATAN,BLUD,Alat Tulis Kantor,51,1.,2020-12-29,Amplop kecil,kotak,17,5000,85000
Kalimantan Selatan,Banjarbaru,PUSKESMAS BANJARBARU SELATAN,DINAS KESEHATAN,BLUD,Alat Tulis Kantor,4078,7.,2020-12-29,Kertas HVS F4,Rim,5,50000,250000
Kalimantan Selatan,Banjarbaru,PUSKESMAS BANJARBARU SELATAN,DINAS KESEHATAN,BLUD,Alat Tulis Kantor,62,11.,2020-12-15,Map plastik jepit/lobang,Buah,12,10000,120000
Kalimantan Selatan,Banjarbaru,PUSKESMAS BANJARBARU SELATAN,DINAS KESEHATAN,BLUD,Alat Tulis Kantor,21912,12.,2020-12-29,PULPEN HITAM,Buah,48,2500,120000
Kalimantan Selatan,Banjarbaru,PUSKESMAS BANJARBARU SELATAN,DINAS KESEHATAN,BLUD,Alat Tulis Kantor,2526,13.,2020-12-17,Sticky Notes,Pak,3,8500,25500
Kalimantan Selatan,Banjarbaru,PUSKESMAS BANJARBARU SELATAN,DINAS KESEHATAN,BLUD,Alat Tulis Kantor,1425,14.,2020-12-29,Tinta Printer Epson,pcs,10,100000,1000000
Kalimantan Selatan,Banjarbaru,PUSKESMAS BANJARBARU SELATAN,DINAS KESEHATAN,BLUD,Alat Tulis Kantor,5313,15.,2020-12-15,Tipe Ex,Buah,1,54000,54000
Kalimantan Selatan,Banjarbaru,PUSKESMAS BANJARBARU SELATAN,DINAS KESEHATAN,BLUD,Cetak,2061,198.,2020-12-15,Blanko lembar disposisi,buku,10,15000,150000
Kalimantan Selatan,Banjarbaru,PUSKESMAS BANJARBARU SELATAN,DINAS KESEHATAN,BLUD,Cetak,14572,202.,2020-12-15,CETAK RESEP PKM BPJS,Rim,15,10000,150000
Kalimantan Selatan,Banjarbaru,PUSKESMAS BANJARBARU SELATAN,DINAS KESEHATAN,BLUD,Cetak,1068,210.,2020-12-29,cetak kartu berobat,lembar,200,1000,200000
Kalimantan Selatan,Banjarbaru,PUSKESMAS BANJARBARU SELATAN,DINAS KESEHATAN,BLUD,Alat Listrik dan Elektronik (Lampu Pijar. Battery Kering),1227,211.,2020-12-15,Baterai A2,Buah,30,13000,390000
Kalimantan Selatan,Banjarbaru,PUSKESMAS BANJARBARU SELATAN,DINAS KESEHATAN,BLUD,Alat Listrik dan Elektronik (Lampu Pijar. Battery Kering),1254,212.,2020-12-03,Baterai A3,Buah,15,10000,150000
Kalimantan Selatan,Banjarbaru,PUSKESMAS BANJARBARU SELATAN,DINAS KESEHATAN,Umum,Alat Tulis Kantor,15811,2.,2020-01-01,BINDER CLIP SEDANG,Buah,15,22000,330000
Kalimantan Selatan,Banjarbaru,PUSKESMAS BANJARBARU SELATAN,DINAS KESEHATAN,Umum,Alat Tulis Kantor,308,3.,2020-06-06,Binder Clip Besar,kotak,4,28000,112000
Kalimantan Selatan,Banjarbaru,PUSKESMAS BANJARBARU SELATAN,DINAS KESEHATAN,Umum,Alat Tulis Kantor,13019,4.,2020-05-16,Binder Clip Sedang,kotak,5,22000,110000
Kalimantan Selatan,Banjarbaru,PUSKESMAS BANJARBARU SELATAN,DINAS KESEHATAN,Umum,Alat Tulis Kantor,13019,5.,2020-10-19,Binder Clip Sedang,kotak,5,22000,110000
Kalimantan Selatan,Banjarbaru,PUSKESMAS BANJARBARU SELATAN,DINAS KESEHATAN,Umum,Alat Tulis Kantor,15499,6.,2020-01-01,ISI CUTTER BESAR,kotak,6,38500,231000
Kalimantan Selatan,Banjarbaru,PUSKESMAS BANJARBARU SELATAN,DINAS KESEHATAN,Umum,Alat Tulis Kantor,6389,8.,2020-05-16,Klip Paper Besar,kotak,25,8000,200000
Kalimantan Selatan,Banjarbaru,PUSKESMAS BANJARBARU SELATAN,DINAS KESEHATAN,Umum,Alat Tulis Kantor,6391,9.,2020-03-18,Klip Paper Kecil,kotak,8,4500,36000
Kalimantan Selatan,Banjarbaru,PUSKESMAS BANJARBARU SELATAN,DINAS KESEHATAN,Umum,Alat Tulis Kantor,6391,10.,2020-11-19,Klip Paper Kecil,kotak,2,4500,9000
Kalimantan Selatan,Banjarbaru,PUSKESMAS BANJARBARU SELATAN,DINAS KESEHATAN,Umum,Alat Tulis Kantor,16297,16.,2020-01-01,isi staples kecil,kotak,15,3000,45000
Kalimantan Selatan,Banjarbaru,PUSKESMAS BANJARBARU SELATAN,DINAS KESEHATAN,Umum,Alat Tulis Kantor,2048,17.,2020-11-19,kertas NCR,Rim,3,100000,300000
Kalimantan Selatan,Banjarbaru,PUSKESMAS BANJARBARU SELATAN,DINAS KESEHATAN,Umum,Alat Tulis Kantor,2048,18.,2020-11-19,kertas NCR,Rim,8,100000,800000
Kalimantan Selatan,Banjarbaru,PUSKESMAS BANJARBARU SELATAN,DINAS KESEHATAN,Umum,Alat Tulis Kantor,2048,19.,2020-11-19,kertas NCR,Rim,1,100000,100000
Kalimantan Selatan,Banjarbaru,PUSKESMAS BANJARBARU SELATAN,DINAS KESEHATAN,Umum,"Perangko, Materai dan Benda Pos Lainnya",1050,20.,2020-03-23,Materai 3.000,lembar,30,3000,90000
Kalimantan Selatan,Banjarbaru,PUSKESMAS BANJARBARU SELATAN,DINAS KESEHATAN,Umum,"Perangko, Materai dan Benda Pos Lainnya",1053,21.,2020-07-14,Materai 6.000,lembar,28,6000,168000
Kalimantan Selatan,Banjarbaru,PUSKESMAS BANJARBARU SELATAN,DINAS KESEHATAN,Umum,"Perangko, Materai dan Benda Pos Lainnya",1053,22.,2020-10-19,Materai 6.000,lembar,100,6000,600000
Kalimantan Selatan,Banjarbaru,PUSKESMAS BANJARBARU SELATAN,DINAS KESEHATAN,Umum,Peralatan Kebersihan dan Bahan Pembersih,14762,23.,2020-12-14,Cairan Pembersih Kloset,Buah,22,25000,550000
Kalimantan Selatan,Banjarbaru,PUSKESMAS BANJARBARU SELATAN,DINAS KESEHATAN,Umum,Peralatan Kebersihan dan Bahan Pembersih,1899,24.,2020-06-06,Kantong Plastik,Pak,10,24000,240000
Kalimantan Selatan,Banjarbaru,PUSKESMAS BANJARBARU SELATAN,DINAS KESEHATAN,Umum,Peralatan Kebersihan dan Bahan Pembersih,1899,25.,2020-06-23,Kantong Plastik,Pak,20,24000,480000
Kalimantan Selatan,Banjarbaru,PUSKESMAS BANJARBARU SELATAN,DINAS KESEHATAN,Umum,Peralatan Kebersihan dan Bahan Pembersih,3610,26.,2020-11-25,Kantong Plastik Sampah Besar,Pak,225,24000,5400000
Kalimantan Selatan,Banjarbaru,PUSKESMAS BANJARBARU SELATAN,DINAS KESEHATAN,Umum,Peralatan Kebersihan dan Bahan Pembersih,18554,27.,2020-01-02,Kantong Plastik klip obat,Pak,16,35000,560000
Kalimantan Selatan,Banjarbaru,PUSKESMAS BANJARBARU SELATAN,DINAS KESEHATAN,Umum,Peralatan Kebersihan dan Bahan Pembersih,18554,28.,2020-01-02,Kantong Plastik klip obat,Pak,29,25000,725000
Kalimantan Selatan,Banjarbaru,PUSKESMAS BANJARBARU SELATAN,DINAS KESEHATAN,Umum,Peralatan Kebersihan dan Bahan Pembersih,18554,29.,2020-01-02,Kantong Plastik klip obat,Pak,44,35000,1540000
Kalimantan Selatan,Banjarbaru,PUSKESMAS BANJARBARU SELATAN,DINAS KESEHATAN,Umum,Peralatan Kebersihan dan Bahan Pembersih,18554,30.,2020-01-02,Kantong Plastik klip obat,Pak,41,25000,1025000
Kalimantan Selatan,Banjarbaru,PUSKESMAS BANJARBARU SELATAN,DINAS KESEHATAN,Umum,Peralatan Kebersihan dan Bahan Pembersih,18554,31.,2020-01-02,Kantong Plastik klip obat,Pak,30,10000,300000
Kalimantan Selatan,Banjarbaru,PUSKESMAS BANJARBARU SELATAN,DINAS KESEHATAN,Umum,Peralatan Kebersihan dan Bahan Pembersih,1036,32.,2020-12-14,Pembersih Lantai,Buah,75,22000,1650000
Kalimantan Selatan,Banjarbaru,PUSKESMAS BANJARBARU SELATAN,DINAS KESEHATAN,Umum,Peralatan Kebersihan dan Bahan Pembersih,8789,33.,2020-01-02,Plastik Klip 15 x 10,Pak,4,70000,280000
Kalimantan Selatan,Banjarbaru,PUSKESMAS BANJARBARU SELATAN,DINAS KESEHATAN,Umum,Peralatan Kebersihan dan Bahan Pembersih,8789,34.,2020-01-02,Plastik Klip 15 x 10,Pak,2,70000,140000
Kalimantan Selatan,Banjarbaru,PUSKESMAS BANJARBARU SELATAN,DINAS KESEHATAN,Umum,Peralatan Kebersihan dan Bahan Pembersih,3534,35.,2020-12-14,Sabun Cuci tangan cair,Buah,100,29000,2900000
Kalimantan Selatan,Banjarbaru,PUSKESMAS BANJARBARU SELATAN,DINAS KESEHATAN,Umum,Peralatan Kebersihan dan Bahan Pembersih,1729,36.,2020-11-25,Tisu,Buah,300,15000,4500000
Kalimantan Selatan,Banjarbaru,PUSKESMAS BANJARBARU SELATAN,DINAS KESEHATAN,Umum,Obat-Obatan,16500,37.,2020-10-20,ACYCLOVIR TABLET 400 MG,Tablet,700,425,297500
Kalimantan Selatan,Banjarbaru,PUSKESMAS BANJARBARU SELATAN,DINAS KESEHATAN,Umum,Obat-Obatan,16062,38.,2020-04-15,"ADS 0,05 ml",Buah,20,1565,31300
Kalimantan Selatan,Banjarbaru,PUSKESMAS BANJARBARU SELATAN,DINAS KESEHATAN,Umum,Obat-Obatan,17108,39.,2020-04-15,"ADS 0,5 ml",Buah,40,1127,45080
Kalimantan Selatan,Banjarbaru,PUSKESMAS BANJARBARU SELATAN,DINAS KESEHATAN,Umum,Obat-Obatan,18254,40.,2020-10-13,"ADS 0,5 ml Harga 2",Buah,1600,1240,1984000
Kalimantan Selatan,Banjarbaru,PUSKESMAS BANJARBARU SELATAN,DINAS KESEHATAN,Umum,Obat-Obatan,17109,41.,2020-08-12,ADS 5 ml,Buah,51,1583,80733
Kalimantan Selatan,Banjarbaru,PUSKESMAS BANJARBARU SELATAN,DINAS KESEHATAN,Umum,Obat-Obatan,20994,42.,2020-01-06,ALAT UKUR LINGKAR PERUT,Buah,1,163000,163000
Kalimantan Selatan,Banjarbaru,PUSKESMAS BANJARBARU SELATAN,DINAS KESEHATAN,Umum,Obat-Obatan,20993,43.,2020-01-06,ALAT UKUR TINGGI BADAN,Buah,1,53000,53000
Kalimantan Selatan,Banjarbaru,PUSKESMAS BANJARBARU SELATAN,DINAS KESEHATAN,Umum,Obat-Obatan,16502,44.,2020-01-02,ALBENDAZOL TABLET 400 MG,Tablet,100,463,46300
Kalimantan Selatan,Banjarbaru,PUSKESMAS BANJARBARU SELATAN,DINAS KESEHATAN,Umum,Obat-Obatan,19010,45.,2020-01-06,ALLOPURINOL TABLET 300 mg,Tablet,500,216,108000
Kalimantan Selatan,Banjarbaru,PUSKESMAS BANJARBARU SELATAN,DINAS KESEHATAN,Umum,Obat-Obatan,18543,46.,2020-01-02,ALPARA,Tablet,1500,683,1024500
Kalimantan Selatan,Banjarbaru,PUSKESMAS BANJARBARU SELATAN,DINAS KESEHATAN,Umum,Obat-Obatan,16507,47.,2020-01-06,AMBROXOL 30 MG,Tablet,1000,135,135000
Kalimantan Selatan,Banjarbaru,PUSKESMAS BANJARBARU SELATAN,DINAS KESEHATAN,Umum,Obat-Obatan,17517,48.,2020-06-01,AMLODIPINE 10 MG TABLET HJ,Tablet,600,94,56400
Kalimantan Selatan,Banjarbaru,PUSKESMAS BANJARBARU SELATAN,DINAS KESEHATAN,Umum,Obat-Obatan,19154,49.,2020-10-20,ANTAPULGIT KAPLET 600 mg,Tablet,200,253,50600
Kalimantan Selatan,Banjarbaru,PUSKESMAS BANJARBARU SELATAN,DINAS KESEHATAN,Umum,Obat-Obatan,18305,50.,2020-10-20,"ANTASIDA DOEN TABLET , KOMBINASI HARGA 2",Tablet,3800,60,228000
Kalimantan Selatan,Banjarbaru,PUSKESMAS BANJARBARU SELATAN,DINAS KESEHATAN,Umum,Obat-Obatan,16586,51.,2020-10-20,ANTASIDA SUSPENSI,Botol,50,2098,104900
Kalimantan Selatan,Banjarbaru,PUSKESMAS BANJARBARU SELATAN,DINAS KESEHATAN,Umum,Obat-Obatan,22760,52.,2020-10-19,APRON,Buah,2,548000,1096000
Kalimantan Selatan,Banjarbaru,PUSKESMAS BANJARBARU SELATAN,DINAS KESEHATAN,Umum,Obat-Obatan,20021,53.,2020-10-20,ASAM MEFENAMAT KAPSUL 500 mg,Tablet,400,103,41200
Kalimantan Selatan,Banjarbaru,PUSKESMAS BANJARBARU SELATAN,DINAS KESEHATAN,Umum,Obat-Obatan,16594,54.,2020-01-02,ASETIL SISTEIN-N / N-ASETIL SISTEIN,Tablet,900,475,427500
Kalimantan Selatan,Banjarbaru,PUSKESMAS BANJARBARU SELATAN,DINAS KESEHATAN,Umum,Obat-Obatan,20193,55.,2020-01-06,AUTOCHECK GLUCOSE TEST STRIP 50 STRIPS / BOX,box,27,158125,4269375
Kalimantan Selatan,Banjarbaru,PUSKESMAS BANJARBARU SELATAN,DINAS KESEHATAN,Umum,Obat-Obatan,20193,56.,2020-12-15,AUTOCHECK GLUCOSE TEST STRIP 50 STRIPS / BOX,box,21,230000,4830000
Kalimantan Selatan,Banjarbaru,PUSKESMAS BANJARBARU SELATAN,DINAS KESEHATAN,Umum,Obat-Obatan,20190,57.,2020-01-06,AUTOCHECK TOTAL CHOLESTEROL TEST STRIP 25 STRIPS / BOX,box,74,423775,31359350
Kalimantan Selatan,Banjarbaru,PUSKESMAS BANJARBARU SELATAN,DINAS KESEHATAN,Umum,Obat-Obatan,20191,58.,2020-01-06,AUTOCHECK URID ACID TEST STRIP 50 STRIPS,box,7,205562,1438934
Kalimantan Selatan,Banjarbaru,PUSKESMAS BANJARBARU SELATAN,DINAS KESEHATAN,Umum,Obat-Obatan,16725,59.,2020-01-02,Alat Suntik sekali Pakai  3 ml Harga 2,pcs,300,1138,341400
Kalimantan Selatan,Banjarbaru,PUSKESMAS BANJARBARU SELATAN,DINAS KESEHATAN,Umum,Obat-Obatan,16723,60.,2020-01-02,Alat Suntik sekali Pakai 1 ml,pcs,500,1614,807000
Kalimantan Selatan,Banjarbaru,PUSKESMAS BANJARBARU SELATAN,DINAS KESEHATAN,Umum,Obat-Obatan,475,61.,2020-10-20,Amlodipin 10 mg (IFRS),Tablet,7200,81,583200
Kalimantan Selatan,Banjarbaru,PUSKESMAS BANJARBARU SELATAN,DINAS KESEHATAN,Umum,Obat-Obatan,19529,62.,2020-01-06,Amoksisillin kapsul 500 mg hrg 2,Tablet,4000,248,992000
Kalimantan Selatan,Banjarbaru,PUSKESMAS BANJARBARU SELATAN,DINAS KESEHATAN,Umum,Obat-Obatan,21592,63.,2020-08-04,Aprazolom,kotak,76,128,9728
Kalimantan Selatan,Banjarbaru,PUSKESMAS BANJARBARU SELATAN,DINAS KESEHATAN,Umum,Obat-Obatan,21592,64.,2020-10-20,Aprazolom,kotak,500,128,64000
Kalimantan Selatan,Banjarbaru,PUSKESMAS BANJARBARU SELATAN,DINAS KESEHATAN,Umum,Obat-Obatan,491,65.,2020-10-20,Asam Askorbat (vitamin C) 50 mg,Tablet,3000,120,360000
Kalimantan Selatan,Banjarbaru,PUSKESMAS BANJARBARU SELATAN,DINAS KESEHATAN,Umum,Obat-Obatan,21484,66.,2020-01-02,Asam traneksamat tablet harga 2,Tablet,100,1430,143000
Kalimantan Selatan,Banjarbaru,PUSKESMAS BANJARBARU SELATAN,DINAS KESEHATAN,Umum,Obat-Obatan,6984,67.,2020-10-19,BAJU APD,pcs,29,250000,7250000
Kalimantan Selatan,Banjarbaru,PUSKESMAS BANJARBARU SELATAN,DINAS KESEHATAN,Umum,Obat-Obatan,16596,68.,2020-10-20,BETAHISTIN 6 MG,Tablet,500,119,59500
Kalimantan Selatan,Banjarbaru,PUSKESMAS BANJARBARU SELATAN,DINAS KESEHATAN,Umum,Obat-Obatan,16850,69.,2020-10-19,BLOOD LANCET ACCU CHECK,box,2,375000,750000
Kalimantan Selatan,Banjarbaru,PUSKESMAS BANJARBARU SELATAN,DINAS KESEHATAN,Umum,Obat-Obatan,20995,70.,2020-01-06,BODYFAT ANALYZER,Buah,1,1100000,1100000
Kalimantan Selatan,Banjarbaru,PUSKESMAS BANJARBARU SELATAN,DINAS KESEHATAN,Umum,Obat-Obatan,18355,71.,2020-12-15,BUBUK LARVASIDA,Bungkus,11,140000,1540000
Kalimantan Selatan,Banjarbaru,PUSKESMAS BANJARBARU SELATAN,DINAS KESEHATAN,Umum,Obat-Obatan,12150,72.,2020-12-15,Biolarvasida,Botol,24,45000,1080000
Kalimantan Selatan,Banjarbaru,PUSKESMAS BANJARBARU SELATAN,DINAS KESEHATAN,Umum,Obat-Obatan,17462,73.,2020-10-20,CEFADROXIL CAPSUL 500MG,Kapsul,1800,680,1224000
Kalimantan Selatan,Banjarbaru,PUSKESMAS BANJARBARU SELATAN,DINAS KESEHATAN,Umum,Obat-Obatan,18363,74.,2020-08-12,CHOLESTEROL TEST STRIPS 10 S,box,40,402100,16084000
Kalimantan Selatan,Banjarbaru,PUSKESMAS BANJARBARU SELATAN,DINAS KESEHATAN,Umum,Obat-Obatan,19198,75.,2020-01-02,"Captopril Tab 12,5 mg",Tablet,500,69,34500
Kalimantan Selatan,Banjarbaru,PUSKESMAS BANJARBARU SELATAN,DINAS KESEHATAN,Umum,Obat-Obatan,19297,76.,2020-08-04,Clobazam 10 Mg harga 2,Tablet,140,916,128240
Kalimantan Selatan,Banjarbaru,PUSKESMAS BANJARBARU SELATAN,DINAS KESEHATAN,Umum,Obat-Obatan,19297,77.,2020-10-20,Clobazam 10 Mg harga 2,Tablet,500,916,458000
Kalimantan Selatan,Banjarbaru,PUSKESMAS BANJARBARU SELATAN,DINAS KESEHATAN,Umum,Obat-Obatan,22046,78.,2020-12-15,Clozapine,kotak,5,56050,280250
Kalimantan Selatan,Banjarbaru,PUSKESMAS BANJARBARU SELATAN,DINAS KESEHATAN,Umum,Obat-Obatan,20837,79.,2020-01-06,DM 500 DIGITAL TENSIMETER WITH INFLATION SYSTEM,Buah,1,1329470,1329470
Kalimantan Selatan,Banjarbaru,PUSKESMAS BANJARBARU SELATAN,DINAS KESEHATAN,Umum,Obat-Obatan,19014,80.,2020-08-12,DPT-HB- Hib,Vial,25,84282,2107050
Kalimantan Selatan,Banjarbaru,PUSKESMAS BANJARBARU SELATAN,DINAS KESEHATAN,Umum,Obat-Obatan,19014,81.,2020-10-13,DPT-HB- Hib,Vial,30,84282,2528460
Kalimantan Selatan,Banjarbaru,PUSKESMAS BANJARBARU SELATAN,DINAS KESEHATAN,Umum,Obat-Obatan,5150,82.,2020-10-13,DT,Vial,41,17450,715450
Kalimantan Selatan,Banjarbaru,PUSKESMAS BANJARBARU SELATAN,DINAS KESEHATAN,Umum,Obat-Obatan,18983,83.,2020-04-14,Dhp Antimalaria,kotak,3,19206,57618
Kalimantan Selatan,Banjarbaru,PUSKESMAS BANJARBARU SELATAN,DINAS KESEHATAN,Umum,Obat-Obatan,10477,84.,2020-08-12,Disposible Clothing Hospital Safety Converall Protection,pcs,100,178260,17826000
Kalimantan Selatan,Banjarbaru,PUSKESMAS BANJARBARU SELATAN,DINAS KESEHATAN,Umum,Obat-Obatan,20996,85.,2020-01-06,E- TUMBLING,Buah,1,165000,165000
Kalimantan Selatan,Banjarbaru,PUSKESMAS BANJARBARU SELATAN,DINAS KESEHATAN,Umum,Obat-Obatan,19612,86.,2020-01-06,Etil klorida semprot,Botol,7,181000,1267000
Kalimantan Selatan,Banjarbaru,PUSKESMAS BANJARBARU SELATAN,DINAS KESEHATAN,Umum,Obat-Obatan,19990,87.,2020-04-14,FDC 11,box,1,1592726,1592726
Kalimantan Selatan,Banjarbaru,PUSKESMAS BANJARBARU SELATAN,DINAS KESEHATAN,Umum,Obat-Obatan,18977,88.,2020-04-14,FDC1/111,Paket,6,477791,2866746
Kalimantan Selatan,Banjarbaru,PUSKESMAS BANJARBARU SELATAN,DINAS KESEHATAN,Umum,Obat-Obatan,18977,89.,2020-09-09,FDC1/111,Paket,7,477791,3344537
Kalimantan Selatan,Banjarbaru,PUSKESMAS BANJARBARU SELATAN,DINAS KESEHATAN,Umum,Obat-Obatan,18977,90.,2020-12-15,FDC1/111,Paket,10,477791,4777910
Kalimantan Selatan,Banjarbaru,PUSKESMAS BANJARBARU SELATAN,DINAS KESEHATAN,Umum,Obat-Obatan,16625,91.,2020-10-20,FENOBARBITAL TABLET 30 MG,Tablet,390,197,76830
Kalimantan Selatan,Banjarbaru,PUSKESMAS BANJARBARU SELATAN,DINAS KESEHATAN,Umum,Obat-Obatan,16628,92.,2020-10-20,FENOL GLISEROL TETES TELINGA 10%,Botol,88,2727,239976
Kalimantan Selatan,Banjarbaru,PUSKESMAS BANJARBARU SELATAN,DINAS KESEHATAN,Umum,Obat-Obatan,16642,93.,2020-01-02,"GRISEOFULVIN TABLET 125 MG,MICRONIZED",Tablet,1000,224,224000
Kalimantan Selatan,Banjarbaru,PUSKESMAS BANJARBARU SELATAN,DINAS KESEHATAN,Umum,Obat-Obatan,614,94.,2020-01-02,Garam Oralit,Sachset,1000,263,263000
Kalimantan Selatan,Banjarbaru,PUSKESMAS BANJARBARU SELATAN,DINAS KESEHATAN,Umum,Obat-Obatan,550,95.,2020-01-06,Glibenklamid 5 mg,Tablet,200,137,27400
Kalimantan Selatan,Banjarbaru,PUSKESMAS BANJARBARU SELATAN,DINAS KESEHATAN,Umum,Obat-Obatan,532,96.,2020-01-02,Glimepirid 2 mg,Tablet,250,231,57750
Kalimantan Selatan,Banjarbaru,PUSKESMAS BANJARBARU SELATAN,DINAS KESEHATAN,Umum,Obat-Obatan,532,97.,2020-01-02,Glimepirid 2 mg,Tablet,400,231,92400
Kalimantan Selatan,Banjarbaru,PUSKESMAS BANJARBARU SELATAN,DINAS KESEHATAN,Umum,Obat-Obatan,16575,98.,2020-12-22,Glukosa,kit,10,165000,1650000
Kalimantan Selatan,Banjarbaru,PUSKESMAS BANJARBARU SELATAN,DINAS KESEHATAN,Umum,Obat-Obatan,17124,99.,2020-12-22,Golongan Darah A,Buah,1,484000,484000
Kalimantan Selatan,Banjarbaru,PUSKESMAS BANJARBARU SELATAN,DINAS KESEHATAN,Umum,Obat-Obatan,17125,100.,2020-12-22,Golongan Darah B,Buah,1,484000,484000
Kalimantan Selatan,Banjarbaru,PUSKESMAS BANJARBARU SELATAN,DINAS KESEHATAN,Umum,Obat-Obatan,21037,101.,2020-08-04,HALOPERIDOL 5 mg tab,Tablet,500,60,30000
Kalimantan Selatan,Banjarbaru,PUSKESMAS BANJARBARU SELATAN,DINAS KESEHATAN,Umum,Obat-Obatan,17476,102.,2020-12-14,HANDSCOON STERIL,pcs,20,153000,3060000
Kalimantan Selatan,Banjarbaru,PUSKESMAS BANJARBARU SELATAN,DINAS KESEHATAN,Umum,Obat-Obatan,19340,103.,2020-10-13,HB PID harga 2,Buah,10,25597,255970
Kalimantan Selatan,Banjarbaru,PUSKESMAS BANJARBARU SELATAN,DINAS KESEHATAN,Umum,Obat-Obatan,21144,104.,2020-12-22,HB strip,Tube,5,588500,2942500
Kalimantan Selatan,Banjarbaru,PUSKESMAS BANJARBARU SELATAN,DINAS KESEHATAN,Umum,Obat-Obatan,17745,105.,2020-10-19,"HCL 0,1 N 100 CC ONEMED",Botol,3,75000,225000
Kalimantan Selatan,Banjarbaru,PUSKESMAS BANJARBARU SELATAN,DINAS KESEHATAN,Umum,Obat-Obatan,20990,106.,2020-01-06,HUMASENS 2.0 PLUS GLUKOSE TEST STRIPE BLUE,kotak,1,275800,275800
Kalimantan Selatan,Banjarbaru,PUSKESMAS BANJARBARU SELATAN,DINAS KESEHATAN,Umum,Obat-Obatan,20992,107.,2020-01-06,HUMASENS 2.0 PLUS MULTI PARAMETER SYSTEM 3 IN 1,Buah,1,805950,805950
Kalimantan Selatan,Banjarbaru,PUSKESMAS BANJARBARU SELATAN,DINAS KESEHATAN,Umum,Obat-Obatan,20989,108.,2020-01-06,HUMASENS 2.0 PLUS TOTAL CHOLESTEROL STRIPS,kotak,10,541900,5419000
Kalimantan Selatan,Banjarbaru,PUSKESMAS BANJARBARU SELATAN,DINAS KESEHATAN,Umum,Obat-Obatan,21133,109.,2020-10-20,Halloperidol 5 mg,kotak,620,143,88660
Kalimantan Selatan,Banjarbaru,PUSKESMAS BANJARBARU SELATAN,DINAS KESEHATAN,Umum,Obat-Obatan,512,110.,2020-08-04,Haloperidol 5 mg,Tablet,62,1916,118792
Kalimantan Selatan,Banjarbaru,PUSKESMAS BANJARBARU SELATAN,DINAS KESEHATAN,Umum,Obat-Obatan,512,111.,2020-10-20,Haloperidol 5 mg,Tablet,1000,1916,1916000
Kalimantan Selatan,Banjarbaru,PUSKESMAS BANJARBARU SELATAN,DINAS KESEHATAN,Umum,Obat-Obatan,20954,112.,2020-08-12,Hb PID,Buah,9,23270,209430
Kalimantan Selatan,Banjarbaru,PUSKESMAS BANJARBARU SELATAN,DINAS KESEHATAN,Umum,Obat-Obatan,18327,113.,2020-01-02,IBUPROFEN TABLET 400MG HARGA 2,Tablet,300,133,39900
Kalimantan Selatan,Banjarbaru,PUSKESMAS BANJARBARU SELATAN,DINAS KESEHATAN,Umum,Obat-Obatan,6255,114.,2020-08-12,Instance Gel 4L,doz,1,144060,144060
Kalimantan Selatan,Banjarbaru,PUSKESMAS BANJARBARU SELATAN,DINAS KESEHATAN,Umum,Obat-Obatan,9449,115.,2020-08-12,Instance Gel 500 ML,Botol,10,38416,384160
Kalimantan Selatan,Banjarbaru,PUSKESMAS BANJARBARU SELATAN,DINAS KESEHATAN,Umum,Obat-Obatan,20028,116.,2020-01-02,KARBAMAZEPIN TAB 200 mg,Tablet,100,306,30600
Kalimantan Selatan,Banjarbaru,PUSKESMAS BANJARBARU SELATAN,DINAS KESEHATAN,Umum,Obat-Obatan,16655,117.,2020-10-20,KARBAMAZEPIN TABLET 200 MG,Tablet,300,250,75000
Kalimantan Selatan,Banjarbaru,PUSKESMAS BANJARBARU SELATAN,DINAS KESEHATAN,Umum,Obat-Obatan,16661,118.,2020-01-02,KLORAMFENIKOL TETES TELINGA 3 %,Botol,5,9130,45650
Kalimantan Selatan,Banjarbaru,PUSKESMAS BANJARBARU SELATAN,DINAS KESEHATAN,Umum,Obat-Obatan,16661,119.,2020-01-02,KLORAMFENIKOL TETES TELINGA 3 %,Botol,45,9130,410850
Kalimantan Selatan,Banjarbaru,PUSKESMAS BANJARBARU SELATAN,DINAS KESEHATAN,Umum,Obat-Obatan,18333,120.,2020-01-02,KLORAMPENICOL SUSPENSI HARGA 1,Botol,50,4000,200000
Kalimantan Selatan,Banjarbaru,PUSKESMAS BANJARBARU SELATAN,DINAS KESEHATAN,Umum,Obat-Obatan,649,121.,2020-10-20,Kalsium Laktat 500 mg,Tablet,3000,63,189000
Kalimantan Selatan,Banjarbaru,PUSKESMAS BANJARBARU SELATAN,DINAS KESEHATAN,Umum,Obat-Obatan,16814,122.,2020-01-02,Kertas puyer,box,1,5170000,5170000
Kalimantan Selatan,Banjarbaru,PUSKESMAS BANJARBARU SELATAN,DINAS KESEHATAN,Umum,Obat-Obatan,618,123.,2020-08-04,Klorpromazin 100 mg,Tablet,682,170,115940
Kalimantan Selatan,Banjarbaru,PUSKESMAS BANJARBARU SELATAN,DINAS KESEHATAN,Umum,Obat-Obatan,16673,124.,2020-01-06,LOPERAMIDE 2 MG,Tablet,200,198,39600
Kalimantan Selatan,Banjarbaru,PUSKESMAS BANJARBARU SELATAN,DINAS KESEHATAN,Umum,Obat-Obatan,19307,125.,2020-10-20,Loratadine 10 Mg,Tablet,1000,136,136000
Kalimantan Selatan,Banjarbaru,PUSKESMAS BANJARBARU SELATAN,DINAS KESEHATAN,Umum,Obat-Obatan,18529,126.,2020-04-14,MASKER,lembar,3,16500,49500
Kalimantan Selatan,Banjarbaru,PUSKESMAS BANJARBARU SELATAN,DINAS KESEHATAN,Umum,Obat-Obatan,18529,127.,2020-09-09,MASKER,lembar,7,16500,115500
Kalimantan Selatan,Banjarbaru,PUSKESMAS BANJARBARU SELATAN,DINAS KESEHATAN,Umum,Obat-Obatan,18529,128.,2020-12-15,MASKER,lembar,10,16500,165000
Kalimantan Selatan,Banjarbaru,PUSKESMAS BANJARBARU SELATAN,DINAS KESEHATAN,Umum,Obat-Obatan,516,129.,2020-12-15,MB Dewasa,Blister,3,41240,123720
Kalimantan Selatan,Banjarbaru,PUSKESMAS BANJARBARU SELATAN,DINAS KESEHATAN,Umum,Obat-Obatan,21399,130.,2020-11-13,Masker N95 3M,Buah,2,3978600,7957200
Kalimantan Selatan,Banjarbaru,PUSKESMAS BANJARBARU SELATAN,DINAS KESEHATAN,Umum,Obat-Obatan,21399,131.,2020-12-14,Masker N95 3M,Buah,2,3978600,7957200
Kalimantan Selatan,Banjarbaru,PUSKESMAS BANJARBARU SELATAN,DINAS KESEHATAN,Umum,Obat-Obatan,21399,132.,2020-12-14,Masker N95 3M,Buah,3,3978600,11935800
Kalimantan Selatan,Banjarbaru,PUSKESMAS BANJARBARU SELATAN,DINAS KESEHATAN,Umum,Obat-Obatan,662,133.,2020-10-20,Metilprednisolon 4 mg,Tablet,4000,148,592000
Kalimantan Selatan,Banjarbaru,PUSKESMAS BANJARBARU SELATAN,DINAS KESEHATAN,Umum,Obat-Obatan,19912,134.,2020-10-20,Natrium Diklopenak Tablet 25 mg Harga 2,Tablet,500,152,76000
Kalimantan Selatan,Banjarbaru,PUSKESMAS BANJARBARU SELATAN,DINAS KESEHATAN,Umum,Obat-Obatan,20624,135.,2020-11-13,Nurse Cup,Buah,3,222000,666000
Kalimantan Selatan,Banjarbaru,PUSKESMAS BANJARBARU SELATAN,DINAS KESEHATAN,Umum,Obat-Obatan,21668,136.,2020-12-15,OBAT PRIMAQUIN,keping,20,25300,506000
Kalimantan Selatan,Banjarbaru,PUSKESMAS BANJARBARU SELATAN,DINAS KESEHATAN,Umum,Obat-Obatan,20999,137.,2020-01-06,OCCLUDER,Buah,1,290000,290000
Kalimantan Selatan,Banjarbaru,PUSKESMAS BANJARBARU SELATAN,DINAS KESEHATAN,Umum,Obat-Obatan,22992,138.,2020-08-04,OSELTAMIVIR TAB,Tablet,160,9900,1584000
Kalimantan Selatan,Banjarbaru,PUSKESMAS BANJARBARU SELATAN,DINAS KESEHATAN,Umum,Obat-Obatan,20176,139.,2020-01-02,PAPAVERINE TAB,Tablet,500,253,126500
Kalimantan Selatan,Banjarbaru,PUSKESMAS BANJARBARU SELATAN,DINAS KESEHATAN,Umum,Obat-Obatan,20998,140.,2020-01-06,PENLIGHT + BATERAI,Buah,1,88000,88000
Kalimantan Selatan,Banjarbaru,PUSKESMAS BANJARBARU SELATAN,DINAS KESEHATAN,Umum,Obat-Obatan,21294,141.,2020-01-02,PIRIDOKSIN HCL TAB 10 mg,Tablet,2500,33,82500
Kalimantan Selatan,Banjarbaru,PUSKESMAS BANJARBARU SELATAN,DINAS KESEHATAN,Umum,Obat-Obatan,21294,142.,2020-10-20,PIRIDOKSIN HCL TAB 10 mg,Tablet,1000,141,141000
Kalimantan Selatan,Banjarbaru,PUSKESMAS BANJARBARU SELATAN,DINAS KESEHATAN,Umum,Obat-Obatan,18381,143.,2020-01-02,PIRIDOKSIN HCL TABLET 10 MG,Tablet,1500,141,211500
Kalimantan Selatan,Banjarbaru,PUSKESMAS BANJARBARU SELATAN,DINAS KESEHATAN,Umum,Obat-Obatan,18846,144.,2020-10-20,PREDNISON 5 MG,Tablet,2500,79,197500
Kalimantan Selatan,Banjarbaru,PUSKESMAS BANJARBARU SELATAN,DINAS KESEHATAN,Umum,Obat-Obatan,908,145.,2020-01-02,Papaverin  40 mg,Tablet,1000,125,125000
Kalimantan Selatan,Banjarbaru,PUSKESMAS BANJARBARU SELATAN,DINAS KESEHATAN,Umum,Obat-Obatan,22851,146.,2020-08-12,Parafilm 4''x125 Ft,Buah,1,890000,890000
Kalimantan Selatan,Banjarbaru,PUSKESMAS BANJARBARU SELATAN,DINAS KESEHATAN,Umum,Obat-Obatan,931,147.,2020-10-20,Parasetamol 500 mg,Tablet,12300,60,738000
Kalimantan Selatan,Banjarbaru,PUSKESMAS BANJARBARU SELATAN,DINAS KESEHATAN,Umum,Obat-Obatan,842,148.,2020-10-20,Piridoksin Inj 100 mg / ml,Ampul,1000,150,150000
Kalimantan Selatan,Banjarbaru,PUSKESMAS BANJARBARU SELATAN,DINAS KESEHATAN,Umum,Obat-Obatan,1000,149.,2020-10-20,RANITIDIN 150 MG TABLET HJ,Tablet,36,12001,432036
Kalimantan Selatan,Banjarbaru,PUSKESMAS BANJARBARU SELATAN,DINAS KESEHATAN,Umum,Obat-Obatan,18982,150.,2020-12-15,RDT HBSAG,kotak,4,205825,823300
Kalimantan Selatan,Banjarbaru,PUSKESMAS BANJARBARU SELATAN,DINAS KESEHATAN,Umum,Obat-Obatan,7092,151.,2020-08-12,Rapid HBsAG Test Card Serum Plasma,Tes,100,9800,980000
Kalimantan Selatan,Banjarbaru,PUSKESMAS BANJARBARU SELATAN,DINAS KESEHATAN,Umum,Obat-Obatan,7092,152.,2020-12-15,Rapid HBsAG Test Card Serum Plasma,Tes,100,9800,980000
Kalimantan Selatan,Banjarbaru,PUSKESMAS BANJARBARU SELATAN,DINAS KESEHATAN,Umum,Obat-Obatan,10875,153.,2020-10-19,Rapid Tes Covid-19 igG/igM Helgen,Tes,45,310000,13950000
Kalimantan Selatan,Banjarbaru,PUSKESMAS BANJARBARU SELATAN,DINAS KESEHATAN,Umum,Obat-Obatan,10875,154.,2020-10-19,Rapid Tes Covid-19 igG/igM Helgen,Tes,30,310000,9300000
Kalimantan Selatan,Banjarbaru,PUSKESMAS BANJARBARU SELATAN,DINAS KESEHATAN,Umum,Obat-Obatan,16698,155.,2020-01-02,Ringerlaktat Larutan Infus Steril Harga 1,Botol,15,7150,107250
Kalimantan Selatan,Banjarbaru,PUSKESMAS BANJARBARU SELATAN,DINAS KESEHATAN,Umum,Obat-Obatan,18844,156.,2020-01-02,SALBUTAMOL TABLET 2 MG,Tablet,200,64,12800
Kalimantan Selatan,Banjarbaru,PUSKESMAS BANJARBARU SELATAN,DINAS KESEHATAN,Umum,Obat-Obatan,18844,157.,2020-01-06,SALBUTAMOL TABLET 2 MG,Tablet,400,64,25600
Kalimantan Selatan,Banjarbaru,PUSKESMAS BANJARBARU SELATAN,DINAS KESEHATAN,Umum,Obat-Obatan,18845,158.,2020-01-02,SALBUTAMOL TABLET 4 MG,Tablet,400,77,30800
Kalimantan Selatan,Banjarbaru,PUSKESMAS BANJARBARU SELATAN,DINAS KESEHATAN,Umum,Obat-Obatan,18845,159.,2020-01-06,SALBUTAMOL TABLET 4 MG,Tablet,200,77,15400
Kalimantan Selatan,Banjarbaru,PUSKESMAS BANJARBARU SELATAN,DINAS KESEHATAN,Umum,Obat-Obatan,18827,160.,2020-08-04,SCABIMITE KRIM 5 %,Tube,60,11825,709500
Kalimantan Selatan,Banjarbaru,PUSKESMAS BANJARBARU SELATAN,DINAS KESEHATAN,Umum,Obat-Obatan,21002,161.,2020-01-06,SRQ (SELF RESPORTING QUISIONER),Buah,1,290000,290000
Kalimantan Selatan,Banjarbaru,PUSKESMAS BANJARBARU SELATAN,DINAS KESEHATAN,Umum,Obat-Obatan,16787,162.,2020-01-06,Safety Bok,pcs,1,32000,32000
Kalimantan Selatan,Banjarbaru,PUSKESMAS BANJARBARU SELATAN,DINAS KESEHATAN,Umum,Obat-Obatan,17111,163.,2020-10-13,Safety Bok harga 2,Buah,25,16501,412525
Kalimantan Selatan,Banjarbaru,PUSKESMAS BANJARBARU SELATAN,DINAS KESEHATAN,Umum,Obat-Obatan,16702,164.,2020-10-20,Salisil Bedak 2 %,Sachset,60,4499,269940
Kalimantan Selatan,Banjarbaru,PUSKESMAS BANJARBARU SELATAN,DINAS KESEHATAN,Umum,Obat-Obatan,9337,165.,2020-12-22,Sikat gigi,Buah,499,12000,5988000
Kalimantan Selatan,Banjarbaru,PUSKESMAS BANJARBARU SELATAN,DINAS KESEHATAN,Umum,Obat-Obatan,16705,166.,2020-01-02,Simvastatin 10 mg harga 1,Tablet,1350,135,182250
Kalimantan Selatan,Banjarbaru,PUSKESMAS BANJARBARU SELATAN,DINAS KESEHATAN,Umum,Obat-Obatan,20997,167.,2020-01-06,TALI PENGUKUR,Buah,1,28000,28000
Kalimantan Selatan,Banjarbaru,PUSKESMAS BANJARBARU SELATAN,DINAS KESEHATAN,Umum,Obat-Obatan,21000,168.,2020-01-06,TAS KEMASAN,Buah,1,59000,59000
Kalimantan Selatan,Banjarbaru,PUSKESMAS BANJARBARU SELATAN,DINAS KESEHATAN,Umum,Obat-Obatan,21001,169.,2020-01-06,TAS POSBINDU PTM,Buah,1,159000,159000
Kalimantan Selatan,Banjarbaru,PUSKESMAS BANJARBARU SELATAN,DINAS KESEHATAN,Umum,Obat-Obatan,15627,170.,2020-12-22,TES KEHAMILAN STRIP ONE MED,box,2,140000,280000
Kalimantan Selatan,Banjarbaru,PUSKESMAS BANJARBARU SELATAN,DINAS KESEHATAN,Umum,Obat-Obatan,19007,171.,2020-01-06,TRIHEKSIFENIDIL HIDROKLORIDA 2 mg,Tablet,328,350,114800
Kalimantan Selatan,Banjarbaru,PUSKESMAS BANJARBARU SELATAN,DINAS KESEHATAN,Umum,Obat-Obatan,19644,172.,2020-11-13,Tabung EDTA K3 2Ml,box,2,284000,568000
Kalimantan Selatan,Banjarbaru,PUSKESMAS BANJARBARU SELATAN,DINAS KESEHATAN,Umum,Obat-Obatan,17113,173.,2020-10-19,Tabung Vacutainer,Buah,2,284000,568000
Kalimantan Selatan,Banjarbaru,PUSKESMAS BANJARBARU SELATAN,DINAS KESEHATAN,Umum,Obat-Obatan,17237,174.,2020-10-20,Tiamin HCL Mononitrat (Vit.B1) Tablet Harga 2,Tablet,600,88,52800
Kalimantan Selatan,Banjarbaru,PUSKESMAS BANJARBARU SELATAN,DINAS KESEHATAN,Umum,Obat-Obatan,16715,175.,2020-10-20,Triheksifenidil Hidroklorida Tablet 2 mg,Tablet,765,101,77265
Kalimantan Selatan,Banjarbaru,PUSKESMAS BANJARBARU SELATAN,DINAS KESEHATAN,Umum,Obat-Obatan,19890,176.,2020-12-22,Urine test strips,Tube,3,302500,907500
Kalimantan Selatan,Banjarbaru,PUSKESMAS BANJARBARU SELATAN,DINAS KESEHATAN,Umum,Obat-Obatan,18126,177.,2020-10-19,VACULAB PLAIN 3ML OM,box,1,284000,284000
Kalimantan Selatan,Banjarbaru,PUSKESMAS BANJARBARU SELATAN,DINAS KESEHATAN,Umum,Obat-Obatan,17102,178.,2020-10-13,Vaksin BCG,Vial,2,66154,132308
Kalimantan Selatan,Banjarbaru,PUSKESMAS BANJARBARU SELATAN,DINAS KESEHATAN,Umum,Obat-Obatan,17107,179.,2020-10-13,Vaksin IPV,Vial,6,144540,867240
Kalimantan Selatan,Banjarbaru,PUSKESMAS BANJARBARU SELATAN,DINAS KESEHATAN,Umum,Obat-Obatan,17106,180.,2020-10-13,Vaksin MR,Vial,15,166265,2493975
Kalimantan Selatan,Banjarbaru,PUSKESMAS BANJARBARU SELATAN,DINAS KESEHATAN,Umum,Obat-Obatan,17105,181.,2020-10-13,Vaksin TD,Vial,70,18128,1268960
Kalimantan Selatan,Banjarbaru,PUSKESMAS BANJARBARU SELATAN,DINAS KESEHATAN,Umum,Obat-Obatan,16718,182.,2020-10-20,Vitamin B Kompleks Tablet,Tablet,8000,135,1080000
Kalimantan Selatan,Banjarbaru,PUSKESMAS BANJARBARU SELATAN,DINAS KESEHATAN,Umum,Obat-Obatan,19311,183.,2020-10-20,Vitamin B12 tablet,Tablet,3700,52,192400
Kalimantan Selatan,Banjarbaru,PUSKESMAS BANJARBARU SELATAN,DINAS KESEHATAN,Umum,Obat-Obatan,18393,184.,2020-08-04,ZINCI TABLET 20 MG,Tablet,500,604,302000
Kalimantan Selatan,Banjarbaru,PUSKESMAS BANJARBARU SELATAN,DINAS KESEHATAN,Umum,Obat-Obatan,18393,185.,2020-10-20,ZINCI TABLET 20 MG,Tablet,500,604,302000
Kalimantan Selatan,Banjarbaru,PUSKESMAS BANJARBARU SELATAN,DINAS KESEHATAN,Umum,Obat-Obatan,22285,186.,2020-10-20,braided Silk,box,36,20685,744660
Kalimantan Selatan,Banjarbaru,PUSKESMAS BANJARBARU SELATAN,DINAS KESEHATAN,Umum,Obat-Obatan,16853,187.,2020-12-22,cholesterol total,kit,4,225500,902000
Kalimantan Selatan,Banjarbaru,PUSKESMAS BANJARBARU SELATAN,DINAS KESEHATAN,Umum,Obat-Obatan,16853,188.,2020-12-22,cholesterol total,kit,6,225500,1353000
Kalimantan Selatan,Banjarbaru,PUSKESMAS BANJARBARU SELATAN,DINAS KESEHATAN,Umum,Obat-Obatan,15993,189.,2020-11-13,handscoon,box,9,153000,1377000
Kalimantan Selatan,Banjarbaru,PUSKESMAS BANJARBARU SELATAN,DINAS KESEHATAN,Umum,Obat-Obatan,15993,190.,2020-11-13,handscoon,box,10,153000,1530000
Kalimantan Selatan,Banjarbaru,PUSKESMAS BANJARBARU SELATAN,DINAS KESEHATAN,Umum,Obat-Obatan,15993,191.,2020-11-13,handscoon,box,10,153000,1530000
Kalimantan Selatan,Banjarbaru,PUSKESMAS BANJARBARU SELATAN,DINAS KESEHATAN,Umum,Obat-Obatan,18973,192.,2020-06-01,hyosciamine n butil bromida,Tablet,500,1870,935000
Kalimantan Selatan,Banjarbaru,PUSKESMAS BANJARBARU SELATAN,DINAS KESEHATAN,Umum,Obat-Obatan,15992,193.,2020-10-19,masker N95,box,2,3978600,7957200
Kalimantan Selatan,Banjarbaru,PUSKESMAS BANJARBARU SELATAN,DINAS KESEHATAN,Umum,Obat-Obatan,20034,194.,2020-01-06,paracetamol tab 500 mg,Tablet,1000,49,49000
Kalimantan Selatan,Banjarbaru,PUSKESMAS BANJARBARU SELATAN,DINAS KESEHATAN,Umum,Obat-Obatan,13127,195.,2020-10-13,polio trivalent 10 Dose,Buah,20,18140,362800
Kalimantan Selatan,Banjarbaru,PUSKESMAS BANJARBARU SELATAN,DINAS KESEHATAN,Umum,Obat-Obatan,19992,196.,2020-04-14,pot sputum,Buah,100,5890,589000
Kalimantan Selatan,Banjarbaru,PUSKESMAS BANJARBARU SELATAN,DINAS KESEHATAN,Umum,Obat-Obatan,19992,197.,2020-12-15,pot sputum,Buah,100,5890,589000
Kalimantan Selatan,Banjarbaru,PUSKESMAS BANJARBARU SELATAN,DINAS KESEHATAN,Umum,Cetak,21615,199.,2020-11-17,CETAK LEAFLET DBD,Explr,100,4500,450000
Kalimantan Selatan,Banjarbaru,PUSKESMAS BANJARBARU SELATAN,DINAS KESEHATAN,Umum,Cetak,20845,200.,2020-11-17,CETAK LEMBAR BALIK HIV,lembar,2,150000,300000
Kalimantan Selatan,Banjarbaru,PUSKESMAS BANJARBARU SELATAN,DINAS KESEHATAN,Umum,Cetak,21604,201.,2020-11-17,CETAK POSTER PROGRAM HIV,Buah,8,28000,224000
Kalimantan Selatan,Banjarbaru,PUSKESMAS BANJARBARU SELATAN,DINAS KESEHATAN,Umum,Cetak,1511,203.,2020-11-17,"Cetak Buku Form, Autopsi Maternal dan Perinatal",Buah,5,200000,1000000
Kalimantan Selatan,Banjarbaru,PUSKESMAS BANJARBARU SELATAN,DINAS KESEHATAN,Umum,Cetak,5043,204.,2020-11-17,Cetak Buku Kesehatan Lansia,Buah,25,50000,1250000
Kalimantan Selatan,Banjarbaru,PUSKESMAS BANJARBARU SELATAN,DINAS KESEHATAN,Umum,Cetak,10818,205.,2020-11-17,Cetak Buku Program Kesehatan Jiwa,Explr,1,250000,250000
Kalimantan Selatan,Banjarbaru,PUSKESMAS BANJARBARU SELATAN,DINAS KESEHATAN,Umum,Cetak,2962,206.,2020-12-22,Cetak Leaflet/Brosur Pelayanan,lembar,954,15000,14310000
Kalimantan Selatan,Banjarbaru,PUSKESMAS BANJARBARU SELATAN,DINAS KESEHATAN,Umum,Cetak,11430,207.,2020-11-17,"Cetak Register Kohort Ibu, Bayi, Balita, Apras dan KB",Buah,31,35000,1085000
Kalimantan Selatan,Banjarbaru,PUSKESMAS BANJARBARU SELATAN,DINAS KESEHATAN,Umum,Cetak,11902,208.,2020-11-17,Cetak Stiker Girij,lembar,350,2450,857500
Kalimantan Selatan,Banjarbaru,PUSKESMAS BANJARBARU SELATAN,DINAS KESEHATAN,Umum,Cetak,20123,209.,2020-11-17,LEAFLET KECACINGAN,lembar,100,4500,450000
