SATKER,PUSKESMAS SUNGAI BESARANY,,,,,,,,,,,,
Nama Barang,ANY,,,,,,,,,,,,
,,,,,,,,,,,,,
Provinsi,Kota,SATKER,SKPD,Gudang,Jenis Barang,Kode Barang,No,Tanggal Beli,Nama Barang,Satuan,Jumlah,Harga,Total Harga
Kalimantan Selatan,Banjarbaru,PUSKESMAS SUNGAI BESAR,DINAS KESEHATAN,BLUD,Alat Tulis Kantor,3331,1.,2020-12-17,Bolpoint hitam tinta tebal,lusin,2,19500,39000
Kalimantan Selatan,Banjarbaru,PUSKESMAS SUNGAI BESAR,DINAS KESEHATAN,BLUD,Alat Tulis Kantor,6069,2.,2020-11-10,Buku Besar Folio isi 100,Buah,1,16000,16000
Kalimantan Selatan,Banjarbaru,PUSKESMAS SUNGAI BESAR,DINAS KESEHATAN,BLUD,Alat Tulis Kantor,6070,3.,2020-11-10,Buku Besar Folio isi 200,Buah,1,13500,13500
Kalimantan Selatan,Banjarbaru,PUSKESMAS SUNGAI BESAR,DINAS KESEHATAN,BLUD,Alat Tulis Kantor,60,4.,2020-12-17,Cutter,Buah,2,13500,27000
Kalimantan Selatan,Banjarbaru,PUSKESMAS SUNGAI BESAR,DINAS KESEHATAN,BLUD,Alat Tulis Kantor,21690,5.,2020-12-17,Kertas HVS F4,box,1,174000,174000
Kalimantan Selatan,Banjarbaru,PUSKESMAS SUNGAI BESAR,DINAS KESEHATAN,BLUD,Alat Tulis Kantor,11743,6.,2020-12-17,Stopmap (Pak),Pak,1,19500,19500
Kalimantan Selatan,Banjarbaru,PUSKESMAS SUNGAI BESAR,DINAS KESEHATAN,BLUD,Alat Tulis Kantor,5313,7.,2020-12-17,Tipe Ex,Buah,2,5000,10000
Kalimantan Selatan,Banjarbaru,PUSKESMAS SUNGAI BESAR,DINAS KESEHATAN,BLUD,Peralatan Kebersihan dan Bahan Pembersih,21458,11.,2020-12-26,Kantong plastik sampah 60 x 100 cm,Pak,3,40000,120000
Kalimantan Selatan,Banjarbaru,PUSKESMAS SUNGAI BESAR,DINAS KESEHATAN,BLUD,Peralatan dan Perlengkapan Komputer,21759,13.,2020-12-21,Refil Tinta Epson 664,Buah,1,82500,82500
Kalimantan Selatan,Banjarbaru,PUSKESMAS SUNGAI BESAR,DINAS KESEHATAN,BLUD,Peralatan dan Perlengkapan Komputer,1561,14.,2020-12-17,Tinta Hitam Epson 003,Buah,2,50000,100000
Kalimantan Selatan,Banjarbaru,PUSKESMAS SUNGAI BESAR,DINAS KESEHATAN,BLUD,Obat-Obatan,17986,301.,2020-11-26,PLESTERIN BULAT PE - OM,box,3,45000,135000
Kalimantan Selatan,Banjarbaru,PUSKESMAS SUNGAI BESAR,DINAS KESEHATAN,Umum,Peralatan Kebersihan dan Bahan Pembersih,14001,8.,2020-12-22,Cairan Pembersih Lantai,Botol,5,22000,110000
Kalimantan Selatan,Banjarbaru,PUSKESMAS SUNGAI BESAR,DINAS KESEHATAN,Umum,Peralatan Kebersihan dan Bahan Pembersih,3622,9.,2020-05-14,Cairan pemutih,liter,5,15000,75000
Kalimantan Selatan,Banjarbaru,PUSKESMAS SUNGAI BESAR,DINAS KESEHATAN,Umum,Peralatan Kebersihan dan Bahan Pembersih,8620,10.,2020-12-22,HANDSOAP,Buah,5,22000,110000
Kalimantan Selatan,Banjarbaru,PUSKESMAS SUNGAI BESAR,DINAS KESEHATAN,Umum,Peralatan Kebersihan dan Bahan Pembersih,2236,12.,2020-10-22,TISSUE,Buah,7,15000,105000
Kalimantan Selatan,Banjarbaru,PUSKESMAS SUNGAI BESAR,DINAS KESEHATAN,Umum,Obat-Obatan,16062,15.,2020-09-03,"ADS 0,05 ml",Buah,155,1518,235290
Kalimantan Selatan,Banjarbaru,PUSKESMAS SUNGAI BESAR,DINAS KESEHATAN,Umum,Obat-Obatan,17108,16.,2020-01-02,"ADS 0,5 ml",Buah,2611,1240,3237640
Kalimantan Selatan,Banjarbaru,PUSKESMAS SUNGAI BESAR,DINAS KESEHATAN,Umum,Obat-Obatan,17108,17.,2020-09-03,"ADS 0,5 ml",Buah,600,1240,744000
Kalimantan Selatan,Banjarbaru,PUSKESMAS SUNGAI BESAR,DINAS KESEHATAN,Umum,Obat-Obatan,17108,18.,2020-10-12,"ADS 0,5 ml",Buah,1100,1240,1364000
Kalimantan Selatan,Banjarbaru,PUSKESMAS SUNGAI BESAR,DINAS KESEHATAN,Umum,Obat-Obatan,17109,19.,2020-09-03,ADS 5 ml,Buah,260,1583,411580
Kalimantan Selatan,Banjarbaru,PUSKESMAS SUNGAI BESAR,DINAS KESEHATAN,Umum,Obat-Obatan,20994,20.,2020-03-04,ALAT UKUR LINGKAR PERUT,Buah,1,163000,163000
Kalimantan Selatan,Banjarbaru,PUSKESMAS SUNGAI BESAR,DINAS KESEHATAN,Umum,Obat-Obatan,20993,21.,2020-03-04,ALAT UKUR TINGGI BADAN,Buah,1,53000,53000
Kalimantan Selatan,Banjarbaru,PUSKESMAS SUNGAI BESAR,DINAS KESEHATAN,Umum,Obat-Obatan,20683,22.,2020-11-09,ALBENDAZOLE,kotak,29,46300,1342700
Kalimantan Selatan,Banjarbaru,PUSKESMAS SUNGAI BESAR,DINAS KESEHATAN,Umum,Obat-Obatan,21003,23.,2020-03-04,ALKOHOL SWEB@100 (4BOK/PAKET),Buah,1,49000,49000
Kalimantan Selatan,Banjarbaru,PUSKESMAS SUNGAI BESAR,DINAS KESEHATAN,Umum,Obat-Obatan,16503,24.,2020-01-02,ALLOPURINOL 300 MG,Tablet,120,244,29280
Kalimantan Selatan,Banjarbaru,PUSKESMAS SUNGAI BESAR,DINAS KESEHATAN,Umum,Obat-Obatan,16511,25.,2020-01-02,ALLOPURINOLL TABLET 100 MG,Tablet,20,99,1980
Kalimantan Selatan,Banjarbaru,PUSKESMAS SUNGAI BESAR,DINAS KESEHATAN,Umum,Obat-Obatan,18543,26.,2020-01-02,ALPARA,Tablet,71,684,48564
Kalimantan Selatan,Banjarbaru,PUSKESMAS SUNGAI BESAR,DINAS KESEHATAN,Umum,Obat-Obatan,2540,27.,2020-03-02,"ALPRAZOLAM 0,5 MG TABLET KF",Tablet,7,9400,65800
Kalimantan Selatan,Banjarbaru,PUSKESMAS SUNGAI BESAR,DINAS KESEHATAN,Umum,Obat-Obatan,16505,28.,2020-07-06,"ALPRAZOLAM 0,5 MG TABLET MERCI",Tablet,500,94,47000
Kalimantan Selatan,Banjarbaru,PUSKESMAS SUNGAI BESAR,DINAS KESEHATAN,Umum,Obat-Obatan,16506,29.,2020-01-02,ALPRAZOLAM 1 MG TABLET KF,Tablet,182,184,33488
Kalimantan Selatan,Banjarbaru,PUSKESMAS SUNGAI BESAR,DINAS KESEHATAN,Umum,Obat-Obatan,16509,30.,2020-01-02,AMBROXOL SYRUP,Botol,140,3190,446600
Kalimantan Selatan,Banjarbaru,PUSKESMAS SUNGAI BESAR,DINAS KESEHATAN,Umum,Obat-Obatan,16509,31.,2020-02-04,AMBROXOL SYRUP,Botol,120,3190,382800
Kalimantan Selatan,Banjarbaru,PUSKESMAS SUNGAI BESAR,DINAS KESEHATAN,Umum,Obat-Obatan,16509,32.,2020-12-02,AMBROXOL SYRUP,Botol,22,3190,70180
Kalimantan Selatan,Banjarbaru,PUSKESMAS SUNGAI BESAR,DINAS KESEHATAN,Umum,Obat-Obatan,16516,33.,2020-01-02,AMINOFILIN INJEKSI 24 MG/ML - 10ML,Ampul,30,3349,100470
Kalimantan Selatan,Banjarbaru,PUSKESMAS SUNGAI BESAR,DINAS KESEHATAN,Umum,Obat-Obatan,10709,34.,2020-10-05,AMITRIPTILIN TAB 25 MG,Tablet,600,304,182400
Kalimantan Selatan,Banjarbaru,PUSKESMAS SUNGAI BESAR,DINAS KESEHATAN,Umum,Obat-Obatan,16518,35.,2020-02-04,AMLODIPINE 10 MG TABLET KF,Tablet,510,95,48450
Kalimantan Selatan,Banjarbaru,PUSKESMAS SUNGAI BESAR,DINAS KESEHATAN,Umum,Obat-Obatan,16518,36.,2020-04-02,AMLODIPINE 10 MG TABLET KF,Tablet,210,95,19950
Kalimantan Selatan,Banjarbaru,PUSKESMAS SUNGAI BESAR,DINAS KESEHATAN,Umum,Obat-Obatan,21703,37.,2020-07-06,AMLODIPINE 10 MG TABLET TEMPO,Tablet,50,94,4700
Kalimantan Selatan,Banjarbaru,PUSKESMAS SUNGAI BESAR,DINAS KESEHATAN,Umum,Obat-Obatan,21703,38.,2020-12-02,AMLODIPINE 10 MG TABLET TEMPO,Tablet,74,94,6956
Kalimantan Selatan,Banjarbaru,PUSKESMAS SUNGAI BESAR,DINAS KESEHATAN,Umum,Obat-Obatan,18749,39.,2020-10-05,AMLODIPINE 5 MG TABLET KF,Tablet,1800,81,145800
Kalimantan Selatan,Banjarbaru,PUSKESMAS SUNGAI BESAR,DINAS KESEHATAN,Umum,Obat-Obatan,18749,40.,2020-12-02,AMLODIPINE 5 MG TABLET KF,Tablet,284,81,23004
Kalimantan Selatan,Banjarbaru,PUSKESMAS SUNGAI BESAR,DINAS KESEHATAN,Umum,Obat-Obatan,18376,41.,2020-01-19,AMOKSISILLIN KAPLET 250 MG,Tablet,100,209,20900
Kalimantan Selatan,Banjarbaru,PUSKESMAS SUNGAI BESAR,DINAS KESEHATAN,Umum,Obat-Obatan,18376,42.,2020-02-04,AMOKSISILLIN KAPLET 250 MG,Tablet,500,209,104500
Kalimantan Selatan,Banjarbaru,PUSKESMAS SUNGAI BESAR,DINAS KESEHATAN,Umum,Obat-Obatan,18376,43.,2020-12-02,AMOKSISILLIN KAPLET 250 MG,Tablet,160,209,33440
Kalimantan Selatan,Banjarbaru,PUSKESMAS SUNGAI BESAR,DINAS KESEHATAN,Umum,Obat-Obatan,18305,44.,2020-04-02,"ANTASIDA DOEN TABLET , KOMBINASI HARGA 2",Tablet,26,56,1456
Kalimantan Selatan,Banjarbaru,PUSKESMAS SUNGAI BESAR,DINAS KESEHATAN,Umum,Obat-Obatan,18305,45.,2020-12-02,"ANTASIDA DOEN TABLET , KOMBINASI HARGA 2",Tablet,460,56,25760
Kalimantan Selatan,Banjarbaru,PUSKESMAS SUNGAI BESAR,DINAS KESEHATAN,Umum,Obat-Obatan,16585,46.,2020-10-05,"ANTASIDA DOEN TABLET, KOMBINASI",Tablet,1900,60,114000
Kalimantan Selatan,Banjarbaru,PUSKESMAS SUNGAI BESAR,DINAS KESEHATAN,Umum,Obat-Obatan,16586,47.,2020-04-02,ANTASIDA SUSPENSI,Botol,50,2098,104900
Kalimantan Selatan,Banjarbaru,PUSKESMAS SUNGAI BESAR,DINAS KESEHATAN,Umum,Obat-Obatan,16586,48.,2020-12-02,ANTASIDA SUSPENSI,Botol,38,2098,79724
Kalimantan Selatan,Banjarbaru,PUSKESMAS SUNGAI BESAR,DINAS KESEHATAN,Umum,Obat-Obatan,18306,49.,2020-12-02,ANTIMIGRAIN DOEN KOMBINASI,Tablet,90,251,22590
Kalimantan Selatan,Banjarbaru,PUSKESMAS SUNGAI BESAR,DINAS KESEHATAN,Umum,Obat-Obatan,16593,50.,2020-01-02,ASAM FOLAT,Tablet,1,172,172
Kalimantan Selatan,Banjarbaru,PUSKESMAS SUNGAI BESAR,DINAS KESEHATAN,Umum,Obat-Obatan,16591,51.,2020-01-02,ASAM MEFENAMAT KAPSUL 500 MG,Tablet,25,102,2550
Kalimantan Selatan,Banjarbaru,PUSKESMAS SUNGAI BESAR,DINAS KESEHATAN,Umum,Obat-Obatan,17460,52.,2020-01-02,ASAM TRANEKSAMAT TABLET,Tablet,40,1430,57200
Kalimantan Selatan,Banjarbaru,PUSKESMAS SUNGAI BESAR,DINAS KESEHATAN,Umum,Obat-Obatan,17461,53.,2020-01-02,ASETIL SISTEIN-N / N-ASETIL SISTEIN 200MG,Tablet,210,474,99540
Kalimantan Selatan,Banjarbaru,PUSKESMAS SUNGAI BESAR,DINAS KESEHATAN,Umum,Obat-Obatan,17091,54.,2020-09-05,AUTOCHECK CHOLESTEROL ACID STRIP,Botol,10,402100,4021000
Kalimantan Selatan,Banjarbaru,PUSKESMAS SUNGAI BESAR,DINAS KESEHATAN,Umum,Obat-Obatan,20190,55.,2020-03-04,AUTOCHECK TOTAL CHOLESTEROL TEST STRIP 25 STRIPS / BOX,box,7,423775,2966425
Kalimantan Selatan,Banjarbaru,PUSKESMAS SUNGAI BESAR,DINAS KESEHATAN,Umum,Obat-Obatan,20191,56.,2020-03-04,AUTOCHECK URID ACID TEST STRIP 50 STRIPS,box,6,205562,1233372
Kalimantan Selatan,Banjarbaru,PUSKESMAS SUNGAI BESAR,DINAS KESEHATAN,Umum,Obat-Obatan,8187,57.,2020-03-03,Acyclovir 5% Cream,Tube,18,2970,53460
Kalimantan Selatan,Banjarbaru,PUSKESMAS SUNGAI BESAR,DINAS KESEHATAN,Umum,Obat-Obatan,17204,58.,2020-03-03,Acyclovir Tablet 200 mg Harga 2,Tablet,400,425,170000
Kalimantan Selatan,Banjarbaru,PUSKESMAS SUNGAI BESAR,DINAS KESEHATAN,Umum,Obat-Obatan,17204,59.,2020-12-02,Acyclovir Tablet 200 mg Harga 2,Tablet,70,425,29750
Kalimantan Selatan,Banjarbaru,PUSKESMAS SUNGAI BESAR,DINAS KESEHATAN,Umum,Obat-Obatan,21483,60.,2020-07-06,Alat Suntik Sekali Pakaiii 1 ml,pcs,100,1430,143000
Kalimantan Selatan,Banjarbaru,PUSKESMAS SUNGAI BESAR,DINAS KESEHATAN,Umum,Obat-Obatan,21483,61.,2020-12-02,Alat Suntik Sekali Pakaiii 1 ml,pcs,91,1430,130130
Kalimantan Selatan,Banjarbaru,PUSKESMAS SUNGAI BESAR,DINAS KESEHATAN,Umum,Obat-Obatan,16725,62.,2020-07-06,Alat Suntik sekali Pakai  3 ml Harga 2,pcs,200,818,163600
Kalimantan Selatan,Banjarbaru,PUSKESMAS SUNGAI BESAR,DINAS KESEHATAN,Umum,Obat-Obatan,16725,63.,2020-12-02,Alat Suntik sekali Pakai  3 ml Harga 2,pcs,16,818,13088
Kalimantan Selatan,Banjarbaru,PUSKESMAS SUNGAI BESAR,DINAS KESEHATAN,Umum,Obat-Obatan,16726,64.,2020-02-04,Alat Suntik sekali Pakai 5 ml Harga 1,pcs,100,950,95000
Kalimantan Selatan,Banjarbaru,PUSKESMAS SUNGAI BESAR,DINAS KESEHATAN,Umum,Obat-Obatan,16726,65.,2020-12-02,Alat Suntik sekali Pakai 5 ml Harga 1,pcs,61,950,57950
Kalimantan Selatan,Banjarbaru,PUSKESMAS SUNGAI BESAR,DINAS KESEHATAN,Umum,Obat-Obatan,562,66.,2020-07-06,Albendazol tablet 400 mg,Tablet,100,463,46300
Kalimantan Selatan,Banjarbaru,PUSKESMAS SUNGAI BESAR,DINAS KESEHATAN,Umum,Obat-Obatan,562,67.,2020-10-05,Albendazol tablet 400 mg,Tablet,100,463,46300
Kalimantan Selatan,Banjarbaru,PUSKESMAS SUNGAI BESAR,DINAS KESEHATAN,Umum,Obat-Obatan,4033,68.,2020-01-02,Albothyl drop 10 ml,Botol,8,23100,184800
Kalimantan Selatan,Banjarbaru,PUSKESMAS SUNGAI BESAR,DINAS KESEHATAN,Umum,Obat-Obatan,18535,69.,2020-01-19,Alcohol swab serenity,kotak,5400,110,594000
Kalimantan Selatan,Banjarbaru,PUSKESMAS SUNGAI BESAR,DINAS KESEHATAN,Umum,Obat-Obatan,575,70.,2020-10-05,Allopurinol tab 100 mg,Tablet,700,99,69300
Kalimantan Selatan,Banjarbaru,PUSKESMAS SUNGAI BESAR,DINAS KESEHATAN,Umum,Obat-Obatan,575,71.,2020-12-02,Allopurinol tab 100 mg,Tablet,190,99,18810
Kalimantan Selatan,Banjarbaru,PUSKESMAS SUNGAI BESAR,DINAS KESEHATAN,Umum,Obat-Obatan,590,72.,2020-10-05,Allopurinol tab 300 mg,Tablet,100,341,34100
Kalimantan Selatan,Banjarbaru,PUSKESMAS SUNGAI BESAR,DINAS KESEHATAN,Umum,Obat-Obatan,18497,73.,2020-10-05,Alprazolam 1 mg Harga 2,Tablet,500,128,64000
Kalimantan Selatan,Banjarbaru,PUSKESMAS SUNGAI BESAR,DINAS KESEHATAN,Umum,Obat-Obatan,18497,74.,2020-12-02,Alprazolam 1 mg Harga 2,Tablet,145,128,18560
Kalimantan Selatan,Banjarbaru,PUSKESMAS SUNGAI BESAR,DINAS KESEHATAN,Umum,Obat-Obatan,18498,75.,2020-12-02,Ambroxol 30 MG,Tablet,1200,135,162000
Kalimantan Selatan,Banjarbaru,PUSKESMAS SUNGAI BESAR,DINAS KESEHATAN,Umum,Obat-Obatan,628,76.,2020-04-02,Ambroxol Syrup 15 mg/5 ml,Botol,60,3355,201300
Kalimantan Selatan,Banjarbaru,PUSKESMAS SUNGAI BESAR,DINAS KESEHATAN,Umum,Obat-Obatan,638,77.,2020-04-02,Ambroxol tab 30 mg,Tablet,400,99,39600
Kalimantan Selatan,Banjarbaru,PUSKESMAS SUNGAI BESAR,DINAS KESEHATAN,Umum,Obat-Obatan,20980,78.,2020-09-03,Amitripilin,kotak,2,16800,33600
Kalimantan Selatan,Banjarbaru,PUSKESMAS SUNGAI BESAR,DINAS KESEHATAN,Umum,Obat-Obatan,2505,79.,2020-07-06,Amoksisilin kaplet 500 mg,kaplet,600,265,159000
Kalimantan Selatan,Banjarbaru,PUSKESMAS SUNGAI BESAR,DINAS KESEHATAN,Umum,Obat-Obatan,2505,80.,2020-10-05,Amoksisilin kaplet 500 mg,kaplet,1000,265,265000
Kalimantan Selatan,Banjarbaru,PUSKESMAS SUNGAI BESAR,DINAS KESEHATAN,Umum,Obat-Obatan,2505,81.,2020-12-02,Amoksisilin kaplet 500 mg,kaplet,94,265,24910
Kalimantan Selatan,Banjarbaru,PUSKESMAS SUNGAI BESAR,DINAS KESEHATAN,Umum,Obat-Obatan,771,82.,2020-01-02,Amoksisilin syrup kering  Forte 250 mg/5 ml,Botol,18,3797,68346
Kalimantan Selatan,Banjarbaru,PUSKESMAS SUNGAI BESAR,DINAS KESEHATAN,Umum,Obat-Obatan,771,83.,2020-12-02,Amoksisilin syrup kering  Forte 250 mg/5 ml,Botol,30,3797,113910
Kalimantan Selatan,Banjarbaru,PUSKESMAS SUNGAI BESAR,DINAS KESEHATAN,Umum,Obat-Obatan,19371,84.,2020-01-02,Aquadest/water one 1 liter,Botol,3,17292,51876
Kalimantan Selatan,Banjarbaru,PUSKESMAS SUNGAI BESAR,DINAS KESEHATAN,Umum,Obat-Obatan,19371,85.,2020-01-03,Aquadest/water one 1 liter,Botol,6,17292,103752
Kalimantan Selatan,Banjarbaru,PUSKESMAS SUNGAI BESAR,DINAS KESEHATAN,Umum,Obat-Obatan,491,86.,2020-04-02,Asam Askorbat (vitamin C) 50 mg,Tablet,1550,120,186000
Kalimantan Selatan,Banjarbaru,PUSKESMAS SUNGAI BESAR,DINAS KESEHATAN,Umum,Obat-Obatan,491,87.,2020-12-02,Asam Askorbat (vitamin C) 50 mg,Tablet,80,120,9600
Kalimantan Selatan,Banjarbaru,PUSKESMAS SUNGAI BESAR,DINAS KESEHATAN,Umum,Obat-Obatan,497,88.,2020-07-06,Asam Folat 1 mg,Tablet,300,136,40800
Kalimantan Selatan,Banjarbaru,PUSKESMAS SUNGAI BESAR,DINAS KESEHATAN,Umum,Obat-Obatan,497,89.,2020-12-02,Asam Folat 1 mg,Tablet,100,136,13600
Kalimantan Selatan,Banjarbaru,PUSKESMAS SUNGAI BESAR,DINAS KESEHATAN,Umum,Obat-Obatan,19197,90.,2020-07-06,Asam Mefenamat Tab 500 mg,Tablet,600,103,61800
Kalimantan Selatan,Banjarbaru,PUSKESMAS SUNGAI BESAR,DINAS KESEHATAN,Umum,Obat-Obatan,19197,91.,2020-10-05,Asam Mefenamat Tab 500 mg,Tablet,1000,103,103000
Kalimantan Selatan,Banjarbaru,PUSKESMAS SUNGAI BESAR,DINAS KESEHATAN,Umum,Obat-Obatan,19197,92.,2020-12-02,Asam Mefenamat Tab 500 mg,Tablet,214,103,22042
Kalimantan Selatan,Banjarbaru,PUSKESMAS SUNGAI BESAR,DINAS KESEHATAN,Umum,Obat-Obatan,21484,93.,2020-07-06,Asam traneksamat tablet harga 2,Tablet,50,3509,175450
Kalimantan Selatan,Banjarbaru,PUSKESMAS SUNGAI BESAR,DINAS KESEHATAN,Umum,Obat-Obatan,21484,94.,2020-12-02,Asam traneksamat tablet harga 2,Tablet,40,3509,140360
Kalimantan Selatan,Banjarbaru,PUSKESMAS SUNGAI BESAR,DINAS KESEHATAN,Umum,Obat-Obatan,18519,95.,2020-01-02,Asetil sistein-n / N-asetil sistein 200mg,Tablet,40,412,16480
Kalimantan Selatan,Banjarbaru,PUSKESMAS SUNGAI BESAR,DINAS KESEHATAN,Umum,Obat-Obatan,20167,96.,2020-02-04,BEDAK SALISIL SERBUK 2 %,Botol,60,4499,269940
Kalimantan Selatan,Banjarbaru,PUSKESMAS SUNGAI BESAR,DINAS KESEHATAN,Umum,Obat-Obatan,18379,97.,2020-01-02,BEROTEC SOL,Botol,5,117500,587500
Kalimantan Selatan,Banjarbaru,PUSKESMAS SUNGAI BESAR,DINAS KESEHATAN,Umum,Obat-Obatan,16596,98.,2020-01-19,BETAHISTIN 6 MG,Tablet,200,119,23800
Kalimantan Selatan,Banjarbaru,PUSKESMAS SUNGAI BESAR,DINAS KESEHATAN,Umum,Obat-Obatan,16596,99.,2020-12-02,BETAHISTIN 6 MG,Tablet,33,119,3927
Kalimantan Selatan,Banjarbaru,PUSKESMAS SUNGAI BESAR,DINAS KESEHATAN,Umum,Obat-Obatan,16597,100.,2020-10-05,"BETAMETASON KRIM 0,1 %",Tube,50,1865,93250
Kalimantan Selatan,Banjarbaru,PUSKESMAS SUNGAI BESAR,DINAS KESEHATAN,Umum,Obat-Obatan,20022,101.,2020-01-02,"BETAMETASON KRIM 0,1 % TUBE",Tube,3,1373,4119
Kalimantan Selatan,Banjarbaru,PUSKESMAS SUNGAI BESAR,DINAS KESEHATAN,Umum,Obat-Obatan,20995,102.,2020-03-04,BODYFAT ANALYZER,Buah,1,1100000,1100000
Kalimantan Selatan,Banjarbaru,PUSKESMAS SUNGAI BESAR,DINAS KESEHATAN,Umum,Obat-Obatan,19976,103.,2020-10-05,Bisakodil supp 5 mg/ Dulcolax supp anak,Suppo,24,6000,144000
Kalimantan Selatan,Banjarbaru,PUSKESMAS SUNGAI BESAR,DINAS KESEHATAN,Umum,Obat-Obatan,18570,104.,2020-01-02,Bisakodil/Dulcolax Supp Anak,Buah,6,4990,29940
Kalimantan Selatan,Banjarbaru,PUSKESMAS SUNGAI BESAR,DINAS KESEHATAN,Umum,Obat-Obatan,16824,105.,2020-01-02,Blood Lancet 28 G,kotak,5,19200,96000
Kalimantan Selatan,Banjarbaru,PUSKESMAS SUNGAI BESAR,DINAS KESEHATAN,Umum,Obat-Obatan,16786,106.,2020-01-02,Bufacetine,Tube,216,3360,725760
Kalimantan Selatan,Banjarbaru,PUSKESMAS SUNGAI BESAR,DINAS KESEHATAN,Umum,Obat-Obatan,16786,107.,2020-12-02,Bufacetine,Tube,48,3360,161280
Kalimantan Selatan,Banjarbaru,PUSKESMAS SUNGAI BESAR,DINAS KESEHATAN,Umum,Obat-Obatan,19986,108.,2020-12-02,CAPTOPRIL 25 MG TAB,Tablet,50,86,4300
Kalimantan Selatan,Banjarbaru,PUSKESMAS SUNGAI BESAR,DINAS KESEHATAN,Umum,Obat-Obatan,20211,109.,2020-12-02,"CAPTOPRIL TABLET 12,5 MG",Tablet,140,69,9660
Kalimantan Selatan,Banjarbaru,PUSKESMAS SUNGAI BESAR,DINAS KESEHATAN,Umum,Obat-Obatan,16598,110.,2020-12-02,CEFADROXIL CAPSUL 500 MG,Tablet,90,492,44280
Kalimantan Selatan,Banjarbaru,PUSKESMAS SUNGAI BESAR,DINAS KESEHATAN,Umum,Obat-Obatan,17462,111.,2020-07-06,CEFADROXIL CAPSUL 500MG,Kapsul,300,680,204000
Kalimantan Selatan,Banjarbaru,PUSKESMAS SUNGAI BESAR,DINAS KESEHATAN,Umum,Obat-Obatan,17462,112.,2020-10-05,CEFADROXIL CAPSUL 500MG,Kapsul,1500,680,1020000
Kalimantan Selatan,Banjarbaru,PUSKESMAS SUNGAI BESAR,DINAS KESEHATAN,Umum,Obat-Obatan,21496,113.,2020-12-02,CEFADROXIL FORTE 250MG/5ML HARGA 3,Botol,28,5826,163128
Kalimantan Selatan,Banjarbaru,PUSKESMAS SUNGAI BESAR,DINAS KESEHATAN,Umum,Obat-Obatan,2565,114.,2020-03-03,CEFIXIME 200MG,Kapsul,30,2430,72900
Kalimantan Selatan,Banjarbaru,PUSKESMAS SUNGAI BESAR,DINAS KESEHATAN,Umum,Obat-Obatan,2565,115.,2020-12-02,CEFIXIME 200MG,Kapsul,57,2430,138510
Kalimantan Selatan,Banjarbaru,PUSKESMAS SUNGAI BESAR,DINAS KESEHATAN,Umum,Obat-Obatan,16001,116.,2020-01-02,CIPROFLOXACIN 500 MG TABLET HJ,Tablet,900,265,238500
Kalimantan Selatan,Banjarbaru,PUSKESMAS SUNGAI BESAR,DINAS KESEHATAN,Umum,Obat-Obatan,16604,117.,2020-10-05,CLOBAZAM 10 MG,Tablet,700,916,641200
Kalimantan Selatan,Banjarbaru,PUSKESMAS SUNGAI BESAR,DINAS KESEHATAN,Umum,Obat-Obatan,16604,118.,2020-12-02,CLOBAZAM 10 MG,Tablet,37,916,33892
Kalimantan Selatan,Banjarbaru,PUSKESMAS SUNGAI BESAR,DINAS KESEHATAN,Umum,Obat-Obatan,17600,119.,2020-10-05,CLOZAPINE 25 MG TABLET MERCI,Tablet,50,4400,220000
Kalimantan Selatan,Banjarbaru,PUSKESMAS SUNGAI BESAR,DINAS KESEHATAN,Umum,Obat-Obatan,17600,120.,2020-12-02,CLOZAPINE 25 MG TABLET MERCI,Tablet,160,4400,704000
Kalimantan Selatan,Banjarbaru,PUSKESMAS SUNGAI BESAR,DINAS KESEHATAN,Umum,Obat-Obatan,18571,121.,2020-01-02,Captopril Tablet 25 mg,Buah,100,86,8600
Kalimantan Selatan,Banjarbaru,PUSKESMAS SUNGAI BESAR,DINAS KESEHATAN,Umum,Obat-Obatan,888,122.,2020-01-02,Catgut / Benang Bedah Plain No. 3/0 (IFRS),pcs,12,7570,90840
Kalimantan Selatan,Banjarbaru,PUSKESMAS SUNGAI BESAR,DINAS KESEHATAN,Umum,Obat-Obatan,19296,123.,2020-12-02,Cefadroxil syrup 125 mg harga 2,Botol,49,4360,213640
Kalimantan Selatan,Banjarbaru,PUSKESMAS SUNGAI BESAR,DINAS KESEHATAN,Umum,Obat-Obatan,495,124.,2020-01-02,Cetirizine syrup 5 mg/5 ml,Botol,50,3061,153050
Kalimantan Selatan,Banjarbaru,PUSKESMAS SUNGAI BESAR,DINAS KESEHATAN,Umum,Obat-Obatan,495,125.,2020-12-02,Cetirizine syrup 5 mg/5 ml,Botol,5,3061,15305
Kalimantan Selatan,Banjarbaru,PUSKESMAS SUNGAI BESAR,DINAS KESEHATAN,Umum,Obat-Obatan,22046,126.,2020-11-09,Clozapine,kotak,4,56050,224200
Kalimantan Selatan,Banjarbaru,PUSKESMAS SUNGAI BESAR,DINAS KESEHATAN,Umum,Obat-Obatan,17632,127.,2020-07-06,DIAZEPAM 2MG TAB,Tablet,100,86,8600
Kalimantan Selatan,Banjarbaru,PUSKESMAS SUNGAI BESAR,DINAS KESEHATAN,Umum,Obat-Obatan,17466,128.,2020-01-02,DIAZEPAM INJ 5MG/ML-2ML,ampul,10,8800,88000
Kalimantan Selatan,Banjarbaru,PUSKESMAS SUNGAI BESAR,DINAS KESEHATAN,Umum,Obat-Obatan,16607,129.,2020-01-02,DIFENHIDRAMIN HCL INJ 10 MG/ML-1 ML,ampul,8,1056,8448
Kalimantan Selatan,Banjarbaru,PUSKESMAS SUNGAI BESAR,DINAS KESEHATAN,Umum,Obat-Obatan,16608,130.,2020-01-02,"DIGOKSIN TABLET 0,25 MG",Tablet,300,103,30900
Kalimantan Selatan,Banjarbaru,PUSKESMAS SUNGAI BESAR,DINAS KESEHATAN,Umum,Obat-Obatan,20837,131.,2020-03-04,DM 500 DIGITAL TENSIMETER WITH INFLATION SYSTEM,Buah,1,1329470,1329470
Kalimantan Selatan,Banjarbaru,PUSKESMAS SUNGAI BESAR,DINAS KESEHATAN,Umum,Obat-Obatan,611,132.,2020-03-03,"Deksametason tablet 0,5 mg",Tablet,20,77,1540
Kalimantan Selatan,Banjarbaru,PUSKESMAS SUNGAI BESAR,DINAS KESEHATAN,Umum,Obat-Obatan,19200,133.,2020-10-05,Dexametahason Injeksi,ampul,10,1210,12100
Kalimantan Selatan,Banjarbaru,PUSKESMAS SUNGAI BESAR,DINAS KESEHATAN,Umum,Obat-Obatan,19370,134.,2020-01-02,Dextrofen Syrup,Botol,2,8046,16092
Kalimantan Selatan,Banjarbaru,PUSKESMAS SUNGAI BESAR,DINAS KESEHATAN,Umum,Obat-Obatan,18983,135.,2020-01-02,Dhp Antimalaria,kotak,10,18000,180000
Kalimantan Selatan,Banjarbaru,PUSKESMAS SUNGAI BESAR,DINAS KESEHATAN,Umum,Obat-Obatan,20687,136.,2020-06-08,Dhp Antimalaria (Kotak),kotak,3,19206,57618
Kalimantan Selatan,Banjarbaru,PUSKESMAS SUNGAI BESAR,DINAS KESEHATAN,Umum,Obat-Obatan,653,137.,2020-03-03,Diazepam inj 5 mg / ml,ampul,10,1913,19130
Kalimantan Selatan,Banjarbaru,PUSKESMAS SUNGAI BESAR,DINAS KESEHATAN,Umum,Obat-Obatan,744,138.,2020-04-06,Difenhidramin inj 10 mg/ml,ampul,4,1347,5388
Kalimantan Selatan,Banjarbaru,PUSKESMAS SUNGAI BESAR,DINAS KESEHATAN,Umum,Obat-Obatan,744,139.,2020-07-06,Difenhidramin inj 10 mg/ml,ampul,20,1347,26940
Kalimantan Selatan,Banjarbaru,PUSKESMAS SUNGAI BESAR,DINAS KESEHATAN,Umum,Obat-Obatan,768,140.,2020-03-03,Dimenhidrinat 50 mg,Tablet,700,121,84700
Kalimantan Selatan,Banjarbaru,PUSKESMAS SUNGAI BESAR,DINAS KESEHATAN,Umum,Obat-Obatan,768,141.,2020-12-02,Dimenhidrinat 50 mg,Tablet,57,121,6897
Kalimantan Selatan,Banjarbaru,PUSKESMAS SUNGAI BESAR,DINAS KESEHATAN,Umum,Obat-Obatan,20996,142.,2020-03-04,E- TUMBLING,Buah,1,165000,165000
Kalimantan Selatan,Banjarbaru,PUSKESMAS SUNGAI BESAR,DINAS KESEHATAN,Umum,Obat-Obatan,17467,143.,2020-01-02,"EPINEFRIN HCL/ADRENALIN INJ 0,1%-1 ML",Ampul,32,1848,59136
Kalimantan Selatan,Banjarbaru,PUSKESMAS SUNGAI BESAR,DINAS KESEHATAN,Umum,Obat-Obatan,16622,144.,2020-03-03,ERYTHROMICIN KAPSUL 250 MG,Tablet,200,636,127200
Kalimantan Selatan,Banjarbaru,PUSKESMAS SUNGAI BESAR,DINAS KESEHATAN,Umum,Obat-Obatan,16622,145.,2020-12-02,ERYTHROMICIN KAPSUL 250 MG,Tablet,170,636,108120
Kalimantan Selatan,Banjarbaru,PUSKESMAS SUNGAI BESAR,DINAS KESEHATAN,Umum,Obat-Obatan,16623,146.,2020-01-02,"ETAKRIDIN (RIVANOL) LARUTAN 0,1 %",Botol,2,3000,6000
Kalimantan Selatan,Banjarbaru,PUSKESMAS SUNGAI BESAR,DINAS KESEHATAN,Umum,Obat-Obatan,853,147.,2020-01-02,Eritromisin 250 mg,Kapsul,10,647,6470
Kalimantan Selatan,Banjarbaru,PUSKESMAS SUNGAI BESAR,DINAS KESEHATAN,Umum,Obat-Obatan,16764,148.,2020-10-05,Etanol 70% 1000 ml Harga 1,Botol,8,30000,240000
Kalimantan Selatan,Banjarbaru,PUSKESMAS SUNGAI BESAR,DINAS KESEHATAN,Umum,Obat-Obatan,2613,149.,2020-07-06,Etil Klorida Spray,Botol,4,181000,724000
Kalimantan Selatan,Banjarbaru,PUSKESMAS SUNGAI BESAR,DINAS KESEHATAN,Umum,Obat-Obatan,17725,150.,2020-01-02,Eugenol Cairan,Botol,12,18333,219996
Kalimantan Selatan,Banjarbaru,PUSKESMAS SUNGAI BESAR,DINAS KESEHATAN,Umum,Obat-Obatan,18978,151.,2020-06-08,FDC 1 / 111,Paket,7,477791,3344537
Kalimantan Selatan,Banjarbaru,PUSKESMAS SUNGAI BESAR,DINAS KESEHATAN,Umum,Obat-Obatan,16626,152.,2020-01-02,FENOBARBITAL INJEKSI 50 MG/ML-2ML,Ampul,30,3754,112620
Kalimantan Selatan,Banjarbaru,PUSKESMAS SUNGAI BESAR,DINAS KESEHATAN,Umum,Obat-Obatan,16625,153.,2020-07-06,FENOBARBITAL TABLET 30 MG,Tablet,300,197,59100
Kalimantan Selatan,Banjarbaru,PUSKESMAS SUNGAI BESAR,DINAS KESEHATAN,Umum,Obat-Obatan,16625,154.,2020-12-02,FENOBARBITAL TABLET 30 MG,Tablet,296,197,58312
Kalimantan Selatan,Banjarbaru,PUSKESMAS SUNGAI BESAR,DINAS KESEHATAN,Umum,Obat-Obatan,16629,155.,2020-01-02,FITOMENADION (VIT.K) TABLET SALUT 10 MG,Tablet,700,796,557200
Kalimantan Selatan,Banjarbaru,PUSKESMAS SUNGAI BESAR,DINAS KESEHATAN,Umum,Obat-Obatan,16630,156.,2020-02-04,FUROSEMID TABLET 40 MG,Tablet,200,79,15800
Kalimantan Selatan,Banjarbaru,PUSKESMAS SUNGAI BESAR,DINAS KESEHATAN,Umum,Obat-Obatan,16630,157.,2020-12-02,FUROSEMID TABLET 40 MG,Tablet,169,79,13351
Kalimantan Selatan,Banjarbaru,PUSKESMAS SUNGAI BESAR,DINAS KESEHATAN,Umum,Obat-Obatan,510,158.,2020-07-06,Fenitoin Na kaps 30 mg,Kapsul,300,808,242400
Kalimantan Selatan,Banjarbaru,PUSKESMAS SUNGAI BESAR,DINAS KESEHATAN,Umum,Obat-Obatan,510,159.,2020-12-02,Fenitoin Na kaps 30 mg,Kapsul,20,808,16160
Kalimantan Selatan,Banjarbaru,PUSKESMAS SUNGAI BESAR,DINAS KESEHATAN,Umum,Obat-Obatan,12147,160.,2020-07-06,Fenolgliserol,Tube,24,2727,65448
Kalimantan Selatan,Banjarbaru,PUSKESMAS SUNGAI BESAR,DINAS KESEHATAN,Umum,Obat-Obatan,12147,161.,2020-12-02,Fenolgliserol,Tube,3,2727,8181
Kalimantan Selatan,Banjarbaru,PUSKESMAS SUNGAI BESAR,DINAS KESEHATAN,Umum,Obat-Obatan,548,162.,2020-01-02,Fenolgliserol TT 10 %,Botol,4,2590,10360
Kalimantan Selatan,Banjarbaru,PUSKESMAS SUNGAI BESAR,DINAS KESEHATAN,Umum,Obat-Obatan,2718,163.,2020-01-02,Fitomenadion (Vitamin K) Injeksi 10 mg/ml,Ampul,13,4236,55068
Kalimantan Selatan,Banjarbaru,PUSKESMAS SUNGAI BESAR,DINAS KESEHATAN,Umum,Obat-Obatan,18520,164.,2020-01-02,Fitomenadion (vit k 1) injeksi 10mg/ml-1ml,Ampul,8,10800,86400
Kalimantan Selatan,Banjarbaru,PUSKESMAS SUNGAI BESAR,DINAS KESEHATAN,Umum,Obat-Obatan,18521,165.,2020-04-06,Fitomenadion (vit k 1) tablet salut 10mg,Tablet,100,873,87300
Kalimantan Selatan,Banjarbaru,PUSKESMAS SUNGAI BESAR,DINAS KESEHATAN,Umum,Obat-Obatan,18521,166.,2020-12-02,Fitomenadion (vit k 1) tablet salut 10mg,Tablet,65,873,56745
Kalimantan Selatan,Banjarbaru,PUSKESMAS SUNGAI BESAR,DINAS KESEHATAN,Umum,Obat-Obatan,19056,167.,2020-01-02,Folley Chateter,Buah,8,10440,83520
Kalimantan Selatan,Banjarbaru,PUSKESMAS SUNGAI BESAR,DINAS KESEHATAN,Umum,Obat-Obatan,19226,168.,2020-01-02,GARAM ORALIT (IFRS),Sachset,1100,263,289300
Kalimantan Selatan,Banjarbaru,PUSKESMAS SUNGAI BESAR,DINAS KESEHATAN,Umum,Obat-Obatan,19226,169.,2020-12-02,GARAM ORALIT (IFRS),Sachset,94,263,24722
Kalimantan Selatan,Banjarbaru,PUSKESMAS SUNGAI BESAR,DINAS KESEHATAN,Umum,Obat-Obatan,18320,170.,2020-07-06,GEMFIBROZIL 300 MG,Tablet,240,428,102720
Kalimantan Selatan,Banjarbaru,PUSKESMAS SUNGAI BESAR,DINAS KESEHATAN,Umum,Obat-Obatan,18320,171.,2020-12-02,GEMFIBROZIL 300 MG,Tablet,84,428,35952
Kalimantan Selatan,Banjarbaru,PUSKESMAS SUNGAI BESAR,DINAS KESEHATAN,Umum,Obat-Obatan,18993,172.,2020-01-02,GENTAMICIN OBAT TETES MATA,Botol,24,7051,169224
Kalimantan Selatan,Banjarbaru,PUSKESMAS SUNGAI BESAR,DINAS KESEHATAN,Umum,Obat-Obatan,18993,173.,2020-12-02,GENTAMICIN OBAT TETES MATA,Botol,1,7051,7051
Kalimantan Selatan,Banjarbaru,PUSKESMAS SUNGAI BESAR,DINAS KESEHATAN,Umum,Obat-Obatan,18321,174.,2020-12-02,GENTAMICIN SALEP MATA HARGA 1,Tube,6,3075,18450
Kalimantan Selatan,Banjarbaru,PUSKESMAS SUNGAI BESAR,DINAS KESEHATAN,Umum,Obat-Obatan,16634,175.,2020-01-02,GENTAMICIN TETES MATA,Botol,7,4600,32200
Kalimantan Selatan,Banjarbaru,PUSKESMAS SUNGAI BESAR,DINAS KESEHATAN,Umum,Obat-Obatan,16636,176.,2020-01-02,GLIBENKLAMID TABLET 5 MG,Tablet,30,61,1830
Kalimantan Selatan,Banjarbaru,PUSKESMAS SUNGAI BESAR,DINAS KESEHATAN,Umum,Obat-Obatan,18418,177.,2020-05-08,GLIMEPIRIDE 1 MG TABLET KF,Tablet,300,174,52200
Kalimantan Selatan,Banjarbaru,PUSKESMAS SUNGAI BESAR,DINAS KESEHATAN,Umum,Obat-Obatan,18418,178.,2020-12-02,GLIMEPIRIDE 1 MG TABLET KF,Tablet,265,174,46110
Kalimantan Selatan,Banjarbaru,PUSKESMAS SUNGAI BESAR,DINAS KESEHATAN,Umum,Obat-Obatan,17773,179.,2020-01-02,GLIMEPIRIDE 2 MG TABLET HJ,Tablet,350,231,80850
Kalimantan Selatan,Banjarbaru,PUSKESMAS SUNGAI BESAR,DINAS KESEHATAN,Umum,Obat-Obatan,18362,180.,2020-10-05,GLUCOSE TEST STRIP 50 S,box,4,230000,920000
Kalimantan Selatan,Banjarbaru,PUSKESMAS SUNGAI BESAR,DINAS KESEHATAN,Umum,Obat-Obatan,490,181.,2020-03-03,GRISEOFULVIN 125 MG TABLET INDOFARMA,Tablet,200,238,47600
Kalimantan Selatan,Banjarbaru,PUSKESMAS SUNGAI BESAR,DINAS KESEHATAN,Umum,Obat-Obatan,490,182.,2020-12-02,GRISEOFULVIN 125 MG TABLET INDOFARMA,Tablet,60,238,14280
Kalimantan Selatan,Banjarbaru,PUSKESMAS SUNGAI BESAR,DINAS KESEHATAN,Umum,Obat-Obatan,16642,183.,2020-01-02,"GRISEOFULVIN TABLET 125 MG,MICRONIZED",Tablet,890,224,199360
Kalimantan Selatan,Banjarbaru,PUSKESMAS SUNGAI BESAR,DINAS KESEHATAN,Umum,Obat-Obatan,19372,184.,2020-07-06,Glibenklamid tablett 5 mg,Tablet,300,137,41100
Kalimantan Selatan,Banjarbaru,PUSKESMAS SUNGAI BESAR,DINAS KESEHATAN,Umum,Obat-Obatan,19372,185.,2020-12-02,Glibenklamid tablett 5 mg,Tablet,330,137,45210
Kalimantan Selatan,Banjarbaru,PUSKESMAS SUNGAI BESAR,DINAS KESEHATAN,Umum,Obat-Obatan,482,186.,2020-03-03,Gliseril Guaiakolat 100 mg / Guafenisin,Tablet,880,171,150480
Kalimantan Selatan,Banjarbaru,PUSKESMAS SUNGAI BESAR,DINAS KESEHATAN,Umum,Obat-Obatan,483,187.,2020-01-02,Gliserin,Botol,5,5867,29335
Kalimantan Selatan,Banjarbaru,PUSKESMAS SUNGAI BESAR,DINAS KESEHATAN,Umum,Obat-Obatan,16575,188.,2020-09-05,Glukosa,kit,7,230000,1610000
Kalimantan Selatan,Banjarbaru,PUSKESMAS SUNGAI BESAR,DINAS KESEHATAN,Umum,Obat-Obatan,16643,189.,2020-05-08,HALOPERIDOL 5 MG TABLET INDOFARMA,Tablet,600,60,36000
Kalimantan Selatan,Banjarbaru,PUSKESMAS SUNGAI BESAR,DINAS KESEHATAN,Umum,Obat-Obatan,16643,190.,2020-07-06,HALOPERIDOL 5 MG TABLET INDOFARMA,Tablet,100,60,6000
Kalimantan Selatan,Banjarbaru,PUSKESMAS SUNGAI BESAR,DINAS KESEHATAN,Umum,Obat-Obatan,16643,191.,2020-12-02,HALOPERIDOL 5 MG TABLET INDOFARMA,Tablet,76,60,4560
Kalimantan Selatan,Banjarbaru,PUSKESMAS SUNGAI BESAR,DINAS KESEHATAN,Umum,Obat-Obatan,16644,192.,2020-10-05,"HALOPERIDOL TABLET 1,5 MG",Tablet,1500,143,214500
Kalimantan Selatan,Banjarbaru,PUSKESMAS SUNGAI BESAR,DINAS KESEHATAN,Umum,Obat-Obatan,16644,193.,2020-12-02,"HALOPERIDOL TABLET 1,5 MG",Tablet,260,143,37180
Kalimantan Selatan,Banjarbaru,PUSKESMAS SUNGAI BESAR,DINAS KESEHATAN,Umum,Obat-Obatan,18386,194.,2020-10-05,HANDSCOON STERIL 7,pcs,450,8032,3614400
Kalimantan Selatan,Banjarbaru,PUSKESMAS SUNGAI BESAR,DINAS KESEHATAN,Umum,Obat-Obatan,18386,195.,2020-12-02,HANDSCOON STERIL 7,pcs,49,8032,393568
Kalimantan Selatan,Banjarbaru,PUSKESMAS SUNGAI BESAR,DINAS KESEHATAN,Umum,Obat-Obatan,20991,196.,2020-03-04,HUMASENS 2.0 PLUS GLUCOMETER SYSTEM,Buah,1,418500,418500
Kalimantan Selatan,Banjarbaru,PUSKESMAS SUNGAI BESAR,DINAS KESEHATAN,Umum,Obat-Obatan,20990,197.,2020-03-04,HUMASENS 2.0 PLUS GLUKOSE TEST STRIPE BLUE,kotak,3,275800,827400
Kalimantan Selatan,Banjarbaru,PUSKESMAS SUNGAI BESAR,DINAS KESEHATAN,Umum,Obat-Obatan,20992,198.,2020-03-04,HUMASENS 2.0 PLUS MULTI PARAMETER SYSTEM 3 IN 1,Buah,1,805950,805950
Kalimantan Selatan,Banjarbaru,PUSKESMAS SUNGAI BESAR,DINAS KESEHATAN,Umum,Obat-Obatan,20989,199.,2020-03-04,HUMASENS 2.0 PLUS TOTAL CHOLESTEROL STRIPS,kotak,7,541900,3793300
Kalimantan Selatan,Banjarbaru,PUSKESMAS SUNGAI BESAR,DINAS KESEHATAN,Umum,Obat-Obatan,18522,200.,2020-01-02,Hidroklorotiazid (hct) tablet 25mg harga 2,Tablet,200,178,35600
Kalimantan Selatan,Banjarbaru,PUSKESMAS SUNGAI BESAR,DINAS KESEHATAN,Umum,Obat-Obatan,18522,201.,2020-12-02,Hidroklorotiazid (hct) tablet 25mg harga 2,Tablet,46,178,8188
Kalimantan Selatan,Banjarbaru,PUSKESMAS SUNGAI BESAR,DINAS KESEHATAN,Umum,Obat-Obatan,534,202.,2020-10-05,"Hidrokortison krim 2,5 %",Tube,24,2533,60792
Kalimantan Selatan,Banjarbaru,PUSKESMAS SUNGAI BESAR,DINAS KESEHATAN,Umum,Obat-Obatan,534,203.,2020-12-02,"Hidrokortison krim 2,5 %",Tube,16,2533,40528
Kalimantan Selatan,Banjarbaru,PUSKESMAS SUNGAI BESAR,DINAS KESEHATAN,Umum,Obat-Obatan,19302,204.,2020-03-03,Ibuprofen tablet 400 mg,Tablet,140,440,61600
Kalimantan Selatan,Banjarbaru,PUSKESMAS SUNGAI BESAR,DINAS KESEHATAN,Umum,Obat-Obatan,19302,205.,2020-12-02,Ibuprofen tablet 400 mg,Tablet,85,440,37400
Kalimantan Selatan,Banjarbaru,PUSKESMAS SUNGAI BESAR,DINAS KESEHATAN,Umum,Obat-Obatan,16734,206.,2020-01-19,Infusion set Dewasa,pcs,14,4756,66584
Kalimantan Selatan,Banjarbaru,PUSKESMAS SUNGAI BESAR,DINAS KESEHATAN,Umum,Obat-Obatan,16738,207.,2020-01-02,Jarum Insulin,pcs,100,2083,208300
Kalimantan Selatan,Banjarbaru,PUSKESMAS SUNGAI BESAR,DINAS KESEHATAN,Umum,Obat-Obatan,16654,208.,2020-05-08,KALSIUM LAKTAT (KLAK) TABLET 500MG,Tablet,200,59,11800
Kalimantan Selatan,Banjarbaru,PUSKESMAS SUNGAI BESAR,DINAS KESEHATAN,Umum,Obat-Obatan,16654,209.,2020-12-02,KALSIUM LAKTAT (KLAK) TABLET 500MG,Tablet,110,59,6490
Kalimantan Selatan,Banjarbaru,PUSKESMAS SUNGAI BESAR,DINAS KESEHATAN,Umum,Obat-Obatan,16655,210.,2020-01-02,KARBAMAZEPIN TABLET 200 MG,Tablet,600,306,183600
Kalimantan Selatan,Banjarbaru,PUSKESMAS SUNGAI BESAR,DINAS KESEHATAN,Umum,Obat-Obatan,18328,211.,2020-12-02,KARBAMAZEPIN TABLET 200 MG HARGA 2,Tablet,170,250,42500
Kalimantan Selatan,Banjarbaru,PUSKESMAS SUNGAI BESAR,DINAS KESEHATAN,Umum,Obat-Obatan,477,212.,2020-07-06,KETOKONAZOLE 200 MG TABLET HJ,Tablet,50,305,15250
Kalimantan Selatan,Banjarbaru,PUSKESMAS SUNGAI BESAR,DINAS KESEHATAN,Umum,Obat-Obatan,477,213.,2020-12-02,KETOKONAZOLE 200 MG TABLET HJ,Tablet,70,305,21350
Kalimantan Selatan,Banjarbaru,PUSKESMAS SUNGAI BESAR,DINAS KESEHATAN,Umum,Obat-Obatan,16658,214.,2020-07-06,KLINDAMICIN KAPSUL 150 MG,Tablet,100,858,85800
Kalimantan Selatan,Banjarbaru,PUSKESMAS SUNGAI BESAR,DINAS KESEHATAN,Umum,Obat-Obatan,16658,215.,2020-12-02,KLINDAMICIN KAPSUL 150 MG,Tablet,85,858,72930
Kalimantan Selatan,Banjarbaru,PUSKESMAS SUNGAI BESAR,DINAS KESEHATAN,Umum,Obat-Obatan,16659,216.,2020-01-02,KLORAMFENIKOL KAPSUL 500 MG,Tablet,400,1155,462000
Kalimantan Selatan,Banjarbaru,PUSKESMAS SUNGAI BESAR,DINAS KESEHATAN,Umum,Obat-Obatan,18329,217.,2020-07-06,KLORAMFENIKOL KAPSUL500 MG HARGA 2,Tablet,400,1254,501600
Kalimantan Selatan,Banjarbaru,PUSKESMAS SUNGAI BESAR,DINAS KESEHATAN,Umum,Obat-Obatan,16663,218.,2020-01-02,KLORAMFENIKOL TETES MATA,Botol,24,3850,92400
Kalimantan Selatan,Banjarbaru,PUSKESMAS SUNGAI BESAR,DINAS KESEHATAN,Umum,Obat-Obatan,18332,219.,2020-01-02,KLORAMPENICOL SUSPENSI HARGA 2,Botol,50,5319,265950
Kalimantan Selatan,Banjarbaru,PUSKESMAS SUNGAI BESAR,DINAS KESEHATAN,Umum,Obat-Obatan,18332,220.,2020-12-02,KLORAMPENICOL SUSPENSI HARGA 2,Botol,38,5319,202122
Kalimantan Selatan,Banjarbaru,PUSKESMAS SUNGAI BESAR,DINAS KESEHATAN,Umum,Obat-Obatan,16666,221.,2020-03-03,KLORPROMAZIN HCL TABLET SALUT 100 MG,Tablet,500,144,72000
Kalimantan Selatan,Banjarbaru,PUSKESMAS SUNGAI BESAR,DINAS KESEHATAN,Umum,Obat-Obatan,19305,222.,2020-07-06,KLORPROMAZIN HCL TABLET SALUT 100 MG HARGA 2,Tablet,100,170,17000
Kalimantan Selatan,Banjarbaru,PUSKESMAS SUNGAI BESAR,DINAS KESEHATAN,Umum,Obat-Obatan,19305,223.,2020-10-05,KLORPROMAZIN HCL TABLET SALUT 100 MG HARGA 2,Tablet,1000,170,170000
Kalimantan Selatan,Banjarbaru,PUSKESMAS SUNGAI BESAR,DINAS KESEHATAN,Umum,Obat-Obatan,19305,224.,2020-12-02,KLORPROMAZIN HCL TABLET SALUT 100 MG HARGA 2,Tablet,315,170,53550
Kalimantan Selatan,Banjarbaru,PUSKESMAS SUNGAI BESAR,DINAS KESEHATAN,Umum,Obat-Obatan,16667,225.,2020-01-02,KLORPROMAZIN HCL TABLET SALUT 25 MG,Tablet,600,75,45000
Kalimantan Selatan,Banjarbaru,PUSKESMAS SUNGAI BESAR,DINAS KESEHATAN,Umum,Obat-Obatan,16668,226.,2020-01-02,KODEIN HCL TABLET 10 MG,Tablet,400,630,252000
Kalimantan Selatan,Banjarbaru,PUSKESMAS SUNGAI BESAR,DINAS KESEHATAN,Umum,Obat-Obatan,20202,227.,2020-12-02,KODEIN TABLET 10 MG,Tablet,90,657,59130
Kalimantan Selatan,Banjarbaru,PUSKESMAS SUNGAI BESAR,DINAS KESEHATAN,Umum,Obat-Obatan,16669,228.,2020-05-08,KOTRIMOKSAZOL SUSPENSI,Botol,50,2052,102600
Kalimantan Selatan,Banjarbaru,PUSKESMAS SUNGAI BESAR,DINAS KESEHATAN,Umum,Obat-Obatan,16669,229.,2020-12-02,KOTRIMOKSAZOL SUSPENSI,Botol,46,2052,94392
Kalimantan Selatan,Banjarbaru,PUSKESMAS SUNGAI BESAR,DINAS KESEHATAN,Umum,Obat-Obatan,649,230.,2020-10-05,Kalsium Laktat 500 mg,Tablet,2400,63,151200
Kalimantan Selatan,Banjarbaru,PUSKESMAS SUNGAI BESAR,DINAS KESEHATAN,Umum,Obat-Obatan,3888,231.,2020-01-02,Kandistatin Drop 12 ML,Botol,4,42350,169400
Kalimantan Selatan,Banjarbaru,PUSKESMAS SUNGAI BESAR,DINAS KESEHATAN,Umum,Obat-Obatan,21493,232.,2020-01-02,Kandistatin drop 12 ml harga 2,Botol,12,38499,461988
Kalimantan Selatan,Banjarbaru,PUSKESMAS SUNGAI BESAR,DINAS KESEHATAN,Umum,Obat-Obatan,21493,233.,2020-12-02,Kandistatin drop 12 ml harga 2,Botol,2,38499,76998
Kalimantan Selatan,Banjarbaru,PUSKESMAS SUNGAI BESAR,DINAS KESEHATAN,Umum,Obat-Obatan,11859,234.,2020-07-06,Kapas Pembalut Husada 250 gr,pcs,10,25750,257500
Kalimantan Selatan,Banjarbaru,PUSKESMAS SUNGAI BESAR,DINAS KESEHATAN,Umum,Obat-Obatan,17240,235.,2020-01-02,Kasa Kompres 40/ 40 Steril,kotak,3,2048,6144
Kalimantan Selatan,Banjarbaru,PUSKESMAS SUNGAI BESAR,DINAS KESEHATAN,Umum,Obat-Obatan,16743,236.,2020-10-05,Kasa Kotak 16 x 16 cm,pcs,15,9200,138000
Kalimantan Selatan,Banjarbaru,PUSKESMAS SUNGAI BESAR,DINAS KESEHATAN,Umum,Obat-Obatan,16744,237.,2020-01-02,Kasa Pembalut 2 M x 80 cm,pcs,6,10076,60456
Kalimantan Selatan,Banjarbaru,PUSKESMAS SUNGAI BESAR,DINAS KESEHATAN,Umum,Obat-Obatan,16744,238.,2020-03-05,Kasa Pembalut 2 M x 80 cm,pcs,10,10076,100760
Kalimantan Selatan,Banjarbaru,PUSKESMAS SUNGAI BESAR,DINAS KESEHATAN,Umum,Obat-Obatan,17231,239.,2020-01-02,Ketokonazole Tablet 200 mg,Tablet,134,550,73700
Kalimantan Selatan,Banjarbaru,PUSKESMAS SUNGAI BESAR,DINAS KESEHATAN,Umum,Obat-Obatan,17230,240.,2020-07-06,Ketokonazole cream,Tube,25,2577,64425
Kalimantan Selatan,Banjarbaru,PUSKESMAS SUNGAI BESAR,DINAS KESEHATAN,Umum,Obat-Obatan,17230,241.,2020-12-02,Ketokonazole cream,Tube,11,2577,28347
Kalimantan Selatan,Banjarbaru,PUSKESMAS SUNGAI BESAR,DINAS KESEHATAN,Umum,Obat-Obatan,531,242.,2020-01-02,Kloramfenikol Salep Mata 1%,Tube,1,1850,1850
Kalimantan Selatan,Banjarbaru,PUSKESMAS SUNGAI BESAR,DINAS KESEHATAN,Umum,Obat-Obatan,531,243.,2020-12-02,Kloramfenikol Salep Mata 1%,Tube,13,1850,24050
Kalimantan Selatan,Banjarbaru,PUSKESMAS SUNGAI BESAR,DINAS KESEHATAN,Umum,Obat-Obatan,553,244.,2020-01-02,Kloramfenikol Suspensi 125 mg/5 ml,Botol,19,4000,76000
Kalimantan Selatan,Banjarbaru,PUSKESMAS SUNGAI BESAR,DINAS KESEHATAN,Umum,Obat-Obatan,564,245.,2020-01-02,Kloramfenikol Tetes Telinga 3% / Reco Tetes Telinga,Botol,27,9130,246510
Kalimantan Selatan,Banjarbaru,PUSKESMAS SUNGAI BESAR,DINAS KESEHATAN,Umum,Obat-Obatan,19801,246.,2020-03-03,Klozapine,Biji,670,1121,751070
Kalimantan Selatan,Banjarbaru,PUSKESMAS SUNGAI BESAR,DINAS KESEHATAN,Umum,Obat-Obatan,19204,247.,2020-05-08,Kotrimoksazol Tab 480 mg,Tablet,400,125,50000
Kalimantan Selatan,Banjarbaru,PUSKESMAS SUNGAI BESAR,DINAS KESEHATAN,Umum,Obat-Obatan,19204,248.,2020-12-02,Kotrimoksazol Tab 480 mg,Tablet,290,125,36250
Kalimantan Selatan,Banjarbaru,PUSKESMAS SUNGAI BESAR,DINAS KESEHATAN,Umum,Obat-Obatan,21004,249.,2020-03-04,LANCET @200 (2 BOK / PAKET),Buah,1,33000,33000
Kalimantan Selatan,Banjarbaru,PUSKESMAS SUNGAI BESAR,DINAS KESEHATAN,Umum,Obat-Obatan,18995,250.,2020-01-02,LIDOKAIN KOMPOSITUM INJEKSI,Ampul,73,1319,96287
Kalimantan Selatan,Banjarbaru,PUSKESMAS SUNGAI BESAR,DINAS KESEHATAN,Umum,Obat-Obatan,16843,251.,2020-10-05,Larvasida,Bungkus,2,140000,280000
Kalimantan Selatan,Banjarbaru,PUSKESMAS SUNGAI BESAR,DINAS KESEHATAN,Umum,Obat-Obatan,19306,252.,2020-03-03,Loperamide 2 Mg Harga 2,Tablet,100,198,19800
Kalimantan Selatan,Banjarbaru,PUSKESMAS SUNGAI BESAR,DINAS KESEHATAN,Umum,Obat-Obatan,19306,253.,2020-10-05,Loperamide 2 Mg Harga 2,Tablet,200,198,39600
Kalimantan Selatan,Banjarbaru,PUSKESMAS SUNGAI BESAR,DINAS KESEHATAN,Umum,Obat-Obatan,19306,254.,2020-12-02,Loperamide 2 Mg Harga 2,Tablet,100,198,19800
Kalimantan Selatan,Banjarbaru,PUSKESMAS SUNGAI BESAR,DINAS KESEHATAN,Umum,Obat-Obatan,19307,255.,2020-10-05,Loratadine 10 Mg,Tablet,1500,136,204000
Kalimantan Selatan,Banjarbaru,PUSKESMAS SUNGAI BESAR,DINAS KESEHATAN,Umum,Obat-Obatan,19307,256.,2020-12-02,Loratadine 10 Mg,Tablet,34,136,4624
Kalimantan Selatan,Banjarbaru,PUSKESMAS SUNGAI BESAR,DINAS KESEHATAN,Umum,Obat-Obatan,18997,257.,2020-01-02,MAGNESIUM SULFAT INJEKSI (IV) 40% - 25 ml,Ampul,8,3796,30368
Kalimantan Selatan,Banjarbaru,PUSKESMAS SUNGAI BESAR,DINAS KESEHATAN,Umum,Obat-Obatan,16675,258.,2020-01-02,MAGNESIUM SULFAT INJEKSI(IV) 20% - 25 ML,Ampul,8,3328,26624
Kalimantan Selatan,Banjarbaru,PUSKESMAS SUNGAI BESAR,DINAS KESEHATAN,Umum,Obat-Obatan,18403,259.,2020-10-05,MASKER MAS HARGA 3,pcs,250,506,126500
Kalimantan Selatan,Banjarbaru,PUSKESMAS SUNGAI BESAR,DINAS KESEHATAN,Umum,Obat-Obatan,18403,260.,2020-12-02,MASKER MAS HARGA 3,pcs,200,506,101200
Kalimantan Selatan,Banjarbaru,PUSKESMAS SUNGAI BESAR,DINAS KESEHATAN,Umum,Obat-Obatan,16678,261.,2020-03-03,METFORMIN HCL TAB 500 MG,Tablet,326,102,33252
Kalimantan Selatan,Banjarbaru,PUSKESMAS SUNGAI BESAR,DINAS KESEHATAN,Umum,Obat-Obatan,20213,262.,2020-10-05,METHYLPREDNISOLONE 4 MG TABLET QUANTUM LABS,Tablet,500,148,74000
Kalimantan Selatan,Banjarbaru,PUSKESMAS SUNGAI BESAR,DINAS KESEHATAN,Umum,Obat-Obatan,20213,263.,2020-12-02,METHYLPREDNISOLONE 4 MG TABLET QUANTUM LABS,Tablet,434,148,64232
Kalimantan Selatan,Banjarbaru,PUSKESMAS SUNGAI BESAR,DINAS KESEHATAN,Umum,Obat-Obatan,724,264.,2020-03-03,METRONIDAZOLE 500 MG TABLET NOVA,Tablet,200,638,127600
Kalimantan Selatan,Banjarbaru,PUSKESMAS SUNGAI BESAR,DINAS KESEHATAN,Umum,Obat-Obatan,724,265.,2020-12-02,METRONIDAZOLE 500 MG TABLET NOVA,Tablet,70,638,44660
Kalimantan Selatan,Banjarbaru,PUSKESMAS SUNGAI BESAR,DINAS KESEHATAN,Umum,Obat-Obatan,18344,266.,2020-10-05,MICONAZOLE CREAM 2%,Tube,24,3926,94224
Kalimantan Selatan,Banjarbaru,PUSKESMAS SUNGAI BESAR,DINAS KESEHATAN,Umum,Obat-Obatan,18344,267.,2020-12-02,MICONAZOLE CREAM 2%,Tube,42,3926,164892
Kalimantan Selatan,Banjarbaru,PUSKESMAS SUNGAI BESAR,DINAS KESEHATAN,Umum,Obat-Obatan,16685,268.,2020-04-02,MINIASPI / ASETOSAL 80 MG HARGA 1,Tablet,50,123,6150
Kalimantan Selatan,Banjarbaru,PUSKESMAS SUNGAI BESAR,DINAS KESEHATAN,Umum,Obat-Obatan,16686,269.,2020-10-05,MINIASPI / ASETOSAL 80 MG HARGA 2,Tablet,200,99,19800
Kalimantan Selatan,Banjarbaru,PUSKESMAS SUNGAI BESAR,DINAS KESEHATAN,Umum,Obat-Obatan,16686,270.,2020-12-02,MINIASPI / ASETOSAL 80 MG HARGA 2,Tablet,100,99,9900
Kalimantan Selatan,Banjarbaru,PUSKESMAS SUNGAI BESAR,DINAS KESEHATAN,Umum,Obat-Obatan,16060,271.,2020-01-02,MR,Buah,57,141648,8073936
Kalimantan Selatan,Banjarbaru,PUSKESMAS SUNGAI BESAR,DINAS KESEHATAN,Umum,Obat-Obatan,16060,272.,2020-01-03,MR,Buah,105,141648,14873040
Kalimantan Selatan,Banjarbaru,PUSKESMAS SUNGAI BESAR,DINAS KESEHATAN,Umum,Obat-Obatan,16060,273.,2020-03-03,MR,Buah,10,141648,1416480
Kalimantan Selatan,Banjarbaru,PUSKESMAS SUNGAI BESAR,DINAS KESEHATAN,Umum,Obat-Obatan,16060,274.,2020-06-02,MR,Buah,25,141648,3541200
Kalimantan Selatan,Banjarbaru,PUSKESMAS SUNGAI BESAR,DINAS KESEHATAN,Umum,Obat-Obatan,22834,275.,2020-10-05,Masker KN 95,Buah,50,137500,6875000
Kalimantan Selatan,Banjarbaru,PUSKESMAS SUNGAI BESAR,DINAS KESEHATAN,Umum,Obat-Obatan,22834,276.,2020-12-02,Masker KN 95,Buah,13,137500,1787500
Kalimantan Selatan,Banjarbaru,PUSKESMAS SUNGAI BESAR,DINAS KESEHATAN,Umum,Obat-Obatan,648,277.,2020-01-02,"Metilergometrin Maleat inj 0,2 mg -1 ml",Ampul,3,3278,9834
Kalimantan Selatan,Banjarbaru,PUSKESMAS SUNGAI BESAR,DINAS KESEHATAN,Umum,Obat-Obatan,591,278.,2020-10-05,NATRIUM DIKLOFENAK 50 MG TABLET PHAPROS,Tablet,750,152,114000
Kalimantan Selatan,Banjarbaru,PUSKESMAS SUNGAI BESAR,DINAS KESEHATAN,Umum,Obat-Obatan,591,279.,2020-12-02,NATRIUM DIKLOFENAK 50 MG TABLET PHAPROS,Tablet,70,152,10640
Kalimantan Selatan,Banjarbaru,PUSKESMAS SUNGAI BESAR,DINAS KESEHATAN,Umum,Obat-Obatan,609,280.,2020-01-02,"Natrium Klorida infus 0,9 %",Botol,10,6410,64100
Kalimantan Selatan,Banjarbaru,PUSKESMAS SUNGAI BESAR,DINAS KESEHATAN,Umum,Obat-Obatan,16916,281.,2020-01-02,Nipedipin Tablet 10 mg,Tablet,100,123,12300
Kalimantan Selatan,Banjarbaru,PUSKESMAS SUNGAI BESAR,DINAS KESEHATAN,Umum,Obat-Obatan,16916,282.,2020-12-02,Nipedipin Tablet 10 mg,Tablet,80,123,9840
Kalimantan Selatan,Banjarbaru,PUSKESMAS SUNGAI BESAR,DINAS KESEHATAN,Umum,Obat-Obatan,742,283.,2020-05-15,Noza,Tablet,10,86570,865700
Kalimantan Selatan,Banjarbaru,PUSKESMAS SUNGAI BESAR,DINAS KESEHATAN,Umum,Obat-Obatan,20999,284.,2020-03-04,OCCLUDER,Buah,1,290000,290000
Kalimantan Selatan,Banjarbaru,PUSKESMAS SUNGAI BESAR,DINAS KESEHATAN,Umum,Obat-Obatan,21018,285.,2020-01-02,OMEPRAZOL TABLET 20 mg,Tablet,420,147,61740
Kalimantan Selatan,Banjarbaru,PUSKESMAS SUNGAI BESAR,DINAS KESEHATAN,Umum,Obat-Obatan,21018,286.,2020-10-05,OMEPRAZOL TABLET 20 mg,Tablet,600,147,88200
Kalimantan Selatan,Banjarbaru,PUSKESMAS SUNGAI BESAR,DINAS KESEHATAN,Umum,Obat-Obatan,21018,287.,2020-12-02,OMEPRAZOL TABLET 20 mg,Tablet,144,147,21168
Kalimantan Selatan,Banjarbaru,PUSKESMAS SUNGAI BESAR,DINAS KESEHATAN,Umum,Obat-Obatan,851,288.,2020-10-05,Oksitetrasiklin salep kulit 3 %,Tube,50,4659,232950
Kalimantan Selatan,Banjarbaru,PUSKESMAS SUNGAI BESAR,DINAS KESEHATAN,Umum,Obat-Obatan,885,289.,2020-01-02,Oksitosin inj 10 UI/ml-1 ml,Ampul,6,1900,11400
Kalimantan Selatan,Banjarbaru,PUSKESMAS SUNGAI BESAR,DINAS KESEHATAN,Umum,Obat-Obatan,16767,290.,2020-10-05,One Scrub / Aseptic gel,Botol,12,25333,303996
Kalimantan Selatan,Banjarbaru,PUSKESMAS SUNGAI BESAR,DINAS KESEHATAN,Umum,Obat-Obatan,18348,291.,2020-02-04,PARASETAMOL DROP,Botol,4,7646,30584
Kalimantan Selatan,Banjarbaru,PUSKESMAS SUNGAI BESAR,DINAS KESEHATAN,Umum,Obat-Obatan,18348,292.,2020-10-05,PARASETAMOL DROP,Botol,56,7646,428176
Kalimantan Selatan,Banjarbaru,PUSKESMAS SUNGAI BESAR,DINAS KESEHATAN,Umum,Obat-Obatan,18370,293.,2020-05-15,PARASETAMOL TABLET 500 MG,Tablet,900,60,54000
Kalimantan Selatan,Banjarbaru,PUSKESMAS SUNGAI BESAR,DINAS KESEHATAN,Umum,Obat-Obatan,18370,294.,2020-10-05,PARASETAMOL TABLET 500 MG,Tablet,5200,60,312000
Kalimantan Selatan,Banjarbaru,PUSKESMAS SUNGAI BESAR,DINAS KESEHATAN,Umum,Obat-Obatan,18370,295.,2020-12-02,PARASETAMOL TABLET 500 MG,Tablet,150,60,9000
Kalimantan Selatan,Banjarbaru,PUSKESMAS SUNGAI BESAR,DINAS KESEHATAN,Umum,Obat-Obatan,20998,296.,2020-03-04,PENLIGHT + BATERAI,Buah,1,88000,88000
Kalimantan Selatan,Banjarbaru,PUSKESMAS SUNGAI BESAR,DINAS KESEHATAN,Umum,Obat-Obatan,20177,297.,2020-10-05,PIRACETAM TAB 400 mg,Tablet,400,2200,880000
Kalimantan Selatan,Banjarbaru,PUSKESMAS SUNGAI BESAR,DINAS KESEHATAN,Umum,Obat-Obatan,20177,298.,2020-12-02,PIRACETAM TAB 400 mg,Tablet,229,2200,503800
Kalimantan Selatan,Banjarbaru,PUSKESMAS SUNGAI BESAR,DINAS KESEHATAN,Umum,Obat-Obatan,18382,299.,2020-03-03,PIRIDOKSIN HCL TABLET 10 MG HARGA 2,Tablet,1300,141,183300
Kalimantan Selatan,Banjarbaru,PUSKESMAS SUNGAI BESAR,DINAS KESEHATAN,Umum,Obat-Obatan,18382,300.,2020-12-02,PIRIDOKSIN HCL TABLET 10 MG HARGA 2,Tablet,170,141,23970
Kalimantan Selatan,Banjarbaru,PUSKESMAS SUNGAI BESAR,DINAS KESEHATAN,Umum,Obat-Obatan,18404,302.,2020-06-08,POT SPUTUM,pcs,40,5890,235600
Kalimantan Selatan,Banjarbaru,PUSKESMAS SUNGAI BESAR,DINAS KESEHATAN,Umum,Obat-Obatan,18846,303.,2020-10-05,PREDNISON 5 MG,Tablet,2000,79,158000
Kalimantan Selatan,Banjarbaru,PUSKESMAS SUNGAI BESAR,DINAS KESEHATAN,Umum,Obat-Obatan,18846,304.,2020-12-02,PREDNISON 5 MG,Tablet,431,79,34049
Kalimantan Selatan,Banjarbaru,PUSKESMAS SUNGAI BESAR,DINAS KESEHATAN,Umum,Obat-Obatan,18383,305.,2020-01-02,PROPILTIOURASIL TABLET 100 MG,Tablet,200,475,95000
Kalimantan Selatan,Banjarbaru,PUSKESMAS SUNGAI BESAR,DINAS KESEHATAN,Umum,Obat-Obatan,18383,306.,2020-12-02,PROPILTIOURASIL TABLET 100 MG,Tablet,80,475,38000
Kalimantan Selatan,Banjarbaru,PUSKESMAS SUNGAI BESAR,DINAS KESEHATAN,Umum,Obat-Obatan,18572,307.,2020-01-02,Papaverin Tablet,Buah,510,125,63750
Kalimantan Selatan,Banjarbaru,PUSKESMAS SUNGAI BESAR,DINAS KESEHATAN,Umum,Obat-Obatan,21482,308.,2020-01-19,Papaverin tablett,Biji,300,253,75900
Kalimantan Selatan,Banjarbaru,PUSKESMAS SUNGAI BESAR,DINAS KESEHATAN,Umum,Obat-Obatan,21482,309.,2020-07-06,Papaverin tablett,Biji,500,253,126500
Kalimantan Selatan,Banjarbaru,PUSKESMAS SUNGAI BESAR,DINAS KESEHATAN,Umum,Obat-Obatan,21482,310.,2020-12-02,Papaverin tablett,Biji,30,253,7590
Kalimantan Selatan,Banjarbaru,PUSKESMAS SUNGAI BESAR,DINAS KESEHATAN,Umum,Obat-Obatan,18534,311.,2020-03-03,Parasetamol sirup 120mg/5ml,Botol,100,1160,116000
Kalimantan Selatan,Banjarbaru,PUSKESMAS SUNGAI BESAR,DINAS KESEHATAN,Umum,Obat-Obatan,18534,312.,2020-12-02,Parasetamol sirup 120mg/5ml,Botol,86,1160,99760
Kalimantan Selatan,Banjarbaru,PUSKESMAS SUNGAI BESAR,DINAS KESEHATAN,Umum,Obat-Obatan,16771,313.,2020-01-02,Pehacain injeksi,kotak,600,3113,1867800
Kalimantan Selatan,Banjarbaru,PUSKESMAS SUNGAI BESAR,DINAS KESEHATAN,Umum,Obat-Obatan,521,314.,2020-06-09,Pehavral,Tablet,5,101530,507650
Kalimantan Selatan,Banjarbaru,PUSKESMAS SUNGAI BESAR,DINAS KESEHATAN,Umum,Obat-Obatan,18528,315.,2020-01-02,Prednison tablet 5mg harga 2,Tablet,118,74,8732
Kalimantan Selatan,Banjarbaru,PUSKESMAS SUNGAI BESAR,DINAS KESEHATAN,Umum,Obat-Obatan,18984,316.,2020-01-02,Primaquin,Biji,120,253,30360
Kalimantan Selatan,Banjarbaru,PUSKESMAS SUNGAI BESAR,DINAS KESEHATAN,Umum,Obat-Obatan,22362,317.,2020-11-09,Primaquin (kotak),kotak,20,25300,506000
Kalimantan Selatan,Banjarbaru,PUSKESMAS SUNGAI BESAR,DINAS KESEHATAN,Umum,Obat-Obatan,17190,318.,2020-01-02,Propranolol HCL Tablet 10 mg,Tablet,300,69,20700
Kalimantan Selatan,Banjarbaru,PUSKESMAS SUNGAI BESAR,DINAS KESEHATAN,Umum,Obat-Obatan,18373,319.,2020-01-02,RANITIDIN 150 MG,Tablet,64,122,7808
Kalimantan Selatan,Banjarbaru,PUSKESMAS SUNGAI BESAR,DINAS KESEHATAN,Umum,Obat-Obatan,18373,320.,2020-01-02,RANITIDIN 150 MG,Tablet,581,122,70882
Kalimantan Selatan,Banjarbaru,PUSKESMAS SUNGAI BESAR,DINAS KESEHATAN,Umum,Obat-Obatan,1000,321.,2020-10-05,RANITIDIN 150 MG TABLET HJ,Tablet,5,12001,60005
Kalimantan Selatan,Banjarbaru,PUSKESMAS SUNGAI BESAR,DINAS KESEHATAN,Umum,Obat-Obatan,20178,322.,2020-10-05,RANITIDIN TAB 150 mg,Tablet,100,187,18700
Kalimantan Selatan,Banjarbaru,PUSKESMAS SUNGAI BESAR,DINAS KESEHATAN,Umum,Obat-Obatan,20178,323.,2020-12-02,RANITIDIN TAB 150 mg,Tablet,220,187,41140
Kalimantan Selatan,Banjarbaru,PUSKESMAS SUNGAI BESAR,DINAS KESEHATAN,Umum,Obat-Obatan,18982,324.,2020-06-08,RDT HBSAG,kotak,4,205825,823300
Kalimantan Selatan,Banjarbaru,PUSKESMAS SUNGAI BESAR,DINAS KESEHATAN,Umum,Obat-Obatan,19991,325.,2020-06-08,REAGEN zn,Botol,3,417900,1253700
Kalimantan Selatan,Banjarbaru,PUSKESMAS SUNGAI BESAR,DINAS KESEHATAN,Umum,Obat-Obatan,7092,326.,2020-10-05,Rapid HBsAG Test Card Serum Plasma,Tes,40,9800,392000
Kalimantan Selatan,Banjarbaru,PUSKESMAS SUNGAI BESAR,DINAS KESEHATAN,Umum,Obat-Obatan,7025,327.,2020-10-05,Rapid Tes Covid-19 igG/igM Ecotest,Tes,20,236275,4725500
Kalimantan Selatan,Banjarbaru,PUSKESMAS SUNGAI BESAR,DINAS KESEHATAN,Umum,Obat-Obatan,20979,328.,2020-11-09,Resperidon,kotak,10,28700,287000
Kalimantan Selatan,Banjarbaru,PUSKESMAS SUNGAI BESAR,DINAS KESEHATAN,Umum,Obat-Obatan,16698,329.,2020-01-02,Ringerlaktat Larutan Infus Steril Harga 1,Botol,1,7150,7150
Kalimantan Selatan,Banjarbaru,PUSKESMAS SUNGAI BESAR,DINAS KESEHATAN,Umum,Obat-Obatan,16698,330.,2020-01-02,Ringerlaktat Larutan Infus Steril Harga 1,Botol,9,7150,64350
Kalimantan Selatan,Banjarbaru,PUSKESMAS SUNGAI BESAR,DINAS KESEHATAN,Umum,Obat-Obatan,19009,331.,2020-01-02,SAKATONIK ABC,Botol,5,12000,60000
Kalimantan Selatan,Banjarbaru,PUSKESMAS SUNGAI BESAR,DINAS KESEHATAN,Umum,Obat-Obatan,547,332.,2020-05-15,SALBUTAMOL 2 MG TABLET KF,Tablet,2000,64,128000
Kalimantan Selatan,Banjarbaru,PUSKESMAS SUNGAI BESAR,DINAS KESEHATAN,Umum,Obat-Obatan,547,333.,2020-12-02,SALBUTAMOL 2 MG TABLET KF,Tablet,120,64,7680
Kalimantan Selatan,Banjarbaru,PUSKESMAS SUNGAI BESAR,DINAS KESEHATAN,Umum,Obat-Obatan,566,334.,2020-01-02,SALBUTAMOL 4 MG TABLET KF,Tablet,200,77,15400
Kalimantan Selatan,Banjarbaru,PUSKESMAS SUNGAI BESAR,DINAS KESEHATAN,Umum,Obat-Obatan,566,335.,2020-12-02,SALBUTAMOL 4 MG TABLET KF,Tablet,150,77,11550
Kalimantan Selatan,Banjarbaru,PUSKESMAS SUNGAI BESAR,DINAS KESEHATAN,Umum,Obat-Obatan,21002,336.,2020-03-04,SRQ (SELF RESPORTING QUISIONER),Buah,1,290000,290000
Kalimantan Selatan,Banjarbaru,PUSKESMAS SUNGAI BESAR,DINAS KESEHATAN,Umum,Obat-Obatan,20203,337.,2020-01-02,SUKRALFAT 500 mg/ 5 ml,Botol,1,70000,70000
Kalimantan Selatan,Banjarbaru,PUSKESMAS SUNGAI BESAR,DINAS KESEHATAN,Umum,Obat-Obatan,17110,338.,2020-01-02,Safety Bok harga 1,Buah,87,19601,1705287
Kalimantan Selatan,Banjarbaru,PUSKESMAS SUNGAI BESAR,DINAS KESEHATAN,Umum,Obat-Obatan,17111,339.,2020-01-02,Safety Bok harga 2,Buah,150,23902,3585300
Kalimantan Selatan,Banjarbaru,PUSKESMAS SUNGAI BESAR,DINAS KESEHATAN,Umum,Obat-Obatan,17111,340.,2020-09-03,Safety Bok harga 2,Buah,8,23902,191216
Kalimantan Selatan,Banjarbaru,PUSKESMAS SUNGAI BESAR,DINAS KESEHATAN,Umum,Obat-Obatan,18568,341.,2020-01-02,Safety Book Harga 1,Buah,15,28845,432675
Kalimantan Selatan,Banjarbaru,PUSKESMAS SUNGAI BESAR,DINAS KESEHATAN,Umum,Obat-Obatan,18569,342.,2020-10-12,Safety Book Harga 2,Buah,22,16501,363022
Kalimantan Selatan,Banjarbaru,PUSKESMAS SUNGAI BESAR,DINAS KESEHATAN,Umum,Obat-Obatan,3303,343.,2020-03-04,Safety Box Obat,Buah,1,32000,32000
Kalimantan Selatan,Banjarbaru,PUSKESMAS SUNGAI BESAR,DINAS KESEHATAN,Umum,Obat-Obatan,16701,344.,2020-03-03,Salbutamol Tablet 2 Mg,Tablet,50,64,3200
Kalimantan Selatan,Banjarbaru,PUSKESMAS SUNGAI BESAR,DINAS KESEHATAN,Umum,Obat-Obatan,615,345.,2020-12-02,Salep 2-4,Pot,5,3017,15085
Kalimantan Selatan,Banjarbaru,PUSKESMAS SUNGAI BESAR,DINAS KESEHATAN,Umum,Obat-Obatan,19820,346.,2020-03-03,Scabisid creamm/scabimide,Buah,52,11825,614900
Kalimantan Selatan,Banjarbaru,PUSKESMAS SUNGAI BESAR,DINAS KESEHATAN,Umum,Obat-Obatan,19820,347.,2020-12-02,Scabisid creamm/scabimide,Buah,9,11825,106425
Kalimantan Selatan,Banjarbaru,PUSKESMAS SUNGAI BESAR,DINAS KESEHATAN,Umum,Obat-Obatan,19058,348.,2020-01-02,Silk (Benang Sutra) No.3/D,pcs,5,20685,103425
Kalimantan Selatan,Banjarbaru,PUSKESMAS SUNGAI BESAR,DINAS KESEHATAN,Umum,Obat-Obatan,16705,349.,2020-01-02,Simvastatin 10 mg harga 1,Tablet,164,135,22140
Kalimantan Selatan,Banjarbaru,PUSKESMAS SUNGAI BESAR,DINAS KESEHATAN,Umum,Obat-Obatan,19606,350.,2020-03-03,Simvastatin 10 mg hrg 3,Tablet,710,110,78100
Kalimantan Selatan,Banjarbaru,PUSKESMAS SUNGAI BESAR,DINAS KESEHATAN,Umum,Obat-Obatan,16707,351.,2020-10-05,Simvastatin 20 mg harga 1,Tablet,500,237,118500
Kalimantan Selatan,Banjarbaru,PUSKESMAS SUNGAI BESAR,DINAS KESEHATAN,Umum,Obat-Obatan,16707,352.,2020-12-02,Simvastatin 20 mg harga 1,Tablet,190,237,45030
Kalimantan Selatan,Banjarbaru,PUSKESMAS SUNGAI BESAR,DINAS KESEHATAN,Umum,Obat-Obatan,16709,353.,2020-01-02,Stelosi 5 mg / Trifluoperazine 5 mg,Tablet,1494,294,439236
Kalimantan Selatan,Banjarbaru,PUSKESMAS SUNGAI BESAR,DINAS KESEHATAN,Umum,Obat-Obatan,16710,354.,2020-01-02,Stesolid Rectal Harga 1,Tube,8,12751,102008
Kalimantan Selatan,Banjarbaru,PUSKESMAS SUNGAI BESAR,DINAS KESEHATAN,Umum,Obat-Obatan,16710,355.,2020-01-02,Stesolid Rectal Harga 1,Tube,5,12751,63755
Kalimantan Selatan,Banjarbaru,PUSKESMAS SUNGAI BESAR,DINAS KESEHATAN,Umum,Obat-Obatan,16711,356.,2020-05-15,Stesolid Rectal Harga 2,Tube,4,14459,57836
Kalimantan Selatan,Banjarbaru,PUSKESMAS SUNGAI BESAR,DINAS KESEHATAN,Umum,Obat-Obatan,19680,357.,2020-01-02,Stik Asam Urat,Botol,2,125000,250000
Kalimantan Selatan,Banjarbaru,PUSKESMAS SUNGAI BESAR,DINAS KESEHATAN,Umum,Obat-Obatan,19679,358.,2020-01-02,Stik Gula Darah,Botol,2,125000,250000
Kalimantan Selatan,Banjarbaru,PUSKESMAS SUNGAI BESAR,DINAS KESEHATAN,Umum,Obat-Obatan,16756,359.,2020-01-02,Surflo 22 G x 1,pcs,7,8355,58485
Kalimantan Selatan,Banjarbaru,PUSKESMAS SUNGAI BESAR,DINAS KESEHATAN,Umum,Obat-Obatan,16756,360.,2020-12-02,Surflo 22 G x 1,pcs,3,8355,25065
Kalimantan Selatan,Banjarbaru,PUSKESMAS SUNGAI BESAR,DINAS KESEHATAN,Umum,Obat-Obatan,16757,361.,2020-01-02,Surflo No.24 G,pcs,3,8355,25065
Kalimantan Selatan,Banjarbaru,PUSKESMAS SUNGAI BESAR,DINAS KESEHATAN,Umum,Obat-Obatan,20997,362.,2020-03-04,TALI PENGUKUR,Buah,1,28000,28000
Kalimantan Selatan,Banjarbaru,PUSKESMAS SUNGAI BESAR,DINAS KESEHATAN,Umum,Obat-Obatan,21000,363.,2020-03-04,TAS KEMASAN,Buah,1,59000,59000
Kalimantan Selatan,Banjarbaru,PUSKESMAS SUNGAI BESAR,DINAS KESEHATAN,Umum,Obat-Obatan,21001,364.,2020-03-04,TAS POSBINDU PTM,Buah,1,159000,159000
Kalimantan Selatan,Banjarbaru,PUSKESMAS SUNGAI BESAR,DINAS KESEHATAN,Umum,Obat-Obatan,19006,365.,2020-03-03,TIAMIN HCL MONONITRAT (VITB1) TABLET 50 mg,Tablet,700,88,61600
Kalimantan Selatan,Banjarbaru,PUSKESMAS SUNGAI BESAR,DINAS KESEHATAN,Umum,Obat-Obatan,19006,366.,2020-12-02,TIAMIN HCL MONONITRAT (VITB1) TABLET 50 mg,Tablet,180,88,15840
Kalimantan Selatan,Banjarbaru,PUSKESMAS SUNGAI BESAR,DINAS KESEHATAN,Umum,Obat-Obatan,5151,367.,2020-10-12,Td,Vial,24,18128,435072
Kalimantan Selatan,Banjarbaru,PUSKESMAS SUNGAI BESAR,DINAS KESEHATAN,Umum,Obat-Obatan,18573,368.,2020-01-02,Tiamin HCL (Vit.B1)Inj,Ampul,8,1210,9680
Kalimantan Selatan,Banjarbaru,PUSKESMAS SUNGAI BESAR,DINAS KESEHATAN,Umum,Obat-Obatan,16715,369.,2020-10-05,Triheksifenidil Hidroklorida Tablet 2 mg,Tablet,900,101,90900
Kalimantan Selatan,Banjarbaru,PUSKESMAS SUNGAI BESAR,DINAS KESEHATAN,Umum,Obat-Obatan,16715,370.,2020-12-02,Triheksifenidil Hidroklorida Tablet 2 mg,Tablet,460,101,46460
Kalimantan Selatan,Banjarbaru,PUSKESMAS SUNGAI BESAR,DINAS KESEHATAN,Umum,Obat-Obatan,16716,371.,2020-06-09,Truvit,Botol,180,12540,2257200
Kalimantan Selatan,Banjarbaru,PUSKESMAS SUNGAI BESAR,DINAS KESEHATAN,Umum,Obat-Obatan,16716,372.,2020-12-02,Truvit,Botol,43,12540,539220
Kalimantan Selatan,Banjarbaru,PUSKESMAS SUNGAI BESAR,DINAS KESEHATAN,Umum,Obat-Obatan,19315,373.,2020-10-05,Ultrafix harga 2,kotak,10,39800,398000
Kalimantan Selatan,Banjarbaru,PUSKESMAS SUNGAI BESAR,DINAS KESEHATAN,Umum,Obat-Obatan,16758,374.,2020-01-02,Urine Bag Harga 1,pcs,1,4400,4400
Kalimantan Selatan,Banjarbaru,PUSKESMAS SUNGAI BESAR,DINAS KESEHATAN,Umum,Obat-Obatan,19013,375.,2020-10-12,VAKSIN BCG VIAL,Vial,11,66154,727694
Kalimantan Selatan,Banjarbaru,PUSKESMAS SUNGAI BESAR,DINAS KESEHATAN,Umum,Obat-Obatan,17104,376.,2020-10-12,Vaksin DT,Vial,27,17450,471150
Kalimantan Selatan,Banjarbaru,PUSKESMAS SUNGAI BESAR,DINAS KESEHATAN,Umum,Obat-Obatan,17106,377.,2020-10-12,Vaksin MR,Vial,17,166265,2826505
Kalimantan Selatan,Banjarbaru,PUSKESMAS SUNGAI BESAR,DINAS KESEHATAN,Umum,Obat-Obatan,16839,378.,2020-10-05,Vitamin B Komplek,Tablet,1200,135,162000
Kalimantan Selatan,Banjarbaru,PUSKESMAS SUNGAI BESAR,DINAS KESEHATAN,Umum,Obat-Obatan,16839,379.,2020-12-02,Vitamin B Komplek,Tablet,100,135,13500
Kalimantan Selatan,Banjarbaru,PUSKESMAS SUNGAI BESAR,DINAS KESEHATAN,Umum,Obat-Obatan,16719,380.,2020-07-06,Vitamin B.12 Tablet,Tablet,1300,52,67600
Kalimantan Selatan,Banjarbaru,PUSKESMAS SUNGAI BESAR,DINAS KESEHATAN,Umum,Obat-Obatan,16719,381.,2020-12-02,Vitamin B.12 Tablet,Tablet,200,52,10400
Kalimantan Selatan,Banjarbaru,PUSKESMAS SUNGAI BESAR,DINAS KESEHATAN,Umum,Obat-Obatan,16722,382.,2020-01-03,Yodium Povidon Larutan 10 % 60 ml,Botol,2,4200,8400
Kalimantan Selatan,Banjarbaru,PUSKESMAS SUNGAI BESAR,DINAS KESEHATAN,Umum,Obat-Obatan,18393,383.,2020-01-02,ZINCI TABLET 20 MG,Tablet,830,592,491360
Kalimantan Selatan,Banjarbaru,PUSKESMAS SUNGAI BESAR,DINAS KESEHATAN,Umum,Obat-Obatan,19982,384.,2020-01-02,Zinc syrup,Botol,50,3285,164250
Kalimantan Selatan,Banjarbaru,PUSKESMAS SUNGAI BESAR,DINAS KESEHATAN,Umum,Obat-Obatan,19982,385.,2020-12-02,Zinc syrup,Botol,31,3285,101835
Kalimantan Selatan,Banjarbaru,PUSKESMAS SUNGAI BESAR,DINAS KESEHATAN,Umum,Obat-Obatan,20020,386.,2020-12-02,Zinci tabb 20 mg,Tablet,223,604,134692
Kalimantan Selatan,Banjarbaru,PUSKESMAS SUNGAI BESAR,DINAS KESEHATAN,Umum,Obat-Obatan,19366,387.,2020-01-02,acyclovir creamm  5%,Buah,9,2700,24300
Kalimantan Selatan,Banjarbaru,PUSKESMAS SUNGAI BESAR,DINAS KESEHATAN,Umum,Obat-Obatan,19367,388.,2020-01-02,diazepam inj 5mg/ml-2ml,Buah,8,1913,15304
Kalimantan Selatan,Banjarbaru,PUSKESMAS SUNGAI BESAR,DINAS KESEHATAN,Umum,Obat-Obatan,18973,389.,2020-01-02,hyosciamine n butil bromida,Tablet,699,1870,1307130
Kalimantan Selatan,Banjarbaru,PUSKESMAS SUNGAI BESAR,DINAS KESEHATAN,Umum,Obat-Obatan,18973,390.,2020-01-03,hyosciamine n butil bromida,Tablet,1,1870,1870
Kalimantan Selatan,Banjarbaru,PUSKESMAS SUNGAI BESAR,DINAS KESEHATAN,Umum,Obat-Obatan,18973,391.,2020-12-02,hyosciamine n butil bromida,Tablet,10,1870,18700
Kalimantan Selatan,Banjarbaru,PUSKESMAS SUNGAI BESAR,DINAS KESEHATAN,Umum,Perlengkapan Kesehatan,22697,392.,2020-12-21,DUK BOLONG,Buah,1,71500,71500
Kalimantan Selatan,Banjarbaru,PUSKESMAS SUNGAI BESAR,DINAS KESEHATAN,Umum,Perlengkapan Kesehatan,22940,393.,2020-11-10,HANDSCOON NON STERIL,box,10,201632,2016320
Kalimantan Selatan,Banjarbaru,PUSKESMAS SUNGAI BESAR,DINAS KESEHATAN,Umum,Perlengkapan Kesehatan,22152,394.,2020-11-10,MASKER (LEMBAR),lembar,550,2800,1540000
Kalimantan Selatan,Banjarbaru,PUSKESMAS SUNGAI BESAR,DINAS KESEHATAN,Umum,Perlengkapan Kesehatan,19775,395.,2020-01-02,MIKROTOA,Buah,2,78000,156000
Kalimantan Selatan,Banjarbaru,PUSKESMAS SUNGAI BESAR,DINAS KESEHATAN,Umum,Perlengkapan Kesehatan,19775,396.,2020-12-21,MIKROTOA,Buah,1,99000,99000
Kalimantan Selatan,Banjarbaru,PUSKESMAS SUNGAI BESAR,DINAS KESEHATAN,Umum,Perlengkapan Kesehatan,20816,397.,2020-03-06,MOUTHPIECE PEAK FLOW FOR PULM SERENITY,pcs,50,11812,590600
Kalimantan Selatan,Banjarbaru,PUSKESMAS SUNGAI BESAR,DINAS KESEHATAN,Umum,Perlengkapan Kesehatan,20816,398.,2020-11-10,MOUTHPIECE PEAK FLOW FOR PULM SERENITY,pcs,100,11812,1181200
Kalimantan Selatan,Banjarbaru,PUSKESMAS SUNGAI BESAR,DINAS KESEHATAN,Umum,Perlengkapan Kesehatan,4356,399.,2020-10-12,Nurse Cup Remedi,pcs,50,550,27500
Kalimantan Selatan,Banjarbaru,PUSKESMAS SUNGAI BESAR,DINAS KESEHATAN,Umum,Perlengkapan Kesehatan,19782,400.,2020-11-10,PAKET KELAS IBU HAMIL,Paket,4,150000,600000
Kalimantan Selatan,Banjarbaru,PUSKESMAS SUNGAI BESAR,DINAS KESEHATAN,Umum,Perlengkapan Kesehatan,19776,401.,2020-01-02,PANJANG BADAN BAYI,Buah,2,545000,1090000
Kalimantan Selatan,Banjarbaru,PUSKESMAS SUNGAI BESAR,DINAS KESEHATAN,Umum,Perlengkapan Kesehatan,19776,402.,2020-12-21,PANJANG BADAN BAYI,Buah,1,187000,187000
Kalimantan Selatan,Banjarbaru,PUSKESMAS SUNGAI BESAR,DINAS KESEHATAN,Umum,Perlengkapan Kesehatan,10348,403.,2020-07-06,Sarung Tangan Non Steril,box,5,52206,261030
Kalimantan Selatan,Banjarbaru,PUSKESMAS SUNGAI BESAR,DINAS KESEHATAN,Umum,Perlengkapan Kesehatan,19777,404.,2020-01-02,TIMBANGAN BADAN BAYI,Buah,1,380000,380000
Kalimantan Selatan,Banjarbaru,PUSKESMAS SUNGAI BESAR,DINAS KESEHATAN,Umum,Perlengkapan Kesehatan,4391,405.,2020-12-21,Torniquet,pcs,1,49500,49500
Kalimantan Selatan,Banjarbaru,PUSKESMAS SUNGAI BESAR,DINAS KESEHATAN,Umum,Cetak,9554,406.,2020-04-15,Blanko Hasil Pemeriksaan Lab,buku,10,15000,150000
Kalimantan Selatan,Banjarbaru,PUSKESMAS SUNGAI BESAR,DINAS KESEHATAN,Umum,Cetak,8710,407.,2020-04-15,Blanko Permintaan dan Persetujuan Tindakan Lab,buku,10,10000,100000
Kalimantan Selatan,Banjarbaru,PUSKESMAS SUNGAI BESAR,DINAS KESEHATAN,Umum,Cetak,19858,408.,2020-03-03,CETAK BUKU MONITORING PTM,Buah,90,12500,1125000
Kalimantan Selatan,Banjarbaru,PUSKESMAS SUNGAI BESAR,DINAS KESEHATAN,Umum,Cetak,21598,409.,2020-05-04,CETAK BUKU PENYAKIT RE-EMERGING,Buah,1,250000,250000
Kalimantan Selatan,Banjarbaru,PUSKESMAS SUNGAI BESAR,DINAS KESEHATAN,Umum,Cetak,19073,410.,2020-03-03,CETAK KARTU REGISTER Td WUS,lembar,25,7500,187500
Kalimantan Selatan,Banjarbaru,PUSKESMAS SUNGAI BESAR,DINAS KESEHATAN,Umum,Cetak,20845,411.,2020-10-12,CETAK LEMBAR BALIK HIV,lembar,2,150000,300000
Kalimantan Selatan,Banjarbaru,PUSKESMAS SUNGAI BESAR,DINAS KESEHATAN,Umum,Cetak,21604,412.,2020-10-12,CETAK POSTER PROGRAM HIV,Buah,5,28000,140000
Kalimantan Selatan,Banjarbaru,PUSKESMAS SUNGAI BESAR,DINAS KESEHATAN,Umum,Cetak,19840,413.,2020-05-04,CETAK SERTIFIKAT IMUNISASI BAYI,lembar,300,3740,1122000
Kalimantan Selatan,Banjarbaru,PUSKESMAS SUNGAI BESAR,DINAS KESEHATAN,Umum,Cetak,21585,414.,2020-07-09,CETAK STATUS PASIEN (EKSEMPLAR),Explr,35,25000,875000
Kalimantan Selatan,Banjarbaru,PUSKESMAS SUNGAI BESAR,DINAS KESEHATAN,Umum,Cetak,1511,415.,2020-10-12,"Cetak Buku Form, Autopsi Maternal dan Perinatal",Buah,5,200000,1000000
Kalimantan Selatan,Banjarbaru,PUSKESMAS SUNGAI BESAR,DINAS KESEHATAN,Umum,Cetak,5043,416.,2020-10-12,Cetak Buku Kesehatan Lansia,Buah,25,50000,1250000
Kalimantan Selatan,Banjarbaru,PUSKESMAS SUNGAI BESAR,DINAS KESEHATAN,Umum,Cetak,17927,417.,2020-09-02,Cetak Buku Register,Buah,1,250000,250000
Kalimantan Selatan,Banjarbaru,PUSKESMAS SUNGAI BESAR,DINAS KESEHATAN,Umum,Cetak,5820,418.,2020-09-02,Cetak Formulir (DDTK) dan Formulir (KPSP),Rim,7,50000,350000
Kalimantan Selatan,Banjarbaru,PUSKESMAS SUNGAI BESAR,DINAS KESEHATAN,Umum,Cetak,3411,419.,2020-05-04,Cetak ID Card,lembar,300,5000,1500000
Kalimantan Selatan,Banjarbaru,PUSKESMAS SUNGAI BESAR,DINAS KESEHATAN,Umum,Cetak,8976,420.,2020-05-04,Cetak Jilid Rapor Penilaian Mandiri Kesling Depot Air Minum,Buah,5,45000,225000
Kalimantan Selatan,Banjarbaru,PUSKESMAS SUNGAI BESAR,DINAS KESEHATAN,Umum,Cetak,8970,421.,2020-05-04,Cetak Jilid Rapor TPM,Buah,10,45000,450000
Kalimantan Selatan,Banjarbaru,PUSKESMAS SUNGAI BESAR,DINAS KESEHATAN,Umum,Cetak,11430,422.,2020-10-12,"Cetak Register Kohort Ibu, Bayi, Balita, Apras dan KB",Buah,28,35000,980000
Kalimantan Selatan,Banjarbaru,PUSKESMAS SUNGAI BESAR,DINAS KESEHATAN,Umum,Cetak,11902,423.,2020-10-12,Cetak Stiker Girij,lembar,350,2450,857500
Kalimantan Selatan,Banjarbaru,PUSKESMAS SUNGAI BESAR,DINAS KESEHATAN,Umum,Cetak,13096,424.,2020-01-02,Cetak Ular Tangga penyehatan Lingkungan,Buah,1,1100000,1100000
Kalimantan Selatan,Banjarbaru,PUSKESMAS SUNGAI BESAR,DINAS KESEHATAN,Umum,Cetak,7282,425.,2020-09-02,Cetak kartu ibu,lembar,28,25000,700000
Kalimantan Selatan,Banjarbaru,PUSKESMAS SUNGAI BESAR,DINAS KESEHATAN,Umum,Cetak,9493,426.,2020-01-02,Cetak sertifikat,lembar,50,3600,180000
Kalimantan Selatan,Banjarbaru,PUSKESMAS SUNGAI BESAR,DINAS KESEHATAN,Umum,Cetak,10544,427.,2020-04-15,Kartu Caten Sehat,Pak,17,25000,425000
Kalimantan Selatan,Banjarbaru,PUSKESMAS SUNGAI BESAR,DINAS KESEHATAN,Umum,Cetak,19349,428.,2020-01-02,Kartu Skrining Indeks Neonatal Hipotiroid,lembar,50,10000,500000
Kalimantan Selatan,Banjarbaru,PUSKESMAS SUNGAI BESAR,DINAS KESEHATAN,Umum,Cetak,20122,429.,2020-10-12,LEAFLET DBD,lembar,50,4500,225000
Kalimantan Selatan,Banjarbaru,PUSKESMAS SUNGAI BESAR,DINAS KESEHATAN,Umum,Cetak,20123,430.,2020-10-12,LEAFLET KECACINGAN,lembar,50,4500,225000
Kalimantan Selatan,Banjarbaru,PUSKESMAS SUNGAI BESAR,DINAS KESEHATAN,Umum,Cetak,19841,431.,2020-01-02,REGISTER KOHORT,Buah,20,69000,1380000
Kalimantan Selatan,Banjarbaru,PUSKESMAS SUNGAI BESAR,DINAS KESEHATAN,Umum,Cetak,18079,432.,2020-03-03,STIKER OUT DOOR RUMAH TANPA ASAP ROKOK,Buah,50,1950,97500
Kalimantan Selatan,Banjarbaru,PUSKESMAS SUNGAI BESAR,DINAS KESEHATAN,Umum,Cetak,6701,433.,2020-05-14,Surat Keterangan Karantina,buku,6,35000,210000
Kalimantan Selatan,Banjarbaru,PUSKESMAS SUNGAI BESAR,DINAS KESEHATAN,Umum,Cetak,3308,434.,2020-11-21,cetak kwitansi 5 rangkap 1/2 polio,Buah,7,35000,245000
Kalimantan Selatan,Banjarbaru,PUSKESMAS SUNGAI BESAR,DINAS KESEHATAN,Umum,Bahan Obat Obatan,19123,435.,2020-12-02,ALETROL TM,Botol,17,18000,306000
Kalimantan Selatan,Banjarbaru,PUSKESMAS SUNGAI BESAR,DINAS KESEHATAN,Umum,Bahan Obat Obatan,19121,436.,2020-03-04,ANATON SYRUP,Botol,60,6000,360000
Kalimantan Selatan,Banjarbaru,PUSKESMAS SUNGAI BESAR,DINAS KESEHATAN,Umum,Bahan Obat Obatan,19121,437.,2020-12-02,ANATON SYRUP,Botol,48,6000,288000
Kalimantan Selatan,Banjarbaru,PUSKESMAS SUNGAI BESAR,DINAS KESEHATAN,Umum,Bahan Obat Obatan,20823,438.,2020-12-07,ARI - TIMER,pcs,5,181500,907500
Kalimantan Selatan,Banjarbaru,PUSKESMAS SUNGAI BESAR,DINAS KESEHATAN,Umum,Bahan Obat Obatan,19125,439.,2020-12-02,CIPROFLOXACIN 500 mg,kotak,5,909,4545
Kalimantan Selatan,Banjarbaru,PUSKESMAS SUNGAI BESAR,DINAS KESEHATAN,Umum,Bahan Obat Obatan,20824,440.,2020-04-02,DEXTROFEN SYR BTL 50 ML,Botol,100,11550,1155000
Kalimantan Selatan,Banjarbaru,PUSKESMAS SUNGAI BESAR,DINAS KESEHATAN,Umum,Bahan Obat Obatan,20824,441.,2020-12-02,DEXTROFEN SYR BTL 50 ML,Botol,2,11550,23100
Kalimantan Selatan,Banjarbaru,PUSKESMAS SUNGAI BESAR,DINAS KESEHATAN,Umum,Bahan Obat Obatan,19127,442.,2020-11-03,FERRO FUMARATE ( TTD PHAPROS BUMIL) 60 mg,Tablet,27,45700,1233900
Kalimantan Selatan,Banjarbaru,PUSKESMAS SUNGAI BESAR,DINAS KESEHATAN,Umum,Bahan Obat Obatan,20831,443.,2020-03-04,GENTIAN VOLET,Botol,1,77000,77000
Kalimantan Selatan,Banjarbaru,PUSKESMAS SUNGAI BESAR,DINAS KESEHATAN,Umum,Bahan Obat Obatan,20831,444.,2020-12-02,GENTIAN VOLET,Botol,19,77000,1463000
Kalimantan Selatan,Banjarbaru,PUSKESMAS SUNGAI BESAR,DINAS KESEHATAN,Umum,Bahan Obat Obatan,19117,445.,2020-03-04,LODECON FORTE,kotak,200,600,120000
Kalimantan Selatan,Banjarbaru,PUSKESMAS SUNGAI BESAR,DINAS KESEHATAN,Umum,Bahan Obat Obatan,19117,446.,2020-12-02,LODECON FORTE,kotak,140,600,84000
Kalimantan Selatan,Banjarbaru,PUSKESMAS SUNGAI BESAR,DINAS KESEHATAN,Umum,Bahan Obat Obatan,16010,447.,2020-01-02,PEHACAIN,box,35,3850,134750
Kalimantan Selatan,Banjarbaru,PUSKESMAS SUNGAI BESAR,DINAS KESEHATAN,Umum,Bahan Obat Obatan,20669,448.,2020-11-03,Povidone,Buah,2,5100,10200
Kalimantan Selatan,Banjarbaru,PUSKESMAS SUNGAI BESAR,DINAS KESEHATAN,Umum,Bahan Obat Obatan,20826,449.,2020-01-02,RED CAP PLAIN (NO ADDITIVE) 5 ML,Pak,815,1650,1344750
Kalimantan Selatan,Banjarbaru,PUSKESMAS SUNGAI BESAR,DINAS KESEHATAN,Umum,Bahan Obat Obatan,19119,450.,2020-03-04,SOLAFLUS SYRUP,Botol,60,10000,600000
Kalimantan Selatan,Banjarbaru,PUSKESMAS SUNGAI BESAR,DINAS KESEHATAN,Umum,Bahan Obat Obatan,19119,451.,2020-12-02,SOLAFLUS SYRUP,Botol,30,10000,300000
Kalimantan Selatan,Banjarbaru,PUSKESMAS SUNGAI BESAR,DINAS KESEHATAN,Umum,Bahan Obat Obatan,20830,452.,2020-01-02,TORNIQUET OM,Buah,1,22000,22000
