SATKER,PUSKESMAS LANDASAN ULINANY,,,,,,,,,,,,
Nama Barang,ANY,,,,,,,,,,,,
,,,,,,,,,,,,,
Provinsi,Kota,SATKER,SKPD,Gudang,Jenis Barang,Kode Barang,No,Tanggal Beli,Nama Barang,Satuan,Jumlah,Harga,Total Harga
Daftar Persediaan Barang Habis Pakai,,,,,,,,,,,,,
Kalimantan Selatan,Banjarbaru,PUSKESMAS LANDASAN ULIN,DINAS KESEHATAN,Umum,Alat Tulis Kantor,1370,1.,2020-10-19,Kertas HVS F4 70 Gr,Rim,2,55000,110000
,,,,,,,,,,,Total:2,,Total:110.000
Kalimantan Selatan,Banjarbaru,PUSKESMAS LANDASAN ULIN,DINAS KESEHATAN,Umum,Alat Tulis Kantor,21114,2.,2020-12-22,SPIDOL WHITEBOARD,Buah,1,10000,10000
,,,,,,,,,,,Total:1,,Total:10.000
Kalimantan Selatan,Banjarbaru,PUSKESMAS LANDASAN ULIN,DINAS KESEHATAN,Umum,Alat Tulis Kantor,2048,3.,2020-12-22,kertas NCR,Rim,1,100000,100000
,,,,,,,,,,,Total:1,,Total:100.000
Kalimantan Selatan,Banjarbaru,PUSKESMAS LANDASAN ULIN,DINAS KESEHATAN,Umum,Peralatan Kebersihan dan Bahan Pembersih,17928,4.,2020-09-15,Cairan Pembersih Closet,Buah,1,25000,25000
,,,,,,,,,,,Total:1,,Total:25.000
Kalimantan Selatan,Banjarbaru,PUSKESMAS LANDASAN ULIN,DINAS KESEHATAN,Umum,Peralatan Kebersihan dan Bahan Pembersih,3625,5.,2020-07-15,Cairan pembersih lantai,Bungkus,1,22000,22000
,,,,,,,,,,,Total:1,,Total:22.000
Kalimantan Selatan,Banjarbaru,PUSKESMAS LANDASAN ULIN,DINAS KESEHATAN,Umum,Peralatan Kebersihan dan Bahan Pembersih,21961,6.,2020-09-15,KANTONG PLASTIK MEDIS,Pak,2,22000,44000
,,,,,,,,,,,Total:2,,Total:44.000
Kalimantan Selatan,Banjarbaru,PUSKESMAS LANDASAN ULIN,DINAS KESEHATAN,Umum,Peralatan Kebersihan dan Bahan Pembersih,15256,7.,2020-07-15,SABUN CAIR CUCI PIRING,Buah,1,19000,19000
,,,,,,,,,,,Total:1,,Total:19.000
Kalimantan Selatan,Banjarbaru,PUSKESMAS LANDASAN ULIN,DINAS KESEHATAN,Umum,Peralatan dan Perlengkapan Komputer,15503,8.,2020-12-22,Reffil Tinta Hitam,Buah,3,160000,480000
,,,,,,,,,,,Total:3,,Total:480.000
Kalimantan Selatan,Banjarbaru,PUSKESMAS LANDASAN ULIN,DINAS KESEHATAN,Umum,Obat-Obatan,16500,9.,2020-07-14,ACYCLOVIR TABLET 400 MG,Tablet,50,425,21250
,,,,,,,,,,,Total:50,,Total:21.250
Kalimantan Selatan,Banjarbaru,PUSKESMAS LANDASAN ULIN,DINAS KESEHATAN,Umum,Obat-Obatan,16062,10.,2020-09-01,"ADS 0,05 ml",Buah,2,1518,3036
,,,,,,,,,,,Total:2,,Total:3.036
Kalimantan Selatan,Banjarbaru,PUSKESMAS LANDASAN ULIN,DINAS KESEHATAN,Umum,Obat-Obatan,17108,11.,2020-10-01,"ADS 0,5 ml",Buah,1029,1240,1275960
,,,,,,,,,,,Total:1.029,,Total:1.275.960
Kalimantan Selatan,Banjarbaru,PUSKESMAS LANDASAN ULIN,DINAS KESEHATAN,Umum,Obat-Obatan,17109,12.,2020-01-02,ADS 5 ml,Buah,14,1705,23870
,,,,,,,,,,,Total:14,,Total:23.870
Kalimantan Selatan,Banjarbaru,PUSKESMAS LANDASAN ULIN,DINAS KESEHATAN,Umum,Obat-Obatan,20986,13.,2020-09-01,ADS 5 ml harga 2,Buah,100,1583,158300
,,,,,,,,,,,Total:100,,Total:158.300
Kalimantan Selatan,Banjarbaru,PUSKESMAS LANDASAN ULIN,DINAS KESEHATAN,Umum,Obat-Obatan,22930,14.,2020-10-14,"ALAT SUNTIK SEKALI PAKAI 2,5 ML",Buah,990,747,739530
,,,,,,,,,,,Total:990,,Total:739.530
Kalimantan Selatan,Banjarbaru,PUSKESMAS LANDASAN ULIN,DINAS KESEHATAN,Umum,Obat-Obatan,16501,15.,2020-01-02,ALBENDAZOL SUSPENSI,Botol,20,4600,92000
,,,,,,,,,,,Total:20,,Total:92.000
Kalimantan Selatan,Banjarbaru,PUSKESMAS LANDASAN ULIN,DINAS KESEHATAN,Umum,Obat-Obatan,16502,16.,2020-01-02,ALBENDAZOL TABLET 400 MG,Tablet,71,463,32873
Kalimantan Selatan,Banjarbaru,PUSKESMAS LANDASAN ULIN,DINAS KESEHATAN,Umum,Obat-Obatan,16502,17.,2020-01-02,ALBENDAZOL TABLET 400 MG,Tablet,29,463,13427
Kalimantan Selatan,Banjarbaru,PUSKESMAS LANDASAN ULIN,DINAS KESEHATAN,Umum,Obat-Obatan,16502,18.,2020-07-14,ALBENDAZOL TABLET 400 MG,Tablet,200,463,92600
,,,,,,,,,,,Total:300,,Total:138.900
Kalimantan Selatan,Banjarbaru,PUSKESMAS LANDASAN ULIN,DINAS KESEHATAN,Umum,Obat-Obatan,20683,19.,2020-12-01,ALBENDAZOLE,kotak,43,46300,1990900
,,,,,,,,,,,Total:43,,Total:1.990.900
Kalimantan Selatan,Banjarbaru,PUSKESMAS LANDASAN ULIN,DINAS KESEHATAN,Umum,Obat-Obatan,16503,20.,2020-10-14,ALLOPURINOL 300 MG,Tablet,100,341,34100
,,,,,,,,,,,Total:100,,Total:34.100
Kalimantan Selatan,Banjarbaru,PUSKESMAS LANDASAN ULIN,DINAS KESEHATAN,Umum,Obat-Obatan,16511,21.,2020-10-14,ALLOPURINOLL TABLET 100 MG,Tablet,1000,99,99000
,,,,,,,,,,,Total:1.000,,Total:99.000
Kalimantan Selatan,Banjarbaru,PUSKESMAS LANDASAN ULIN,DINAS KESEHATAN,Umum,Obat-Obatan,20163,22.,2020-04-13,AMBROXOL SIRUP 15 mg /ml,Botol,360,3355,1207800
,,,,,,,,,,,Total:360,,Total:1.207.800
Kalimantan Selatan,Banjarbaru,PUSKESMAS LANDASAN ULIN,DINAS KESEHATAN,Umum,Obat-Obatan,16509,23.,2020-03-02,AMBROXOL SYRUP,Botol,120,3190,382800
,,,,,,,,,,,Total:120,,Total:382.800
Kalimantan Selatan,Banjarbaru,PUSKESMAS LANDASAN ULIN,DINAS KESEHATAN,Umum,Obat-Obatan,16517,24.,2020-10-14,AMITRIPTILIN HCL TABLET SALUT 25 MG,Tablet,100,304,30400
,,,,,,,,,,,Total:100,,Total:30.400
Kalimantan Selatan,Banjarbaru,PUSKESMAS LANDASAN ULIN,DINAS KESEHATAN,Umum,Obat-Obatan,20204,25.,2020-10-14,AMLODIPIN 5 mgTAB,Tablet,3000,81,243000
,,,,,,,,,,,Total:3.000,,Total:243.000
Kalimantan Selatan,Banjarbaru,PUSKESMAS LANDASAN ULIN,DINAS KESEHATAN,Umum,Obat-Obatan,16583,26.,2020-01-02,AMOKSISILIN FORTE SIRUP KERING 125 MG/ 5 ML,Botol,125,3797,474625
,,,,,,,,,,,Total:125,,Total:474.625
Kalimantan Selatan,Banjarbaru,PUSKESMAS LANDASAN ULIN,DINAS KESEHATAN,Umum,Obat-Obatan,16520,27.,2020-10-14,AMOKSISILIN KAPSUL 500 MG,Kapsul,500,265,132500
,,,,,,,,,,,Total:500,,Total:132.500
Kalimantan Selatan,Banjarbaru,PUSKESMAS LANDASAN ULIN,DINAS KESEHATAN,Umum,Obat-Obatan,21019,28.,2020-04-13,AMOXICILLIN TABLET 250 mg,Tablet,100,209,20900
,,,,,,,,,,,Total:100,,Total:20.900
Kalimantan Selatan,Banjarbaru,PUSKESMAS LANDASAN ULIN,DINAS KESEHATAN,Umum,Obat-Obatan,16585,29.,2020-10-14,"ANTASIDA DOEN TABLET, KOMBINASI",Tablet,800,60,48000
,,,,,,,,,,,Total:800,,Total:48.000
Kalimantan Selatan,Banjarbaru,PUSKESMAS LANDASAN ULIN,DINAS KESEHATAN,Umum,Obat-Obatan,16586,30.,2020-10-14,ANTASIDA SUSPENSI,Botol,100,2098,209800
,,,,,,,,,,,Total:100,,Total:209.800
Kalimantan Selatan,Banjarbaru,PUSKESMAS LANDASAN ULIN,DINAS KESEHATAN,Umum,Obat-Obatan,18306,31.,2020-01-02,ANTIMIGRAIN DOEN KOMBINASI,Tablet,100,251,25100
,,,,,,,,,,,Total:100,,Total:25.100
Kalimantan Selatan,Banjarbaru,PUSKESMAS LANDASAN ULIN,DINAS KESEHATAN,Umum,Obat-Obatan,18307,32.,2020-01-02,"AQUA PROINJEKSISTERIL, BEBAS PIROGEN  HARGA 1",Vial,27,2862,77274
,,,,,,,,,,,Total:27,,Total:77.274
Kalimantan Selatan,Banjarbaru,PUSKESMAS LANDASAN ULIN,DINAS KESEHATAN,Umum,Obat-Obatan,16592,33.,2020-10-14,ASAM ASKORBAT (VIT C) TABLET 50 MG,Tablet,800,120,96000
,,,,,,,,,,,Total:800,,Total:96.000
Kalimantan Selatan,Banjarbaru,PUSKESMAS LANDASAN ULIN,DINAS KESEHATAN,Umum,Obat-Obatan,18829,34.,2020-07-14,ASAM TRANEKSAMAT 500 MG,Tablet,50,3509,175450
,,,,,,,,,,,Total:50,,Total:175.450
Kalimantan Selatan,Banjarbaru,PUSKESMAS LANDASAN ULIN,DINAS KESEHATAN,Umum,Obat-Obatan,17460,35.,2020-01-02,ASAM TRANEKSAMAT TABLET,Tablet,100,1430,143000
,,,,,,,,,,,Total:100,,Total:143.000
Kalimantan Selatan,Banjarbaru,PUSKESMAS LANDASAN ULIN,DINAS KESEHATAN,Umum,Obat-Obatan,16594,36.,2020-01-02,ASETIL SISTEIN-N / N-ASETIL SISTEIN,Tablet,2400,475,1140000
,,,,,,,,,,,Total:2.400,,Total:1.140.000
Kalimantan Selatan,Banjarbaru,PUSKESMAS LANDASAN ULIN,DINAS KESEHATAN,Umum,Obat-Obatan,17461,37.,2020-01-02,ASETIL SISTEIN-N / N-ASETIL SISTEIN 200MG,Tablet,120,412,49440
,,,,,,,,,,,Total:120,,Total:49.440
Kalimantan Selatan,Banjarbaru,PUSKESMAS LANDASAN ULIN,DINAS KESEHATAN,Umum,Obat-Obatan,17204,38.,2020-04-13,Acyclovir Tablet 200 mg Harga 2,Tablet,200,272,54400
,,,,,,,,,,,Total:200,,Total:54.400
Kalimantan Selatan,Banjarbaru,PUSKESMAS LANDASAN ULIN,DINAS KESEHATAN,Umum,Obat-Obatan,21483,39.,2020-03-02,Alat Suntik Sekali Pakaiii 1 ml,pcs,100,1430,143000
,,,,,,,,,,,Total:100,,Total:143.000
Kalimantan Selatan,Banjarbaru,PUSKESMAS LANDASAN ULIN,DINAS KESEHATAN,Umum,Obat-Obatan,16724,40.,2020-10-14,Alat Suntik sekali Pakai  3 ml Harga 1,pcs,80,818,65440
,,,,,,,,,,,Total:80,,Total:65.440
Kalimantan Selatan,Banjarbaru,PUSKESMAS LANDASAN ULIN,DINAS KESEHATAN,Umum,Obat-Obatan,16726,41.,2020-01-02,Alat Suntik sekali Pakai 5 ml Harga 1,pcs,95,1600,152000
,,,,,,,,,,,Total:95,,Total:152.000
Kalimantan Selatan,Banjarbaru,PUSKESMAS LANDASAN ULIN,DINAS KESEHATAN,Umum,Obat-Obatan,21331,42.,2020-10-14,Alkohol swab,Buah,100,110,11000
,,,,,,,,,,,Total:100,,Total:11.000
Kalimantan Selatan,Banjarbaru,PUSKESMAS LANDASAN ULIN,DINAS KESEHATAN,Umum,Obat-Obatan,19052,43.,2020-03-02,Allopurinol 300 mg,Tablet,100,216,21600
,,,,,,,,,,,Total:100,,Total:21.600
Kalimantan Selatan,Banjarbaru,PUSKESMAS LANDASAN ULIN,DINAS KESEHATAN,Umum,Obat-Obatan,608,44.,2020-01-02,Alpara Syrup,Botol,10050,683,6864150
,,,,,,,,,,,Total:10.050,,Total:6.864.150
Kalimantan Selatan,Banjarbaru,PUSKESMAS LANDASAN ULIN,DINAS KESEHATAN,Umum,Obat-Obatan,18517,45.,2020-10-14,Ambroxol 30mg,Tablet,200,99,19800
,,,,,,,,,,,Total:200,,Total:19.800
Kalimantan Selatan,Banjarbaru,PUSKESMAS LANDASAN ULIN,DINAS KESEHATAN,Umum,Obat-Obatan,19975,46.,2020-10-14,Asam mefenamat kapsul 500 mg harga 2,Kapsul,1000,103,103000
,,,,,,,,,,,Total:1.000,,Total:103.000
Kalimantan Selatan,Banjarbaru,PUSKESMAS LANDASAN ULIN,DINAS KESEHATAN,Umum,Obat-Obatan,21044,47.,2020-03-02,BETAHISTIN TABLET 6 mg,Tablet,100,119,11900
Kalimantan Selatan,Banjarbaru,PUSKESMAS LANDASAN ULIN,DINAS KESEHATAN,Umum,Obat-Obatan,21044,48.,2020-04-13,BETAHISTIN TABLET 6 mg,Tablet,100,119,11900
,,,,,,,,,,,Total:200,,Total:23.800
Kalimantan Selatan,Banjarbaru,PUSKESMAS LANDASAN ULIN,DINAS KESEHATAN,Umum,Obat-Obatan,16597,49.,2020-10-14,"BETAMETASON KRIM 0,1 %",Tube,50,1865,93250
,,,,,,,,,,,Total:50,,Total:93.250
Kalimantan Selatan,Banjarbaru,PUSKESMAS LANDASAN ULIN,DINAS KESEHATAN,Umum,Obat-Obatan,16792,50.,2020-03-02,Biosave Harga 1,Vial,2,656530,1313060
,,,,,,,,,,,Total:2,,Total:1.313.060
Kalimantan Selatan,Banjarbaru,PUSKESMAS LANDASAN ULIN,DINAS KESEHATAN,Umum,Obat-Obatan,16793,51.,2020-03-02,Biosave Harga 2,Vial,1,479996,479996
,,,,,,,,,,,Total:1,,Total:479.996
Kalimantan Selatan,Banjarbaru,PUSKESMAS LANDASAN ULIN,DINAS KESEHATAN,Umum,Obat-Obatan,19976,52.,2020-03-02,Bisakodil supp 5 mg/ Dulcolax supp anak,Suppo,8,6000,48000
Kalimantan Selatan,Banjarbaru,PUSKESMAS LANDASAN ULIN,DINAS KESEHATAN,Umum,Obat-Obatan,19976,53.,2020-10-14,Bisakodil supp 5 mg/ Dulcolax supp anak,Suppo,6,6000,36000
,,,,,,,,,,,Total:14,,Total:84.000
Kalimantan Selatan,Banjarbaru,PUSKESMAS LANDASAN ULIN,DINAS KESEHATAN,Umum,Obat-Obatan,560,54.,2020-03-02,Bisakodil suppositoria 10 mg (Dulcolax/Stolax),Suppo,2,5900,11800
,,,,,,,,,,,Total:2,,Total:11.800
Kalimantan Selatan,Banjarbaru,PUSKESMAS LANDASAN ULIN,DINAS KESEHATAN,Umum,Obat-Obatan,571,55.,2020-01-02,Bisakodil suppositoria 5 mg (Dulcolax),Suppo,48,4990,239520
,,,,,,,,,,,Total:48,,Total:239.520
Kalimantan Selatan,Banjarbaru,PUSKESMAS LANDASAN ULIN,DINAS KESEHATAN,Umum,Obat-Obatan,16786,56.,2020-01-02,Bufacetine,Tube,118,3360,396480
Kalimantan Selatan,Banjarbaru,PUSKESMAS LANDASAN ULIN,DINAS KESEHATAN,Umum,Obat-Obatan,16786,57.,2020-01-02,Bufacetine,Tube,2,3360,6720
,,,,,,,,,,,Total:120,,Total:403.200
Kalimantan Selatan,Banjarbaru,PUSKESMAS LANDASAN ULIN,DINAS KESEHATAN,Umum,Obat-Obatan,19986,58.,2020-04-13,CAPTOPRIL 25 MG TAB,Tablet,2,14463,28926
,,,,,,,,,,,Total:2,,Total:28.926
Kalimantan Selatan,Banjarbaru,PUSKESMAS LANDASAN ULIN,DINAS KESEHATAN,Umum,Obat-Obatan,21496,59.,2020-01-02,CEFADROXIL FORTE 250MG/5ML HARGA 3,Botol,19,5826,110694
,,,,,,,,,,,Total:19,,Total:110.694
Kalimantan Selatan,Banjarbaru,PUSKESMAS LANDASAN ULIN,DINAS KESEHATAN,Umum,Obat-Obatan,2565,60.,2020-01-02,CEFIXIME 200MG,Kapsul,30,2430,72900
,,,,,,,,,,,Total:30,,Total:72.900
Kalimantan Selatan,Banjarbaru,PUSKESMAS LANDASAN ULIN,DINAS KESEHATAN,Umum,Obat-Obatan,17464,61.,2020-01-02,CEFIXIME DRY SYRUP 60ML,Botol,96,7690,738240
,,,,,,,,,,,Total:96,,Total:738.240
Kalimantan Selatan,Banjarbaru,PUSKESMAS LANDASAN ULIN,DINAS KESEHATAN,Umum,Obat-Obatan,16603,62.,2020-01-02,CLAPIDOGREL TAB 75 MG,Tablet,60,1469,88140
,,,,,,,,,,,Total:60,,Total:88.140
Kalimantan Selatan,Banjarbaru,PUSKESMAS LANDASAN ULIN,DINAS KESEHATAN,Umum,Obat-Obatan,16604,63.,2020-07-14,CLOBAZAM 10 MG,Tablet,60,916,54960
,,,,,,,,,,,Total:60,,Total:54.960
Kalimantan Selatan,Banjarbaru,PUSKESMAS LANDASAN ULIN,DINAS KESEHATAN,Umum,Obat-Obatan,16728,64.,2020-01-02,Catgut / Benang Bedah No.3/0 Harga 1,pcs,2,7570,15140
Kalimantan Selatan,Banjarbaru,PUSKESMAS LANDASAN ULIN,DINAS KESEHATAN,Umum,Obat-Obatan,16728,65.,2020-10-14,Catgut / Benang Bedah No.3/0 Harga 1,pcs,12,7570,90840
,,,,,,,,,,,Total:14,,Total:105.980
Kalimantan Selatan,Banjarbaru,PUSKESMAS LANDASAN ULIN,DINAS KESEHATAN,Umum,Obat-Obatan,17223,66.,2020-01-02,Cefadroxil Forte Sirup Kering 250 mg,Botol,100,6285,628500
,,,,,,,,,,,Total:100,,Total:628.500
Kalimantan Selatan,Banjarbaru,PUSKESMAS LANDASAN ULIN,DINAS KESEHATAN,Umum,Obat-Obatan,21485,67.,2020-01-02,Cefadroxil syrup 125 mg harga 3,Botol,46,4360,200560
Kalimantan Selatan,Banjarbaru,PUSKESMAS LANDASAN ULIN,DINAS KESEHATAN,Umum,Obat-Obatan,21485,68.,2020-01-02,Cefadroxil syrup 125 mg harga 3,Botol,4,4360,17440
,,,,,,,,,,,Total:50,,Total:218.000
Kalimantan Selatan,Banjarbaru,PUSKESMAS LANDASAN ULIN,DINAS KESEHATAN,Umum,Obat-Obatan,495,69.,2020-07-14,Cetirizine syrup 5 mg/5 ml,Botol,50,3061,153050
Kalimantan Selatan,Banjarbaru,PUSKESMAS LANDASAN ULIN,DINAS KESEHATAN,Umum,Obat-Obatan,495,70.,2020-10-14,Cetirizine syrup 5 mg/5 ml,Botol,100,3061,306100
,,,,,,,,,,,Total:150,,Total:459.150
Kalimantan Selatan,Banjarbaru,PUSKESMAS LANDASAN ULIN,DINAS KESEHATAN,Umum,Obat-Obatan,20212,71.,2020-01-02,DEKSAMETASON INJ 5 MG /ML 1 - ML,Ampul,2,1210,2420
,,,,,,,,,,,Total:2,,Total:2.420
Kalimantan Selatan,Banjarbaru,PUSKESMAS LANDASAN ULIN,DINAS KESEHATAN,Umum,Obat-Obatan,17632,72.,2020-10-14,DIAZEPAM 2MG TAB,Tablet,72,86,6192
,,,,,,,,,,,Total:72,,Total:6.192
Kalimantan Selatan,Banjarbaru,PUSKESMAS LANDASAN ULIN,DINAS KESEHATAN,Umum,Obat-Obatan,17466,73.,2020-01-02,DIAZEPAM INJ 5MG/ML-2ML,ampul,10,8800,88000
,,,,,,,,,,,Total:10,,Total:88.000
Kalimantan Selatan,Banjarbaru,PUSKESMAS LANDASAN ULIN,DINAS KESEHATAN,Umum,Obat-Obatan,16608,74.,2020-01-02,"DIGOKSIN TABLET 0,25 MG",Tablet,200,103,20600
,,,,,,,,,,,Total:200,,Total:20.600
Kalimantan Selatan,Banjarbaru,PUSKESMAS LANDASAN ULIN,DINAS KESEHATAN,Umum,Obat-Obatan,16609,75.,2020-01-02,DILTIAZEM 30 MG,Tablet,300,137,41100
,,,,,,,,,,,Total:300,,Total:41.100
Kalimantan Selatan,Banjarbaru,PUSKESMAS LANDASAN ULIN,DINAS KESEHATAN,Umum,Obat-Obatan,5150,76.,2020-10-01,DT,Vial,70,17450,1221500
,,,,,,,,,,,Total:70,,Total:1.221.500
Kalimantan Selatan,Banjarbaru,PUSKESMAS LANDASAN ULIN,DINAS KESEHATAN,Umum,Obat-Obatan,16610,77.,2020-03-02,DYMENHIDRINAT TAB,Tablet,100,121,12100
,,,,,,,,,,,Total:100,,Total:12.100
Kalimantan Selatan,Banjarbaru,PUSKESMAS LANDASAN ULIN,DINAS KESEHATAN,Umum,Obat-Obatan,601,78.,2020-01-02,Deksametason inj 5 mg/ml,Ampul,79,1738,137302
,,,,,,,,,,,Total:79,,Total:137.302
Kalimantan Selatan,Banjarbaru,PUSKESMAS LANDASAN ULIN,DINAS KESEHATAN,Umum,Obat-Obatan,18983,79.,2020-06-01,Dhp Antimalaria,kotak,3,19206,57618
,,,,,,,,,,,Total:3,,Total:57.618
Kalimantan Selatan,Banjarbaru,PUSKESMAS LANDASAN ULIN,DINAS KESEHATAN,Umum,Obat-Obatan,20687,80.,2020-01-02,Dhp Antimalaria (Kotak),kotak,1,18000,18000
,,,,,,,,,,,Total:1,,Total:18.000
Kalimantan Selatan,Banjarbaru,PUSKESMAS LANDASAN ULIN,DINAS KESEHATAN,Umum,Obat-Obatan,768,81.,2020-10-14,Dimenhidrinat 50 mg,Tablet,200,129,25800
,,,,,,,,,,,Total:200,,Total:25.800
Kalimantan Selatan,Banjarbaru,PUSKESMAS LANDASAN ULIN,DINAS KESEHATAN,Umum,Obat-Obatan,10477,82.,2020-09-01,Disposible Clothing Hospital Safety Converall Protection,pcs,50,178260,8913000
,,,,,,,,,,,Total:50,,Total:8.913.000
Kalimantan Selatan,Banjarbaru,PUSKESMAS LANDASAN ULIN,DINAS KESEHATAN,Umum,Obat-Obatan,21492,83.,2020-07-14,ECHINACEA TABLET,Tablet,60,2120,127200
,,,,,,,,,,,Total:60,,Total:127.200
Kalimantan Selatan,Banjarbaru,PUSKESMAS LANDASAN ULIN,DINAS KESEHATAN,Umum,Obat-Obatan,17467,84.,2020-01-02,"EPINEFRIN HCL/ADRENALIN INJ 0,1%-1 ML",Ampul,3,8910,26730
,,,,,,,,,,,Total:3,,Total:26.730
Kalimantan Selatan,Banjarbaru,PUSKESMAS LANDASAN ULIN,DINAS KESEHATAN,Umum,Obat-Obatan,17468,85.,2020-01-02,"EPINEFRIN HCL/ADRENALIN INJ 0,1%-1 ML HARGA 2",Ampul,30,1848,55440
,,,,,,,,,,,Total:30,,Total:55.440
Kalimantan Selatan,Banjarbaru,PUSKESMAS LANDASAN ULIN,DINAS KESEHATAN,Umum,Obat-Obatan,21487,86.,2020-01-02,"EPINEFRIN HCL/ADRENALIN INJ 0,1%-1 ML HARGA 3",Ampul,3,1518,4554
Kalimantan Selatan,Banjarbaru,PUSKESMAS LANDASAN ULIN,DINAS KESEHATAN,Umum,Obat-Obatan,21487,87.,2020-07-14,"EPINEFRIN HCL/ADRENALIN INJ 0,1%-1 ML HARGA 3",Ampul,15,1518,22770
,,,,,,,,,,,Total:18,,Total:27.324
Kalimantan Selatan,Banjarbaru,PUSKESMAS LANDASAN ULIN,DINAS KESEHATAN,Umum,Obat-Obatan,21488,88.,2020-03-02,ERYTHROMICYN KAPSUL 250 MG HARGA 2,Kapsul,200,636,127200
,,,,,,,,,,,Total:200,,Total:127.200
Kalimantan Selatan,Banjarbaru,PUSKESMAS LANDASAN ULIN,DINAS KESEHATAN,Umum,Obat-Obatan,16783,89.,2020-01-02,Eperisone,Tablet,100,1249,124900
Kalimantan Selatan,Banjarbaru,PUSKESMAS LANDASAN ULIN,DINAS KESEHATAN,Umum,Obat-Obatan,16783,90.,2020-01-02,Eperisone,Tablet,100,1249,124900
,,,,,,,,,,,Total:200,,Total:249.800
Kalimantan Selatan,Banjarbaru,PUSKESMAS LANDASAN ULIN,DINAS KESEHATAN,Umum,Obat-Obatan,846,91.,2020-01-02,"Epinefrin (Adrenalin) inj 0,1 % (sbg HCI)",ampul,15,4086,61290
,,,,,,,,,,,Total:15,,Total:61.290
Kalimantan Selatan,Banjarbaru,PUSKESMAS LANDASAN ULIN,DINAS KESEHATAN,Umum,Obat-Obatan,16764,92.,2020-01-02,Etanol 70% 1000 ml Harga 1,Botol,6,30000,180000
Kalimantan Selatan,Banjarbaru,PUSKESMAS LANDASAN ULIN,DINAS KESEHATAN,Umum,Obat-Obatan,16764,93.,2020-01-02,Etanol 70% 1000 ml Harga 1,Botol,5,30000,150000
Kalimantan Selatan,Banjarbaru,PUSKESMAS LANDASAN ULIN,DINAS KESEHATAN,Umum,Obat-Obatan,16764,94.,2020-01-02,Etanol 70% 1000 ml Harga 1,Botol,5,30000,150000
Kalimantan Selatan,Banjarbaru,PUSKESMAS LANDASAN ULIN,DINAS KESEHATAN,Umum,Obat-Obatan,16764,95.,2020-04-13,Etanol 70% 1000 ml Harga 1,Botol,3,30000,90000
Kalimantan Selatan,Banjarbaru,PUSKESMAS LANDASAN ULIN,DINAS KESEHATAN,Umum,Obat-Obatan,16764,96.,2020-10-14,Etanol 70% 1000 ml Harga 1,Botol,2,30000,60000
,,,,,,,,,,,Total:21,,Total:630.000
Kalimantan Selatan,Banjarbaru,PUSKESMAS LANDASAN ULIN,DINAS KESEHATAN,Umum,Obat-Obatan,2613,97.,2020-01-02,Etil Klorida Spray,Botol,4,181000,724000
,,,,,,,,,,,Total:4,,Total:724.000
Kalimantan Selatan,Banjarbaru,PUSKESMAS LANDASAN ULIN,DINAS KESEHATAN,Umum,Obat-Obatan,17725,98.,2020-01-02,Eugenol Cairan,Botol,2,18333,36666
,,,,,,,,,,,Total:2,,Total:36.666
Kalimantan Selatan,Banjarbaru,PUSKESMAS LANDASAN ULIN,DINAS KESEHATAN,Umum,Obat-Obatan,20681,99.,2020-12-01,FDC KAT ANAK (PAKET),Paket,2,285343,570686
,,,,,,,,,,,Total:2,,Total:570.686
Kalimantan Selatan,Banjarbaru,PUSKESMAS LANDASAN ULIN,DINAS KESEHATAN,Umum,Obat-Obatan,18977,100.,2020-12-01,FDC1/111,Paket,1,477791,477791
,,,,,,,,,,,Total:1,,Total:477.791
Kalimantan Selatan,Banjarbaru,PUSKESMAS LANDASAN ULIN,DINAS KESEHATAN,Umum,Obat-Obatan,16625,101.,2020-01-02,FENOBARBITAL TABLET 30 MG,Tablet,100,145,14500
,,,,,,,,,,,Total:100,,Total:14.500
Kalimantan Selatan,Banjarbaru,PUSKESMAS LANDASAN ULIN,DINAS KESEHATAN,Umum,Obat-Obatan,16629,102.,2020-01-02,FITOMENADION (VIT.K) TABLET SALUT 10 MG,Tablet,200,796,159200
,,,,,,,,,,,Total:200,,Total:159.200
Kalimantan Selatan,Banjarbaru,PUSKESMAS LANDASAN ULIN,DINAS KESEHATAN,Umum,Obat-Obatan,16630,103.,2020-07-14,FUROSEMID TABLET 40 MG,Tablet,200,79,15800
,,,,,,,,,,,Total:200,,Total:15.800
Kalimantan Selatan,Banjarbaru,PUSKESMAS LANDASAN ULIN,DINAS KESEHATAN,Umum,Obat-Obatan,537,104.,2020-01-02,Fenobarbital tablet 30 mg,Tablet,400,52,20800
Kalimantan Selatan,Banjarbaru,PUSKESMAS LANDASAN ULIN,DINAS KESEHATAN,Umum,Obat-Obatan,537,105.,2020-10-14,Fenobarbital tablet 30 mg,Tablet,100,197,19700
,,,,,,,,,,,Total:500,,Total:40.500
Kalimantan Selatan,Banjarbaru,PUSKESMAS LANDASAN ULIN,DINAS KESEHATAN,Umum,Obat-Obatan,548,106.,2020-10-14,Fenolgliserol TT 10 %,Botol,48,2727,130896
,,,,,,,,,,,Total:48,,Total:130.896
Kalimantan Selatan,Banjarbaru,PUSKESMAS LANDASAN ULIN,DINAS KESEHATAN,Umum,Obat-Obatan,18520,107.,2020-01-02,Fitomenadion (vit k 1) injeksi 10mg/ml-1ml,Ampul,20,4236,84720
,,,,,,,,,,,Total:20,,Total:84.720
Kalimantan Selatan,Banjarbaru,PUSKESMAS LANDASAN ULIN,DINAS KESEHATAN,Umum,Obat-Obatan,18521,108.,2020-04-13,Fitomenadion (vit k 1) tablet salut 10mg,Tablet,100,873,87300
Kalimantan Selatan,Banjarbaru,PUSKESMAS LANDASAN ULIN,DINAS KESEHATAN,Umum,Obat-Obatan,18521,109.,2020-07-14,Fitomenadion (vit k 1) tablet salut 10mg,Tablet,100,873,87300
,,,,,,,,,,,Total:200,,Total:174.600
Kalimantan Selatan,Banjarbaru,PUSKESMAS LANDASAN ULIN,DINAS KESEHATAN,Umum,Obat-Obatan,18320,110.,2020-03-02,GEMFIBROZIL 300 MG,Tablet,48,428,20544
Kalimantan Selatan,Banjarbaru,PUSKESMAS LANDASAN ULIN,DINAS KESEHATAN,Umum,Obat-Obatan,18320,111.,2020-10-14,GEMFIBROZIL 300 MG,Tablet,120,428,51360
,,,,,,,,,,,Total:168,,Total:71.904
Kalimantan Selatan,Banjarbaru,PUSKESMAS LANDASAN ULIN,DINAS KESEHATAN,Umum,Obat-Obatan,18321,112.,2020-10-14,GENTAMICIN SALEP MATA HARGA 1,Tube,24,3075,73800
,,,,,,,,,,,Total:24,,Total:73.800
Kalimantan Selatan,Banjarbaru,PUSKESMAS LANDASAN ULIN,DINAS KESEHATAN,Umum,Obat-Obatan,21489,113.,2020-10-14,GENTAMICIN TETES MATA HARGA 3,Botol,24,7051,169224
,,,,,,,,,,,Total:24,,Total:169.224
Kalimantan Selatan,Banjarbaru,PUSKESMAS LANDASAN ULIN,DINAS KESEHATAN,Umum,Obat-Obatan,16637,114.,2020-10-14,GLIMEPIRINDE TAB 1 MG,Tablet,500,174,87000
,,,,,,,,,,,Total:500,,Total:87.000
Kalimantan Selatan,Banjarbaru,PUSKESMAS LANDASAN ULIN,DINAS KESEHATAN,Umum,Obat-Obatan,16639,115.,2020-03-02,GLISERIL GUAYAKOLAT TABLET 100 MG,Tablet,100,171,17100
,,,,,,,,,,,Total:100,,Total:17.100
Kalimantan Selatan,Banjarbaru,PUSKESMAS LANDASAN ULIN,DINAS KESEHATAN,Umum,Obat-Obatan,16641,116.,2020-01-02,GLUKOSA LARUTAN INFUS 5% STERIL,Botol,4,6900,27600
Kalimantan Selatan,Banjarbaru,PUSKESMAS LANDASAN ULIN,DINAS KESEHATAN,Umum,Obat-Obatan,16641,117.,2020-03-02,GLUKOSA LARUTAN INFUS 5% STERIL,Botol,5,6900,34500
Kalimantan Selatan,Banjarbaru,PUSKESMAS LANDASAN ULIN,DINAS KESEHATAN,Umum,Obat-Obatan,16641,118.,2020-07-14,GLUKOSA LARUTAN INFUS 5% STERIL,Botol,1,6900,6900
,,,,,,,,,,,Total:10,,Total:69.000
Kalimantan Selatan,Banjarbaru,PUSKESMAS LANDASAN ULIN,DINAS KESEHATAN,Umum,Obat-Obatan,16642,119.,2020-01-02,"GRISEOFULVIN TABLET 125 MG,MICRONIZED",Tablet,200,224,44800
,,,,,,,,,,,Total:200,,Total:44.800
Kalimantan Selatan,Banjarbaru,PUSKESMAS LANDASAN ULIN,DINAS KESEHATAN,Umum,Obat-Obatan,19977,120.,2020-10-14,Garam oralit untuk 200 ml air,Sachset,200,263,52600
,,,,,,,,,,,Total:200,,Total:52.600
Kalimantan Selatan,Banjarbaru,PUSKESMAS LANDASAN ULIN,DINAS KESEHATAN,Umum,Obat-Obatan,607,121.,2020-01-02,Gemfibrozil 300 mg,Kapsul,300,318,95400
,,,,,,,,,,,Total:300,,Total:95.400
Kalimantan Selatan,Banjarbaru,PUSKESMAS LANDASAN ULIN,DINAS KESEHATAN,Umum,Obat-Obatan,550,122.,2020-10-14,Glibenklamid 5 mg,Tablet,600,137,82200
,,,,,,,,,,,Total:600,,Total:82.200
Kalimantan Selatan,Banjarbaru,PUSKESMAS LANDASAN ULIN,DINAS KESEHATAN,Umum,Obat-Obatan,479,123.,2020-07-14,Glukosa larutan infus 5%,Botol,8,7363,58904
,,,,,,,,,,,Total:8,,Total:58.904
Kalimantan Selatan,Banjarbaru,PUSKESMAS LANDASAN ULIN,DINAS KESEHATAN,Umum,Obat-Obatan,16644,124.,2020-01-02,"HALOPERIDOL TABLET 1,5 MG",Tablet,20,74,1480
Kalimantan Selatan,Banjarbaru,PUSKESMAS LANDASAN ULIN,DINAS KESEHATAN,Umum,Obat-Obatan,16644,125.,2020-01-02,"HALOPERIDOL TABLET 1,5 MG",Tablet,30,74,2220
,,,,,,,,,,,Total:50,,Total:3.700
Kalimantan Selatan,Banjarbaru,PUSKESMAS LANDASAN ULIN,DINAS KESEHATAN,Umum,Obat-Obatan,19340,126.,2020-10-01,HB PID harga 2,Buah,14,25597,358358
,,,,,,,,,,,Total:14,,Total:358.358
Kalimantan Selatan,Banjarbaru,PUSKESMAS LANDASAN ULIN,DINAS KESEHATAN,Umum,Obat-Obatan,17469,127.,2020-07-14,HIDROKLOROTIAZID (HCT) TABLET 25MG,Tablet,100,171,17100
,,,,,,,,,,,Total:100,,Total:17.100
Kalimantan Selatan,Banjarbaru,PUSKESMAS LANDASAN ULIN,DINAS KESEHATAN,Umum,Obat-Obatan,16645,128.,2020-10-14,"HIDROKORTISON KRIM 2,5 %",Tube,48,2533,121584
,,,,,,,,,,,Total:48,,Total:121.584
Kalimantan Selatan,Banjarbaru,PUSKESMAS LANDASAN ULIN,DINAS KESEHATAN,Umum,Obat-Obatan,19301,129.,2020-01-02,"Haloperidol tablet 1,5 MG harga 2",Tablet,84,59,4956
,,,,,,,,,,,Total:84,,Total:4.956
Kalimantan Selatan,Banjarbaru,PUSKESMAS LANDASAN ULIN,DINAS KESEHATAN,Umum,Obat-Obatan,16829,130.,2020-07-14,Handscoon Steril 7 dan 7.5,pcs,89,8032,714848
Kalimantan Selatan,Banjarbaru,PUSKESMAS LANDASAN ULIN,DINAS KESEHATAN,Umum,Obat-Obatan,16829,131.,2020-10-14,Handscoon Steril 7 dan 7.5,pcs,800,8032,6425600
,,,,,,,,,,,Total:889,,Total:7.140.448
Kalimantan Selatan,Banjarbaru,PUSKESMAS LANDASAN ULIN,DINAS KESEHATAN,Umum,Obat-Obatan,515,132.,2020-01-02,Hemafort,Tablet,610,835,509350
Kalimantan Selatan,Banjarbaru,PUSKESMAS LANDASAN ULIN,DINAS KESEHATAN,Umum,Obat-Obatan,515,133.,2020-01-02,Hemafort,Tablet,90,835,75150
,,,,,,,,,,,Total:700,,Total:584.500
Kalimantan Selatan,Banjarbaru,PUSKESMAS LANDASAN ULIN,DINAS KESEHATAN,Umum,Obat-Obatan,16647,134.,2020-03-02,IBUPROFEN SUSPENSI 200 MG/5 ML,Botol,50,2858,142900
Kalimantan Selatan,Banjarbaru,PUSKESMAS LANDASAN ULIN,DINAS KESEHATAN,Umum,Obat-Obatan,16647,135.,2020-10-14,IBUPROFEN SUSPENSI 200 MG/5 ML,Botol,100,2858,285800
,,,,,,,,,,,Total:150,,Total:428.700
Kalimantan Selatan,Banjarbaru,PUSKESMAS LANDASAN ULIN,DINAS KESEHATAN,Umum,Obat-Obatan,17458,136.,2020-01-02,ILIADIN DEWASA,Botol,4,36000,144000
,,,,,,,,,,,Total:4,,Total:144.000
Kalimantan Selatan,Banjarbaru,PUSKESMAS LANDASAN ULIN,DINAS KESEHATAN,Umum,Obat-Obatan,16651,137.,2020-01-02,ISONIAZID TABLET 300 MG,Tablet,200,174,34800
,,,,,,,,,,,Total:200,,Total:34.800
Kalimantan Selatan,Banjarbaru,PUSKESMAS LANDASAN ULIN,DINAS KESEHATAN,Umum,Obat-Obatan,16652,138.,2020-07-14,ISOSORBID DINITRAT TABLET SUBLINGUAL 5 MG,Tablet,100,89,8900
,,,,,,,,,,,Total:100,,Total:8.900
Kalimantan Selatan,Banjarbaru,PUSKESMAS LANDASAN ULIN,DINAS KESEHATAN,Umum,Obat-Obatan,19312,139.,2020-01-02,Ichtiol salep harga 2,Pot,48,6600,316800
Kalimantan Selatan,Banjarbaru,PUSKESMAS LANDASAN ULIN,DINAS KESEHATAN,Umum,Obat-Obatan,19312,140.,2020-10-14,Ichtiol salep harga 2,Pot,24,6600,158400
,,,,,,,,,,,Total:72,,Total:475.200
Kalimantan Selatan,Banjarbaru,PUSKESMAS LANDASAN ULIN,DINAS KESEHATAN,Umum,Obat-Obatan,16734,141.,2020-04-13,Infusion set Dewasa,pcs,39,4756,185484
,,,,,,,,,,,Total:39,,Total:185.484
Kalimantan Selatan,Banjarbaru,PUSKESMAS LANDASAN ULIN,DINAS KESEHATAN,Umum,Obat-Obatan,6255,142.,2020-09-01,Instance Gel 4L,doz,1,144060,144060
,,,,,,,,,,,Total:1,,Total:144.060
Kalimantan Selatan,Banjarbaru,PUSKESMAS LANDASAN ULIN,DINAS KESEHATAN,Umum,Obat-Obatan,9449,143.,2020-09-01,Instance Gel 500 ML,Botol,10,38416,384160
,,,,,,,,,,,Total:10,,Total:384.160
Kalimantan Selatan,Banjarbaru,PUSKESMAS LANDASAN ULIN,DINAS KESEHATAN,Umum,Obat-Obatan,16655,144.,2020-01-02,KARBAMAZEPIN TABLET 200 MG,Tablet,200,289,57800
,,,,,,,,,,,Total:200,,Total:57.800
Kalimantan Selatan,Banjarbaru,PUSKESMAS LANDASAN ULIN,DINAS KESEHATAN,Umum,Obat-Obatan,18328,145.,2020-03-02,KARBAMAZEPIN TABLET 200 MG HARGA 2,Tablet,100,234,23400
,,,,,,,,,,,Total:100,,Total:23.400
Kalimantan Selatan,Banjarbaru,PUSKESMAS LANDASAN ULIN,DINAS KESEHATAN,Umum,Obat-Obatan,17477,146.,2020-03-02,KASA 4X10 CM,Buah,10,668,6680
Kalimantan Selatan,Banjarbaru,PUSKESMAS LANDASAN ULIN,DINAS KESEHATAN,Umum,Obat-Obatan,17477,147.,2020-04-13,KASA 4X10 CM,Buah,200,668,133600
,,,,,,,,,,,Total:210,,Total:140.280
Kalimantan Selatan,Banjarbaru,PUSKESMAS LANDASAN ULIN,DINAS KESEHATAN,Umum,Obat-Obatan,17478,148.,2020-03-02,KASA 4X5 CM,Buah,180,334,60120
,,,,,,,,,,,Total:180,,Total:60.120
Kalimantan Selatan,Banjarbaru,PUSKESMAS LANDASAN ULIN,DINAS KESEHATAN,Umum,Obat-Obatan,18399,149.,2020-10-14,KASA KOTAK 16 X 16,pcs,5,9200,46000
,,,,,,,,,,,Total:5,,Total:46.000
Kalimantan Selatan,Banjarbaru,PUSKESMAS LANDASAN ULIN,DINAS KESEHATAN,Umum,Obat-Obatan,18400,150.,2020-01-02,KASA PEMBALUT 2M X 80CM,pcs,6,10076,60456
,,,,,,,,,,,Total:6,,Total:60.456
Kalimantan Selatan,Banjarbaru,PUSKESMAS LANDASAN ULIN,DINAS KESEHATAN,Umum,Obat-Obatan,17479,151.,2020-01-02,KASA PEMBALUT HIDROFIL 4M X 3CM,roll,200,766,153200
,,,,,,,,,,,Total:200,,Total:153.200
Kalimantan Selatan,Banjarbaru,PUSKESMAS LANDASAN ULIN,DINAS KESEHATAN,Umum,Obat-Obatan,21490,152.,2020-10-14,KETOKONAZOLE TABLET 200 MG HARGA 3,Tablet,200,305,61000
,,,,,,,,,,,Total:200,,Total:61.000
Kalimantan Selatan,Banjarbaru,PUSKESMAS LANDASAN ULIN,DINAS KESEHATAN,Umum,Obat-Obatan,18329,153.,2020-03-02,KLORAMFENIKOL KAPSUL500 MG HARGA 2,Tablet,300,1254,376200
,,,,,,,,,,,Total:300,,Total:376.200
Kalimantan Selatan,Banjarbaru,PUSKESMAS LANDASAN ULIN,DINAS KESEHATAN,Umum,Obat-Obatan,16662,154.,2020-01-02,KLORAMFENIKOL SUSPENSI,Botol,150,4000,600000
,,,,,,,,,,,Total:150,,Total:600.000
Kalimantan Selatan,Banjarbaru,PUSKESMAS LANDASAN ULIN,DINAS KESEHATAN,Umum,Obat-Obatan,18330,155.,2020-03-02,KLORAMFENIKOL TETES TELINGA 3%,Botol,50,9130,456500
,,,,,,,,,,,Total:50,,Total:456.500
Kalimantan Selatan,Banjarbaru,PUSKESMAS LANDASAN ULIN,DINAS KESEHATAN,Umum,Obat-Obatan,16666,156.,2020-01-02,KLORPROMAZIN HCL TABLET SALUT 100 MG,Tablet,75,135,10125
,,,,,,,,,,,Total:75,,Total:10.125
Kalimantan Selatan,Banjarbaru,PUSKESMAS LANDASAN ULIN,DINAS KESEHATAN,Umum,Obat-Obatan,19305,157.,2020-01-02,KLORPROMAZIN HCL TABLET SALUT 100 MG HARGA 2,Tablet,191,144,27504
Kalimantan Selatan,Banjarbaru,PUSKESMAS LANDASAN ULIN,DINAS KESEHATAN,Umum,Obat-Obatan,19305,158.,2020-01-02,KLORPROMAZIN HCL TABLET SALUT 100 MG HARGA 2,Tablet,100,144,14400
,,,,,,,,,,,Total:291,,Total:41.904
Kalimantan Selatan,Banjarbaru,PUSKESMAS LANDASAN ULIN,DINAS KESEHATAN,Umum,Obat-Obatan,16668,159.,2020-01-02,KODEIN HCL TABLET 10 MG,Tablet,37,630,23310
,,,,,,,,,,,Total:37,,Total:23.310
Kalimantan Selatan,Banjarbaru,PUSKESMAS LANDASAN ULIN,DINAS KESEHATAN,Umum,Obat-Obatan,20202,160.,2020-01-02,KODEIN TABLET 10 MG,Tablet,40,657,26280
Kalimantan Selatan,Banjarbaru,PUSKESMAS LANDASAN ULIN,DINAS KESEHATAN,Umum,Obat-Obatan,20202,161.,2020-10-14,KODEIN TABLET 10 MG,Tablet,100,657,65700
,,,,,,,,,,,Total:140,,Total:91.980
Kalimantan Selatan,Banjarbaru,PUSKESMAS LANDASAN ULIN,DINAS KESEHATAN,Umum,Obat-Obatan,16669,162.,2020-04-13,KOTRIMOKSAZOL SUSPENSI,Botol,80,2052,164160
,,,,,,,,,,,Total:80,,Total:164.160
Kalimantan Selatan,Banjarbaru,PUSKESMAS LANDASAN ULIN,DINAS KESEHATAN,Umum,Obat-Obatan,16917,163.,2020-01-02,Kaca Slide,pcs,2,19355,38710
,,,,,,,,,,,Total:2,,Total:38.710
Kalimantan Selatan,Banjarbaru,PUSKESMAS LANDASAN ULIN,DINAS KESEHATAN,Umum,Obat-Obatan,19983,164.,2020-01-02,Kaca slide harga 2,pcs,4,19344,77376
,,,,,,,,,,,Total:4,,Total:77.376
Kalimantan Selatan,Banjarbaru,PUSKESMAS LANDASAN ULIN,DINAS KESEHATAN,Umum,Obat-Obatan,637,165.,2020-03-02,Kalium Diklofenak 50 mg,Tablet,200,300,60000
,,,,,,,,,,,Total:200,,Total:60.000
Kalimantan Selatan,Banjarbaru,PUSKESMAS LANDASAN ULIN,DINAS KESEHATAN,Umum,Obat-Obatan,17229,166.,2020-10-14,Kalsium Laktat (Klak) Tablet 500 mg,Tablet,800,63,50400
,,,,,,,,,,,Total:800,,Total:50.400
Kalimantan Selatan,Banjarbaru,PUSKESMAS LANDASAN ULIN,DINAS KESEHATAN,Umum,Obat-Obatan,21493,167.,2020-01-02,Kandistatin drop 12 ml harga 2,Botol,6,38499,230994
,,,,,,,,,,,Total:6,,Total:230.994
Kalimantan Selatan,Banjarbaru,PUSKESMAS LANDASAN ULIN,DINAS KESEHATAN,Umum,Obat-Obatan,16739,168.,2020-01-02,Kapas Pembalut Absorben 250 gram Harga 1,pcs,42,8250,346500
,,,,,,,,,,,Total:42,,Total:346.500
Kalimantan Selatan,Banjarbaru,PUSKESMAS LANDASAN ULIN,DINAS KESEHATAN,Umum,Obat-Obatan,660,169.,2020-03-02,"Kaptopril 12,5 mg",Tablet,200,69,13800
,,,,,,,,,,,Total:200,,Total:13.800
Kalimantan Selatan,Banjarbaru,PUSKESMAS LANDASAN ULIN,DINAS KESEHATAN,Umum,Obat-Obatan,665,170.,2020-01-02,Kaptopril 25 mg,Tablet,1600,86,137600
,,,,,,,,,,,Total:1.600,,Total:137.600
Kalimantan Selatan,Banjarbaru,PUSKESMAS LANDASAN ULIN,DINAS KESEHATAN,Umum,Obat-Obatan,669,171.,2020-01-02,Kaptopril 50 mg,Tablet,1400,141,197400
,,,,,,,,,,,Total:1.400,,Total:197.400
Kalimantan Selatan,Banjarbaru,PUSKESMAS LANDASAN ULIN,DINAS KESEHATAN,Umum,Obat-Obatan,674,172.,2020-01-02,Karbamazepin 200 mg,Tablet,100,306,30600
,,,,,,,,,,,Total:100,,Total:30.600
Kalimantan Selatan,Banjarbaru,PUSKESMAS LANDASAN ULIN,DINAS KESEHATAN,Umum,Obat-Obatan,16814,173.,2020-01-02,Kertas puyer,box,1,6155687,6155687
,,,,,,,,,,,Total:1,,Total:6.155.687
Kalimantan Selatan,Banjarbaru,PUSKESMAS LANDASAN ULIN,DINAS KESEHATAN,Umum,Obat-Obatan,21481,174.,2020-10-14,Ketokonazole Creamm,Tube,25,2577,64425
,,,,,,,,,,,Total:25,,Total:64.425
Kalimantan Selatan,Banjarbaru,PUSKESMAS LANDASAN ULIN,DINAS KESEHATAN,Umum,Obat-Obatan,17231,175.,2020-01-02,Ketokonazole Tablet 200 mg,Tablet,550,552,303600
,,,,,,,,,,,Total:550,,Total:303.600
Kalimantan Selatan,Banjarbaru,PUSKESMAS LANDASAN ULIN,DINAS KESEHATAN,Umum,Obat-Obatan,487,176.,2020-07-14,Klindamisin 150 mg,Kapsul,300,858,257400
,,,,,,,,,,,Total:300,,Total:257.400
Kalimantan Selatan,Banjarbaru,PUSKESMAS LANDASAN ULIN,DINAS KESEHATAN,Umum,Obat-Obatan,18525,177.,2020-03-02,Kloramfenikol salep mata 1%,Tube,24,1925,46200
Kalimantan Selatan,Banjarbaru,PUSKESMAS LANDASAN ULIN,DINAS KESEHATAN,Umum,Obat-Obatan,18525,178.,2020-07-14,Kloramfenikol salep mata 1%,Tube,24,1925,46200
,,,,,,,,,,,Total:48,,Total:92.400
Kalimantan Selatan,Banjarbaru,PUSKESMAS LANDASAN ULIN,DINAS KESEHATAN,Umum,Obat-Obatan,618,179.,2020-04-13,Klorpromazin 100 mg,Tablet,200,170,34000
,,,,,,,,,,,Total:200,,Total:34.000
Kalimantan Selatan,Banjarbaru,PUSKESMAS LANDASAN ULIN,DINAS KESEHATAN,Umum,Obat-Obatan,19978,180.,2020-03-02,Kotrimoksazol Dewasa Tablet Harga 2,Tablet,300,125,37500
,,,,,,,,,,,Total:300,,Total:37.500
Kalimantan Selatan,Banjarbaru,PUSKESMAS LANDASAN ULIN,DINAS KESEHATAN,Umum,Obat-Obatan,16672,181.,2020-01-02,LIDOKAIN INJEKSI,Ampul,60,929,55740
,,,,,,,,,,,Total:60,,Total:55.740
Kalimantan Selatan,Banjarbaru,PUSKESMAS LANDASAN ULIN,DINAS KESEHATAN,Umum,Obat-Obatan,18995,182.,2020-10-14,LIDOKAIN KOMPOSITUM INJEKSI,Ampul,120,1405,168600
,,,,,,,,,,,Total:120,,Total:168.600
Kalimantan Selatan,Banjarbaru,PUSKESMAS LANDASAN ULIN,DINAS KESEHATAN,Umum,Obat-Obatan,18843,183.,2020-10-14,LORATADINE TABLET 10 MG,Tablet,700,136,95200
,,,,,,,,,,,Total:700,,Total:95.200
Kalimantan Selatan,Banjarbaru,PUSKESMAS LANDASAN ULIN,DINAS KESEHATAN,Umum,Obat-Obatan,671,184.,2020-01-02,Lanzoprazol 30 mg,Kapsul,800,341,272800
,,,,,,,,,,,Total:800,,Total:272.800
Kalimantan Selatan,Banjarbaru,PUSKESMAS LANDASAN ULIN,DINAS KESEHATAN,Umum,Obat-Obatan,21491,185.,2020-07-14,Loperamide 2 Mg Harga 3,Tablet,100,198,19800
Kalimantan Selatan,Banjarbaru,PUSKESMAS LANDASAN ULIN,DINAS KESEHATAN,Umum,Obat-Obatan,21491,186.,2020-10-14,Loperamide 2 Mg Harga 3,Tablet,300,198,59400
,,,,,,,,,,,Total:400,,Total:79.200
Kalimantan Selatan,Banjarbaru,PUSKESMAS LANDASAN ULIN,DINAS KESEHATAN,Umum,Obat-Obatan,19307,187.,2020-01-02,Loratadine 10 Mg,Tablet,46,149,6854
Kalimantan Selatan,Banjarbaru,PUSKESMAS LANDASAN ULIN,DINAS KESEHATAN,Umum,Obat-Obatan,19307,188.,2020-01-02,Loratadine 10 Mg,Tablet,854,149,127246
,,,,,,,,,,,Total:900,,Total:134.100
Kalimantan Selatan,Banjarbaru,PUSKESMAS LANDASAN ULIN,DINAS KESEHATAN,Umum,Obat-Obatan,18996,189.,2020-03-02,MAGNESIUM SULFAT INJEKSI (IV) 20%-25 ML hrg1,Ampul,6,3796,22776
,,,,,,,,,,,Total:6,,Total:22.776
Kalimantan Selatan,Banjarbaru,PUSKESMAS LANDASAN ULIN,DINAS KESEHATAN,Umum,Obat-Obatan,16675,190.,2020-01-02,MAGNESIUM SULFAT INJEKSI(IV) 20% - 25 ML,Ampul,12,3328,39936
,,,,,,,,,,,Total:12,,Total:39.936
Kalimantan Selatan,Banjarbaru,PUSKESMAS LANDASAN ULIN,DINAS KESEHATAN,Umum,Obat-Obatan,20978,191.,2020-12-01,MASKER (Kotak),kotak,4,16500,66000
,,,,,,,,,,,Total:4,,Total:66.000
Kalimantan Selatan,Banjarbaru,PUSKESMAS LANDASAN ULIN,DINAS KESEHATAN,Umum,Obat-Obatan,20213,192.,2020-10-14,METHYLPREDNISOLONE 4 MG TABLET QUANTUM LABS,Tablet,300,148,44400
,,,,,,,,,,,Total:300,,Total:44.400
Kalimantan Selatan,Banjarbaru,PUSKESMAS LANDASAN ULIN,DINAS KESEHATAN,Umum,Obat-Obatan,16680,193.,2020-01-02,"METILERGOMETRIN MALEAT INJ 0,200 MG-1 ML HARGA 1",ampul,39,2684,104676
,,,,,,,,,,,Total:39,,Total:104.676
Kalimantan Selatan,Banjarbaru,PUSKESMAS LANDASAN ULIN,DINAS KESEHATAN,Umum,Obat-Obatan,20172,194.,2020-01-02,METRONIDAZOLE 500 MG TABLET KF,Tablet,35,638,22330
Kalimantan Selatan,Banjarbaru,PUSKESMAS LANDASAN ULIN,DINAS KESEHATAN,Umum,Obat-Obatan,20172,195.,2020-01-02,METRONIDAZOLE 500 MG TABLET KF,Tablet,165,638,105270
,,,,,,,,,,,Total:200,,Total:127.600
Kalimantan Selatan,Banjarbaru,PUSKESMAS LANDASAN ULIN,DINAS KESEHATAN,Umum,Obat-Obatan,18344,196.,2020-10-14,MICONAZOLE CREAM 2%,Tube,24,3926,94224
,,,,,,,,,,,Total:24,,Total:94.224
Kalimantan Selatan,Banjarbaru,PUSKESMAS LANDASAN ULIN,DINAS KESEHATAN,Umum,Obat-Obatan,16686,197.,2020-07-14,MINIASPI / ASETOSAL 80 MG HARGA 2,Tablet,100,99,9900
,,,,,,,,,,,Total:100,,Total:9.900
Kalimantan Selatan,Banjarbaru,PUSKESMAS LANDASAN ULIN,DINAS KESEHATAN,Umum,Obat-Obatan,16890,198.,2020-12-22,Masker Hijab,kotak,4,160000,640000
,,,,,,,,,,,Total:4,,Total:640.000
Kalimantan Selatan,Banjarbaru,PUSKESMAS LANDASAN ULIN,DINAS KESEHATAN,Umum,Obat-Obatan,16750,199.,2020-01-02,Masker N95 Harga 2,pcs,100,21000,2100000
Kalimantan Selatan,Banjarbaru,PUSKESMAS LANDASAN ULIN,DINAS KESEHATAN,Umum,Obat-Obatan,16750,200.,2020-03-02,Masker N95 Harga 2,pcs,40,21000,840000
Kalimantan Selatan,Banjarbaru,PUSKESMAS LANDASAN ULIN,DINAS KESEHATAN,Umum,Obat-Obatan,16750,201.,2020-04-13,Masker N95 Harga 2,pcs,40,21000,840000
,,,,,,,,,,,Total:180,,Total:3.780.000
Kalimantan Selatan,Banjarbaru,PUSKESMAS LANDASAN ULIN,DINAS KESEHATAN,Umum,Obat-Obatan,627,202.,2020-01-02,"Metilergometrin Maleat tab salut 0,125 mg",Tablet,100,297,29700
,,,,,,,,,,,Total:100,,Total:29.700
Kalimantan Selatan,Banjarbaru,PUSKESMAS LANDASAN ULIN,DINAS KESEHATAN,Umum,Obat-Obatan,18837,203.,2020-10-14,NATRIUM DIKLOFENAK 50 MG TABLET KF,Tablet,650,152,98800
,,,,,,,,,,,Total:650,,Total:98.800
Kalimantan Selatan,Banjarbaru,PUSKESMAS LANDASAN ULIN,DINAS KESEHATAN,Umum,Obat-Obatan,17474,204.,2020-01-02,NIFUDIAR 60ML SUSPENSI,Botol,25,35800,895000
,,,,,,,,,,,Total:25,,Total:895.000
Kalimantan Selatan,Banjarbaru,PUSKESMAS LANDASAN ULIN,DINAS KESEHATAN,Umum,Obat-Obatan,16616,205.,2020-01-02,NISTATIN 500.000 TABLET SALUT,Tablet,400,857,342800
,,,,,,,,,,,Total:400,,Total:342.800
Kalimantan Selatan,Banjarbaru,PUSKESMAS LANDASAN ULIN,DINAS KESEHATAN,Umum,Obat-Obatan,18346,206.,2020-10-14,NISTATIN 500.000 TABLET SALUT HARGA 2,Tablet,200,910,182000
,,,,,,,,,,,Total:200,,Total:182.000
Kalimantan Selatan,Banjarbaru,PUSKESMAS LANDASAN ULIN,DINAS KESEHATAN,Umum,Obat-Obatan,17233,207.,2020-01-02,Natrium Diklopenak Tablet 25 mg,Tablet,50,142,7100
,,,,,,,,,,,Total:50,,Total:7.100
Kalimantan Selatan,Banjarbaru,PUSKESMAS LANDASAN ULIN,DINAS KESEHATAN,Umum,Obat-Obatan,16915,208.,2020-01-02,"Natrium Klorida Larutan Infus 0,9% Steril",Botol,17,6410,108970
Kalimantan Selatan,Banjarbaru,PUSKESMAS LANDASAN ULIN,DINAS KESEHATAN,Umum,Obat-Obatan,16915,209.,2020-01-02,"Natrium Klorida Larutan Infus 0,9% Steril",Botol,1,6410,6410
,,,,,,,,,,,Total:18,,Total:115.380
Kalimantan Selatan,Banjarbaru,PUSKESMAS LANDASAN ULIN,DINAS KESEHATAN,Umum,Obat-Obatan,16619,210.,2020-01-02,OFLOXACIN 400 MG,Tablet,350,962,336700
,,,,,,,,,,,Total:350,,Total:336.700
Kalimantan Selatan,Banjarbaru,PUSKESMAS LANDASAN ULIN,DINAS KESEHATAN,Umum,Obat-Obatan,16620,211.,2020-01-02,OKSITOSIN INJEKSI 10 IU/ML-1 ML,Ampul,15,1900,28500
,,,,,,,,,,,Total:15,,Total:28.500
Kalimantan Selatan,Banjarbaru,PUSKESMAS LANDASAN ULIN,DINAS KESEHATAN,Umum,Obat-Obatan,21018,212.,2020-10-14,OMEPRAZOL TABLET 20 mg,Tablet,360,147,52920
,,,,,,,,,,,Total:360,,Total:52.920
Kalimantan Selatan,Banjarbaru,PUSKESMAS LANDASAN ULIN,DINAS KESEHATAN,Umum,Obat-Obatan,812,213.,2020-01-02,Ofloxacin 400 mg,Tablet,100,700,70000
,,,,,,,,,,,Total:100,,Total:70.000
Kalimantan Selatan,Banjarbaru,PUSKESMAS LANDASAN ULIN,DINAS KESEHATAN,Umum,Obat-Obatan,18552,214.,2020-10-14,Oksitetrasiklin Hcl Salep mata,Tube,75,4659,349425
,,,,,,,,,,,Total:75,,Total:349.425
Kalimantan Selatan,Banjarbaru,PUSKESMAS LANDASAN ULIN,DINAS KESEHATAN,Umum,Obat-Obatan,16767,215.,2020-10-14,One Scrub / Aseptic gel,Botol,20,25333,506660
,,,,,,,,,,,Total:20,,Total:506.660
Kalimantan Selatan,Banjarbaru,PUSKESMAS LANDASAN ULIN,DINAS KESEHATAN,Umum,Obat-Obatan,20176,216.,2020-01-02,PAPAVERINE TAB,Tablet,55,253,13915
Kalimantan Selatan,Banjarbaru,PUSKESMAS LANDASAN ULIN,DINAS KESEHATAN,Umum,Obat-Obatan,20176,217.,2020-01-02,PAPAVERINE TAB,Tablet,45,253,11385
,,,,,,,,,,,Total:100,,Total:25.300
Kalimantan Selatan,Banjarbaru,PUSKESMAS LANDASAN ULIN,DINAS KESEHATAN,Umum,Obat-Obatan,17472,218.,2020-10-14,PARACETAMOL DROP HARGA 2,Botol,112,7646,856352
,,,,,,,,,,,Total:112,,Total:856.352
Kalimantan Selatan,Banjarbaru,PUSKESMAS LANDASAN ULIN,DINAS KESEHATAN,Umum,Obat-Obatan,17482,219.,2020-03-02,PARACETAMOL TABLET 500MG HARGA 3,Tablet,2200,49,107800
,,,,,,,,,,,Total:2.200,,Total:107.800
Kalimantan Selatan,Banjarbaru,PUSKESMAS LANDASAN ULIN,DINAS KESEHATAN,Umum,Obat-Obatan,20177,220.,2020-03-02,PIRACETAM TAB 400 mg,Tablet,200,2200,440000
,,,,,,,,,,,Total:200,,Total:440.000
Kalimantan Selatan,Banjarbaru,PUSKESMAS LANDASAN ULIN,DINAS KESEHATAN,Umum,Obat-Obatan,18381,221.,2020-10-14,PIRIDOKSIN HCL TABLET 10 MG,Tablet,400,141,56400
,,,,,,,,,,,Total:400,,Total:56.400
Kalimantan Selatan,Banjarbaru,PUSKESMAS LANDASAN ULIN,DINAS KESEHATAN,Umum,Obat-Obatan,19913,222.,2020-10-14,PREDNISON TABLET 5 MG Harga 3,Tablet,900,79,71100
,,,,,,,,,,,Total:900,,Total:71.100
Kalimantan Selatan,Banjarbaru,PUSKESMAS LANDASAN ULIN,DINAS KESEHATAN,Umum,Obat-Obatan,21012,223.,2020-04-13,PROPANOLOL HYDROCHLORIDE TABLET 10 mg,Tablet,100,63,6300
,,,,,,,,,,,Total:100,,Total:6.300
Kalimantan Selatan,Banjarbaru,PUSKESMAS LANDASAN ULIN,DINAS KESEHATAN,Umum,Obat-Obatan,18383,224.,2020-04-13,PROPILTIOURASIL TABLET 100 MG,Tablet,100,475,47500
,,,,,,,,,,,Total:100,,Total:47.500
Kalimantan Selatan,Banjarbaru,PUSKESMAS LANDASAN ULIN,DINAS KESEHATAN,Umum,Obat-Obatan,16691,225.,2020-01-02,Paracetamol Tablet 500 mg Harga 1,Tablet,3800,58,220400
,,,,,,,,,,,Total:3.800,,Total:220.400
Kalimantan Selatan,Banjarbaru,PUSKESMAS LANDASAN ULIN,DINAS KESEHATAN,Umum,Obat-Obatan,16689,226.,2020-01-02,Paracetamol drop,Botol,20,5980,119600
,,,,,,,,,,,Total:20,,Total:119.600
Kalimantan Selatan,Banjarbaru,PUSKESMAS LANDASAN ULIN,DINAS KESEHATAN,Umum,Obat-Obatan,16771,227.,2020-01-02,Pehacain injeksi,kotak,80,3113,249040
,,,,,,,,,,,Total:80,,Total:249.040
Kalimantan Selatan,Banjarbaru,PUSKESMAS LANDASAN ULIN,DINAS KESEHATAN,Umum,Obat-Obatan,22359,228.,2020-12-01,Primaquin box,kotak,20,25300,506000
,,,,,,,,,,,Total:20,,Total:506.000
Kalimantan Selatan,Banjarbaru,PUSKESMAS LANDASAN ULIN,DINAS KESEHATAN,Umum,Obat-Obatan,17190,229.,2020-01-02,Propranolol HCL Tablet 10 mg,Tablet,300,69,20700
,,,,,,,,,,,Total:300,,Total:20.700
Kalimantan Selatan,Banjarbaru,PUSKESMAS LANDASAN ULIN,DINAS KESEHATAN,Umum,Obat-Obatan,18373,230.,2020-10-14,RANITIDIN 150 MG,Tablet,6,12001,72006
,,,,,,,,,,,Total:6,,Total:72.006
Kalimantan Selatan,Banjarbaru,PUSKESMAS LANDASAN ULIN,DINAS KESEHATAN,Umum,Obat-Obatan,10875,231.,2020-09-01,Rapid Tes Covid-19 igG/igM Helgen,Tes,125,256500,32062500
,,,,,,,,,,,Total:125,,Total:32.062.500
Kalimantan Selatan,Banjarbaru,PUSKESMAS LANDASAN ULIN,DINAS KESEHATAN,Umum,Obat-Obatan,16695,232.,2020-01-02,Retinol (Vitamin A) Kapsul 200.000 IU,Kapsul,150,585,87750
,,,,,,,,,,,Total:150,,Total:87.750
Kalimantan Selatan,Banjarbaru,PUSKESMAS LANDASAN ULIN,DINAS KESEHATAN,Umum,Obat-Obatan,16699,233.,2020-07-14,Ringerlaktat Larutan Infus Steril Harga 2,Botol,13,7630,99190
,,,,,,,,,,,Total:13,,Total:99.190
Kalimantan Selatan,Banjarbaru,PUSKESMAS LANDASAN ULIN,DINAS KESEHATAN,Umum,Obat-Obatan,18324,234.,2020-01-02,SAFETY BOX,pcs,25,17315,432875
,,,,,,,,,,,Total:25,,Total:432.875
Kalimantan Selatan,Banjarbaru,PUSKESMAS LANDASAN ULIN,DINAS KESEHATAN,Umum,Obat-Obatan,566,235.,2020-03-02,SALBUTAMOL 4 MG TABLET KF,Tablet,100,77,7700
,,,,,,,,,,,Total:100,,Total:7.700
Kalimantan Selatan,Banjarbaru,PUSKESMAS LANDASAN ULIN,DINAS KESEHATAN,Umum,Obat-Obatan,18844,236.,2020-03-02,SALBUTAMOL TABLET 2 MG,Tablet,100,64,6400
Kalimantan Selatan,Banjarbaru,PUSKESMAS LANDASAN ULIN,DINAS KESEHATAN,Umum,Obat-Obatan,18844,237.,2020-07-14,SALBUTAMOL TABLET 2 MG,Tablet,100,64,6400
,,,,,,,,,,,Total:200,,Total:12.800
Kalimantan Selatan,Banjarbaru,PUSKESMAS LANDASAN ULIN,DINAS KESEHATAN,Umum,Obat-Obatan,21498,238.,2020-10-14,SALEP 2-4 KOMBINASI HARGA 2,Pot,24,3017,72408
,,,,,,,,,,,Total:24,,Total:72.408
Kalimantan Selatan,Banjarbaru,PUSKESMAS LANDASAN ULIN,DINAS KESEHATAN,Umum,Obat-Obatan,20203,239.,2020-10-14,SUKRALFAT 500 mg/ 5 ml,Botol,20,7338,146760
,,,,,,,,,,,Total:20,,Total:146.760
Kalimantan Selatan,Banjarbaru,PUSKESMAS LANDASAN ULIN,DINAS KESEHATAN,Umum,Obat-Obatan,16787,240.,2020-10-01,Safety Bok,pcs,23,16501,379523
,,,,,,,,,,,Total:23,,Total:379.523
Kalimantan Selatan,Banjarbaru,PUSKESMAS LANDASAN ULIN,DINAS KESEHATAN,Umum,Obat-Obatan,18583,241.,2020-04-13,Salisil Bedak 2 % harga 2,Sachset,40,4499,179960
,,,,,,,,,,,Total:40,,Total:179.960
Kalimantan Selatan,Banjarbaru,PUSKESMAS LANDASAN ULIN,DINAS KESEHATAN,Umum,Obat-Obatan,19981,242.,2020-01-02,Scabisid cream/ scabimite,Pot,60,11825,709500
Kalimantan Selatan,Banjarbaru,PUSKESMAS LANDASAN ULIN,DINAS KESEHATAN,Umum,Obat-Obatan,19981,243.,2020-03-02,Scabisid cream/ scabimite,Pot,60,11825,709500
,,,,,,,,,,,Total:120,,Total:1.419.000
Kalimantan Selatan,Banjarbaru,PUSKESMAS LANDASAN ULIN,DINAS KESEHATAN,Umum,Obat-Obatan,16706,244.,2020-04-13,Simvastatin 10 mg harga 2,Tablet,1200,110,132000
,,,,,,,,,,,Total:1.200,,Total:132.000
Kalimantan Selatan,Banjarbaru,PUSKESMAS LANDASAN ULIN,DINAS KESEHATAN,Umum,Obat-Obatan,16707,245.,2020-10-14,Simvastatin 20 mg harga 1,Tablet,1000,237,237000
,,,,,,,,,,,Total:1.000,,Total:237.000
Kalimantan Selatan,Banjarbaru,PUSKESMAS LANDASAN ULIN,DINAS KESEHATAN,Umum,Obat-Obatan,16710,246.,2020-01-02,Stesolid Rectal Harga 1,Tube,19,12751,242269
,,,,,,,,,,,Total:19,,Total:242.269
Kalimantan Selatan,Banjarbaru,PUSKESMAS LANDASAN ULIN,DINAS KESEHATAN,Umum,Obat-Obatan,16711,247.,2020-07-14,Stesolid Rectal Harga 2,Tube,5,14459,72295
,,,,,,,,,,,Total:5,,Total:72.295
Kalimantan Selatan,Banjarbaru,PUSKESMAS LANDASAN ULIN,DINAS KESEHATAN,Umum,Obat-Obatan,16756,248.,2020-07-14,Surflo 22 G x 1,pcs,41,8355,342555
,,,,,,,,,,,Total:41,,Total:342.555
Kalimantan Selatan,Banjarbaru,PUSKESMAS LANDASAN ULIN,DINAS KESEHATAN,Umum,Obat-Obatan,16757,249.,2020-03-02,Surflo No.24 G,pcs,3,8355,25065
,,,,,,,,,,,Total:3,,Total:25.065
Kalimantan Selatan,Banjarbaru,PUSKESMAS LANDASAN ULIN,DINAS KESEHATAN,Umum,Obat-Obatan,17831,250.,2020-01-02,TEMPORARY STOPPING FLETCHER SERBUK DAN CAIRAN,Set,1,34000,34000
,,,,,,,,,,,Total:1,,Total:34.000
Kalimantan Selatan,Banjarbaru,PUSKESMAS LANDASAN ULIN,DINAS KESEHATAN,Umum,Obat-Obatan,21138,251.,2020-01-02,TTD Phapros Bumil Hargaa 2,Tablet,133,40900,5439700
,,,,,,,,,,,Total:133,,Total:5.439.700
Kalimantan Selatan,Banjarbaru,PUSKESMAS LANDASAN ULIN,DINAS KESEHATAN,Umum,Obat-Obatan,21494,252.,2020-01-02,TTD Phapros Bumil KF,Tablet,143,40900,5848700
Kalimantan Selatan,Banjarbaru,PUSKESMAS LANDASAN ULIN,DINAS KESEHATAN,Umum,Obat-Obatan,21494,253.,2020-01-02,TTD Phapros Bumil KF,Tablet,4,40900,163600
,,,,,,,,,,,Total:147,,Total:6.012.300
Kalimantan Selatan,Banjarbaru,PUSKESMAS LANDASAN ULIN,DINAS KESEHATAN,Umum,Obat-Obatan,17237,254.,2020-10-14,Tiamin HCL Mononitrat (Vit.B1) Tablet Harga 2,Tablet,600,88,52800
,,,,,,,,,,,Total:600,,Total:52.800
Kalimantan Selatan,Banjarbaru,PUSKESMAS LANDASAN ULIN,DINAS KESEHATAN,Umum,Obat-Obatan,16715,255.,2020-03-02,Triheksifenidil Hidroklorida Tablet 2 mg,Tablet,79,95,7505
,,,,,,,,,,,Total:79,,Total:7.505
Kalimantan Selatan,Banjarbaru,PUSKESMAS LANDASAN ULIN,DINAS KESEHATAN,Umum,Obat-Obatan,16716,256.,2020-04-13,Truvit,Botol,102,12540,1279080
,,,,,,,,,,,Total:102,,Total:1.279.080
Kalimantan Selatan,Banjarbaru,PUSKESMAS LANDASAN ULIN,DINAS KESEHATAN,Umum,Obat-Obatan,16762,257.,2020-03-02,Twist Lancets Serenity Harga 2,pcs,5,19200,96000
,,,,,,,,,,,Total:5,,Total:96.000
Kalimantan Selatan,Banjarbaru,PUSKESMAS LANDASAN ULIN,DINAS KESEHATAN,Umum,Obat-Obatan,19315,258.,2020-10-14,Ultrafix harga 2,kotak,4,39800,159200
,,,,,,,,,,,Total:4,,Total:159.200
Kalimantan Selatan,Banjarbaru,PUSKESMAS LANDASAN ULIN,DINAS KESEHATAN,Umum,Obat-Obatan,17481,259.,2020-01-02,VAKSIN DT HARGA 2,Vial,19,16360,310840
,,,,,,,,,,,Total:19,,Total:310.840
Kalimantan Selatan,Banjarbaru,PUSKESMAS LANDASAN ULIN,DINAS KESEHATAN,Umum,Obat-Obatan,19208,260.,2020-10-14,VIT B12 (Sianocobalamin ) Tab,Tablet,900,52,46800
,,,,,,,,,,,Total:900,,Total:46.800
Kalimantan Selatan,Banjarbaru,PUSKESMAS LANDASAN ULIN,DINAS KESEHATAN,Umum,Obat-Obatan,19609,261.,2020-07-14,VITALEX,Tablet,2300,440,1012000
,,,,,,,,,,,Total:2.300,,Total:1.012.000
Kalimantan Selatan,Banjarbaru,PUSKESMAS LANDASAN ULIN,DINAS KESEHATAN,Umum,Obat-Obatan,17102,262.,2020-10-01,Vaksin BCG,Vial,25,66154,1653850
,,,,,,,,,,,Total:25,,Total:1.653.850
Kalimantan Selatan,Banjarbaru,PUSKESMAS LANDASAN ULIN,DINAS KESEHATAN,Umum,Obat-Obatan,19867,263.,2020-10-01,Vaksin DPT-HB-Hib,Vial,17,84282,1432794
,,,,,,,,,,,Total:17,,Total:1.432.794
Kalimantan Selatan,Banjarbaru,PUSKESMAS LANDASAN ULIN,DINAS KESEHATAN,Umum,Obat-Obatan,17107,264.,2020-10-01,Vaksin IPV,Vial,19,144540,2746260
,,,,,,,,,,,Total:19,,Total:2.746.260
Kalimantan Selatan,Banjarbaru,PUSKESMAS LANDASAN ULIN,DINAS KESEHATAN,Umum,Obat-Obatan,17101,265.,2020-10-01,Vaksin Polio 10 dosis,Vial,42,21285,893970
,,,,,,,,,,,Total:42,,Total:893.970
Kalimantan Selatan,Banjarbaru,PUSKESMAS LANDASAN ULIN,DINAS KESEHATAN,Umum,Obat-Obatan,17105,266.,2020-10-01,Vaksin TD,Vial,72,18128,1305216
,,,,,,,,,,,Total:72,,Total:1.305.216
Kalimantan Selatan,Banjarbaru,PUSKESMAS LANDASAN ULIN,DINAS KESEHATAN,Umum,Obat-Obatan,19310,267.,2020-10-14,Vitamin B Kompleks harga 2,Tablet,2800,135,378000
,,,,,,,,,,,Total:2.800,,Total:378.000
Kalimantan Selatan,Banjarbaru,PUSKESMAS LANDASAN ULIN,DINAS KESEHATAN,Umum,Obat-Obatan,19311,268.,2020-01-02,Vitamin B12 tablet,Tablet,29,36,1044
Kalimantan Selatan,Banjarbaru,PUSKESMAS LANDASAN ULIN,DINAS KESEHATAN,Umum,Obat-Obatan,19311,269.,2020-01-02,Vitamin B12 tablet,Tablet,1671,36,60156
,,,,,,,,,,,Total:1.700,,Total:61.200
Kalimantan Selatan,Banjarbaru,PUSKESMAS LANDASAN ULIN,DINAS KESEHATAN,Umum,Obat-Obatan,16720,270.,2020-01-02,Yodium Povidon Larutan 10 % 30 ml,Botol,6,3480,20880
,,,,,,,,,,,Total:6,,Total:20.880
Kalimantan Selatan,Banjarbaru,PUSKESMAS LANDASAN ULIN,DINAS KESEHATAN,Umum,Obat-Obatan,16721,271.,2020-01-02,Yodium Povidon Larutan 10 % 300 ml,Botol,80,15387,1230960
,,,,,,,,,,,Total:80,,Total:1.230.960
Kalimantan Selatan,Banjarbaru,PUSKESMAS LANDASAN ULIN,DINAS KESEHATAN,Umum,Obat-Obatan,18014,272.,2020-01-02,ZINC 20 MG TABLET KF,Tablet,2800,592,1657600
,,,,,,,,,,,Total:2.800,,Total:1.657.600
Kalimantan Selatan,Banjarbaru,PUSKESMAS LANDASAN ULIN,DINAS KESEHATAN,Umum,Obat-Obatan,18393,273.,2020-01-02,ZINCI TABLET 20 MG,Tablet,400,604,241600
Kalimantan Selatan,Banjarbaru,PUSKESMAS LANDASAN ULIN,DINAS KESEHATAN,Umum,Obat-Obatan,18393,274.,2020-01-02,ZINCI TABLET 20 MG,Tablet,300,604,181200
,,,,,,,,,,,Total:700,,Total:422.800
Kalimantan Selatan,Banjarbaru,PUSKESMAS LANDASAN ULIN,DINAS KESEHATAN,Umum,Obat-Obatan,19367,275.,2020-01-02,diazepam inj 5mg/ml-2ml,Buah,5,1913,9565
,,,,,,,,,,,Total:5,,Total:9.565
Kalimantan Selatan,Banjarbaru,PUSKESMAS LANDASAN ULIN,DINAS KESEHATAN,Umum,Obat-Obatan,19589,276.,2020-01-02,eugenol hrg 2,Botol,2,21648,43296
,,,,,,,,,,,Total:2,,Total:43.296
Kalimantan Selatan,Banjarbaru,PUSKESMAS LANDASAN ULIN,DINAS KESEHATAN,Umum,Obat-Obatan,18973,277.,2020-01-02,hyosciamine n butil bromida,Tablet,320,1870,598400
Kalimantan Selatan,Banjarbaru,PUSKESMAS LANDASAN ULIN,DINAS KESEHATAN,Umum,Obat-Obatan,18973,278.,2020-01-02,hyosciamine n butil bromida,Tablet,80,1870,149600
,,,,,,,,,,,Total:400,,Total:748.000
Kalimantan Selatan,Banjarbaru,PUSKESMAS LANDASAN ULIN,DINAS KESEHATAN,Umum,Obat-Obatan,19992,279.,2020-12-01,pot sputum,Buah,100,5890,589000
,,,,,,,,,,,Total:100,,Total:589.000
Kalimantan Selatan,Banjarbaru,PUSKESMAS LANDASAN ULIN,DINAS KESEHATAN,Umum,Perlengkapan Kesehatan,20816,280.,2020-03-02,MOUTHPIECE PEAK FLOW FOR PULM SERENITY,pcs,100,11812,1181200
,,,,,,,,,,,Total:100,,Total:1.181.200
Kalimantan Selatan,Banjarbaru,PUSKESMAS LANDASAN ULIN,DINAS KESEHATAN,Umum,Perlengkapan Kesehatan,2402,281.,2020-12-01,Masker tali (Jeva),pcs,300,2800,840000
,,,,,,,,,,,Total:300,,Total:840.000
Kalimantan Selatan,Banjarbaru,PUSKESMAS LANDASAN ULIN,DINAS KESEHATAN,Umum,Bahan Peralatan Laboratorium,20814,282.,2020-03-02,DENGUE NS1 DEVICE,box,1,1607031,1607031
,,,,,,,,,,,Total:1,,Total:1.607.031
Kalimantan Selatan,Banjarbaru,PUSKESMAS LANDASAN ULIN,DINAS KESEHATAN,Umum,Bahan Peralatan Laboratorium,13922,283.,2020-01-02,Media Transport Amies,Buah,11,14500,159500
,,,,,,,,,,,Total:11,,Total:159.500
Kalimantan Selatan,Banjarbaru,PUSKESMAS LANDASAN ULIN,DINAS KESEHATAN,Umum,Cetak,17171,284.,2020-06-11,CETAK AMPLOP COKLAT,kotak,1,170000,170000
,,,,,,,,,,,Total:1,,Total:170.000
Kalimantan Selatan,Banjarbaru,PUSKESMAS LANDASAN ULIN,DINAS KESEHATAN,Umum,Cetak,5038,285.,2020-12-22,Cetak Stiker,lembar,100,2500,250000
,,,,,,,,,,,Total:100,,Total:250.000
Kalimantan Selatan,Banjarbaru,PUSKESMAS LANDASAN ULIN,DINAS KESEHATAN,Umum,Cetak,18585,286.,2020-12-22,Cetak buku register MTBS,Buah,1,250000,250000
,,,,,,,,,,,Total:1,,Total:250.000
Kalimantan Selatan,Banjarbaru,PUSKESMAS LANDASAN ULIN,DINAS KESEHATAN,Umum,Bahan Obat Obatan,19123,287.,2020-01-02,ALETROL TM,Botol,48,18000,864000
Kalimantan Selatan,Banjarbaru,PUSKESMAS LANDASAN ULIN,DINAS KESEHATAN,Umum,Bahan Obat Obatan,19123,288.,2020-12-01,ALETROL TM,Botol,48,18000,864000
,,,,,,,,,,,Total:96,,Total:1.728.000
Kalimantan Selatan,Banjarbaru,PUSKESMAS LANDASAN ULIN,DINAS KESEHATAN,Umum,Bahan Obat Obatan,19121,289.,2020-03-02,ANATON SYRUP,Botol,57,6000,342000
,,,,,,,,,,,Total:57,,Total:342.000
Kalimantan Selatan,Banjarbaru,PUSKESMAS LANDASAN ULIN,DINAS KESEHATAN,Umum,Bahan Obat Obatan,18053,290.,2020-03-02,BCC 3600 DILUENT 20 LT I,Pak,1,1815000,1815000
,,,,,,,,,,,Total:1,,Total:1.815.000
Kalimantan Selatan,Banjarbaru,PUSKESMAS LANDASAN ULIN,DINAS KESEHATAN,Umum,Bahan Obat Obatan,18054,291.,2020-03-02,BCC 3600 PROBE CLEANSER 500 ML,Pak,1,2547500,2547500
,,,,,,,,,,,Total:1,,Total:2.547.500
Kalimantan Selatan,Banjarbaru,PUSKESMAS LANDASAN ULIN,DINAS KESEHATAN,Umum,Bahan Obat Obatan,20239,292.,2020-03-02,BCC LYSE 500 ML I,Pak,1,2843500,2843500
,,,,,,,,,,,Total:1,,Total:2.843.500
Kalimantan Selatan,Banjarbaru,PUSKESMAS LANDASAN ULIN,DINAS KESEHATAN,Umum,Bahan Obat Obatan,20827,293.,2020-01-02,CAVICUR - TAB BOX / 100,doz,37,70785,2619045
,,,,,,,,,,,Total:37,,Total:2.619.045
Kalimantan Selatan,Banjarbaru,PUSKESMAS LANDASAN ULIN,DINAS KESEHATAN,Umum,Bahan Obat Obatan,20829,294.,2020-07-14,CE SPRAY 100 ML,Botol,4,148500,594000
Kalimantan Selatan,Banjarbaru,PUSKESMAS LANDASAN ULIN,DINAS KESEHATAN,Umum,Bahan Obat Obatan,20829,295.,2020-12-01,CE SPRAY 100 ML,Botol,10,148500,1485000
,,,,,,,,,,,Total:14,,Total:2.079.000
Kalimantan Selatan,Banjarbaru,PUSKESMAS LANDASAN ULIN,DINAS KESEHATAN,Umum,Bahan Obat Obatan,20824,296.,2020-07-14,DEXTROFEN SYR BTL 50 ML,Botol,35,11550,404250
,,,,,,,,,,,Total:35,,Total:404.250
Kalimantan Selatan,Banjarbaru,PUSKESMAS LANDASAN ULIN,DINAS KESEHATAN,Umum,Bahan Obat Obatan,19320,297.,2020-01-02,Erythromicyn Syr,Botol,16,6389,102224
,,,,,,,,,,,Total:16,,Total:102.224
Kalimantan Selatan,Banjarbaru,PUSKESMAS LANDASAN ULIN,DINAS KESEHATAN,Umum,Bahan Obat Obatan,20831,298.,2020-06-16,GENTIAN VOLET,Botol,1,77000,77000
,,,,,,,,,,,Total:1,,Total:77.000
Kalimantan Selatan,Banjarbaru,PUSKESMAS LANDASAN ULIN,DINAS KESEHATAN,Umum,Bahan Obat Obatan,21584,299.,2020-12-01,Kamolas 120 MG / 5 ML syrup,Botol,420,5500,2310000
,,,,,,,,,,,Total:420,,Total:2.310.000
Kalimantan Selatan,Banjarbaru,PUSKESMAS LANDASAN ULIN,DINAS KESEHATAN,Umum,Bahan Obat Obatan,21578,300.,2020-07-14,ONE CLEAN 1 L,Botol,5,32500,162500
,,,,,,,,,,,Total:5,,Total:162.500
Kalimantan Selatan,Banjarbaru,PUSKESMAS LANDASAN ULIN,DINAS KESEHATAN,Umum,Bahan Obat Obatan,21580,301.,2020-07-14,POVIDON 10% 30 ML ONE MED,Botol,3,5100,15300
,,,,,,,,,,,Total:3,,Total:15.300
Kalimantan Selatan,Banjarbaru,PUSKESMAS LANDASAN ULIN,DINAS KESEHATAN,Umum,Bahan Obat Obatan,19985,302.,2020-03-02,"Pehacain injeksi, kemasan kotak isi 20 ampul",Ampul,10,3850,38500
,,,,,,,,,,,Total:10,,Total:38.500
Kalimantan Selatan,Banjarbaru,PUSKESMAS LANDASAN ULIN,DINAS KESEHATAN,Umum,Bahan Obat Obatan,20825,303.,2020-01-02,RIGHTSIGN IHAV-C31,box,45,49500,2227500
,,,,,,,,,,,Total:45,,Total:2.227.500
Kalimantan Selatan,Banjarbaru,PUSKESMAS LANDASAN ULIN,DINAS KESEHATAN,Umum,Bahan Obat Obatan,19119,304.,2020-03-02,SOLAFLUS SYRUP,Botol,57,10000,570000
,,,,,,,,,,,Total:57,,Total:570.000
