SATKER,PUSKESMAS LIANG ANGGANGANY,,,,,,,,,,,,
Nama Barang,ANY,,,,,,,,,,,,
,,,,,,,,,,,,,
Provinsi,Kota,SATKER,SKPD,Gudang,Jenis Barang,Kode Barang,No,Tanggal Beli,Nama Barang,Satuan,Jumlah,Harga,Total Harga
Kalimantan Selatan,Banjarbaru,PUSKESMAS LIANG ANGGANG,DINAS KESEHATAN,BLUD,"Perangko, Materai dan Benda Pos Lainnya",21761,15.,2020-11-02,MATERAI 6000 (BH),Buah,5,6000,30000
Kalimantan Selatan,Banjarbaru,PUSKESMAS LIANG ANGGANG,DINAS KESEHATAN,BLUD,Peralatan Kebersihan dan Bahan Pembersih,1917,17.,2020-10-02,Plastik Sampah,Buah,60,2000,120000
Kalimantan Selatan,Banjarbaru,PUSKESMAS LIANG ANGGANG,DINAS KESEHATAN,BLUD,Obat-Obatan,16767,263.,2020-12-01,One Scrub / Aseptic gel,Botol,8,44000,352000
Kalimantan Selatan,Banjarbaru,PUSKESMAS LIANG ANGGANG,DINAS KESEHATAN,BLUD,Obat-Obatan,19890,333.,2020-10-02,Urine test strips,Tube,1,192500,192500
Kalimantan Selatan,Banjarbaru,PUSKESMAS LIANG ANGGANG,DINAS KESEHATAN,Umum,Alat Tulis Kantor,135,1.,2020-10-20,Tempat Pensil/Pulpen ATK Meja,Buah,10,8000,80000
Kalimantan Selatan,Banjarbaru,PUSKESMAS LIANG ANGGANG,DINAS KESEHATAN,Umum,Alat Tulis Kantor,29,2.,2020-09-18,Ballpoint,Buah,2,20000,40000
Kalimantan Selatan,Banjarbaru,PUSKESMAS LIANG ANGGANG,DINAS KESEHATAN,Umum,Alat Tulis Kantor,308,3.,2020-10-20,Binder Clip Besar,kotak,1,28000,28000
Kalimantan Selatan,Banjarbaru,PUSKESMAS LIANG ANGGANG,DINAS KESEHATAN,Umum,Alat Tulis Kantor,1988,4.,2020-10-20,Binder clip Kecil,kotak,2,17000,34000
Kalimantan Selatan,Banjarbaru,PUSKESMAS LIANG ANGGANG,DINAS KESEHATAN,Umum,Alat Tulis Kantor,64,5.,2020-09-18,Buku Folio,Buah,4,22000,88000
Kalimantan Selatan,Banjarbaru,PUSKESMAS LIANG ANGGANG,DINAS KESEHATAN,Umum,Alat Tulis Kantor,4967,6.,2020-09-18,Buku Tulis Biasa,Buah,10,7000,70000
Kalimantan Selatan,Banjarbaru,PUSKESMAS LIANG ANGGANG,DINAS KESEHATAN,Umum,Alat Tulis Kantor,15672,7.,2020-07-15,ISI STAPLER KECIL (KOTAK),kotak,8,3000,24000
Kalimantan Selatan,Banjarbaru,PUSKESMAS LIANG ANGGANG,DINAS KESEHATAN,Umum,Alat Tulis Kantor,1399,8.,2020-09-18,Isi Stapler Besar,kotak,4,6900,27600
Kalimantan Selatan,Banjarbaru,PUSKESMAS LIANG ANGGANG,DINAS KESEHATAN,Umum,Alat Tulis Kantor,13013,9.,2020-03-23,Map Kertas Biasa,lembar,20,1200,24000
Kalimantan Selatan,Banjarbaru,PUSKESMAS LIANG ANGGANG,DINAS KESEHATAN,Umum,Alat Tulis Kantor,242,10.,2020-09-18,Map Plastik Tali,Buah,10,6000,60000
Kalimantan Selatan,Banjarbaru,PUSKESMAS LIANG ANGGANG,DINAS KESEHATAN,Umum,Alat Tulis Kantor,2680,11.,2020-10-20,Ordner,Buah,4,26000,104000
Kalimantan Selatan,Banjarbaru,PUSKESMAS LIANG ANGGANG,DINAS KESEHATAN,Umum,Alat Tulis Kantor,63,12.,2020-09-18,Spidol permanent marker,Buah,1,10000,10000
Kalimantan Selatan,Banjarbaru,PUSKESMAS LIANG ANGGANG,DINAS KESEHATAN,Umum,Alat Tulis Kantor,1396,13.,2020-09-18,Stapler Kecil,Buah,1,35000,35000
Kalimantan Selatan,Banjarbaru,PUSKESMAS LIANG ANGGANG,DINAS KESEHATAN,Umum,Alat Tulis Kantor,1671,14.,2020-07-15,pemutih kertas,Buah,4,7000,28000
Kalimantan Selatan,Banjarbaru,PUSKESMAS LIANG ANGGANG,DINAS KESEHATAN,Umum,Peralatan Kebersihan dan Bahan Pembersih,8347,16.,2020-06-16,Cairan pembersih lantai (buah),Buah,1,22000,22000
Kalimantan Selatan,Banjarbaru,PUSKESMAS LIANG ANGGANG,DINAS KESEHATAN,Umum,Peralatan dan Perlengkapan Komputer,2258,18.,2020-01-02,TINTA PRINTER WARNA,Buah,1,35000,35000
Kalimantan Selatan,Banjarbaru,PUSKESMAS LIANG ANGGANG,DINAS KESEHATAN,Umum,Peralatan dan Perlengkapan Komputer,16359,19.,2020-07-15,TINTA REFILL PRINTER (BOTOL),Botol,1,90000,90000
Kalimantan Selatan,Banjarbaru,PUSKESMAS LIANG ANGGANG,DINAS KESEHATAN,Umum,Obat-Obatan,16499,20.,2020-03-03,ACYCLOVIR TABLET 200 MG,Tablet,1000,272,272000
Kalimantan Selatan,Banjarbaru,PUSKESMAS LIANG ANGGANG,DINAS KESEHATAN,Umum,Obat-Obatan,16500,21.,2020-01-02,ACYCLOVIR TABLET 400 MG,Tablet,574,425,243950
Kalimantan Selatan,Banjarbaru,PUSKESMAS LIANG ANGGANG,DINAS KESEHATAN,Umum,Obat-Obatan,16500,22.,2020-01-02,ACYCLOVIR TABLET 400 MG,Tablet,526,425,223550
Kalimantan Selatan,Banjarbaru,PUSKESMAS LIANG ANGGANG,DINAS KESEHATAN,Umum,Obat-Obatan,16062,23.,2020-03-02,"ADS 0,05 ml",Buah,6,1565,9390
Kalimantan Selatan,Banjarbaru,PUSKESMAS LIANG ANGGANG,DINAS KESEHATAN,Umum,Obat-Obatan,19011,24.,2020-11-03,"ADS 0,05 ml VIAL",Vial,100,1518,151800
Kalimantan Selatan,Banjarbaru,PUSKESMAS LIANG ANGGANG,DINAS KESEHATAN,Umum,Obat-Obatan,17108,25.,2020-11-03,"ADS 0,5 ml",Buah,606,1240,751440
Kalimantan Selatan,Banjarbaru,PUSKESMAS LIANG ANGGANG,DINAS KESEHATAN,Umum,Obat-Obatan,20986,26.,2020-01-02,ADS 5 ml harga 2,Buah,5,1583,7915
Kalimantan Selatan,Banjarbaru,PUSKESMAS LIANG ANGGANG,DINAS KESEHATAN,Umum,Obat-Obatan,20986,27.,2020-09-08,ADS 5 ml harga 2,Buah,100,1583,158300
Kalimantan Selatan,Banjarbaru,PUSKESMAS LIANG ANGGANG,DINAS KESEHATAN,Umum,Obat-Obatan,18384,28.,2020-01-02,ALAT SUNTIK 10 ML,pcs,70,2000,140000
Kalimantan Selatan,Banjarbaru,PUSKESMAS LIANG ANGGANG,DINAS KESEHATAN,Umum,Obat-Obatan,18407,29.,2020-01-02,ALKOHOL SWABB HARGA 1,pcs,3500,110,385000
Kalimantan Selatan,Banjarbaru,PUSKESMAS LIANG ANGGANG,DINAS KESEHATAN,Umum,Obat-Obatan,18407,30.,2020-10-02,ALKOHOL SWABB HARGA 1,pcs,200,110,22000
Kalimantan Selatan,Banjarbaru,PUSKESMAS LIANG ANGGANG,DINAS KESEHATAN,Umum,Obat-Obatan,16503,31.,2020-01-02,ALLOPURINOL 300 MG,Tablet,600,244,146400
Kalimantan Selatan,Banjarbaru,PUSKESMAS LIANG ANGGANG,DINAS KESEHATAN,Umum,Obat-Obatan,16503,32.,2020-01-02,ALLOPURINOL 300 MG,Tablet,500,244,122000
Kalimantan Selatan,Banjarbaru,PUSKESMAS LIANG ANGGANG,DINAS KESEHATAN,Umum,Obat-Obatan,16503,33.,2020-01-02,ALLOPURINOL 300 MG,Tablet,100,244,24400
Kalimantan Selatan,Banjarbaru,PUSKESMAS LIANG ANGGANG,DINAS KESEHATAN,Umum,Obat-Obatan,16504,34.,2020-01-02,ALLOPURINOL TABLET 100 MG,Tablet,700,99,69300
Kalimantan Selatan,Banjarbaru,PUSKESMAS LIANG ANGGANG,DINAS KESEHATAN,Umum,Obat-Obatan,18543,35.,2020-01-02,ALPARA,Tablet,14200,683,9698600
Kalimantan Selatan,Banjarbaru,PUSKESMAS LIANG ANGGANG,DINAS KESEHATAN,Umum,Obat-Obatan,16506,36.,2020-01-02,ALPRAZOLAM 1 MG TABLET KF,Tablet,90,120,10800
Kalimantan Selatan,Banjarbaru,PUSKESMAS LIANG ANGGANG,DINAS KESEHATAN,Umum,Obat-Obatan,16509,37.,2020-01-02,AMBROXOL SYRUP,Botol,110,3190,350900
Kalimantan Selatan,Banjarbaru,PUSKESMAS LIANG ANGGANG,DINAS KESEHATAN,Umum,Obat-Obatan,16509,38.,2020-03-03,AMBROXOL SYRUP,Botol,300,3190,957000
Kalimantan Selatan,Banjarbaru,PUSKESMAS LIANG ANGGANG,DINAS KESEHATAN,Umum,Obat-Obatan,16516,39.,2020-01-02,AMINOFILIN INJEKSI 24 MG/ML - 10ML,Ampul,24,4204,100896
Kalimantan Selatan,Banjarbaru,PUSKESMAS LIANG ANGGANG,DINAS KESEHATAN,Umum,Obat-Obatan,18257,40.,2020-01-02,AMOKSISILIN FORTE SIRUP KERING 250 MG / 5 ML,Botol,60,3846,230760
Kalimantan Selatan,Banjarbaru,PUSKESMAS LIANG ANGGANG,DINAS KESEHATAN,Umum,Obat-Obatan,18257,41.,2020-03-03,AMOKSISILIN FORTE SIRUP KERING 250 MG / 5 ML,Botol,60,3846,230760
Kalimantan Selatan,Banjarbaru,PUSKESMAS LIANG ANGGANG,DINAS KESEHATAN,Umum,Obat-Obatan,18257,42.,2020-04-08,AMOKSISILIN FORTE SIRUP KERING 250 MG / 5 ML,Botol,60,3846,230760
Kalimantan Selatan,Banjarbaru,PUSKESMAS LIANG ANGGANG,DINAS KESEHATAN,Umum,Obat-Obatan,16584,43.,2020-01-02,AMOKSISILIN KAPLET 250 MG,Tablet,288,220,63360
Kalimantan Selatan,Banjarbaru,PUSKESMAS LIANG ANGGANG,DINAS KESEHATAN,Umum,Obat-Obatan,18255,44.,2020-03-03,AMOKSISILIN KAPSUL 500 MG HARGA 3,Kapsul,1300,248,322400
Kalimantan Selatan,Banjarbaru,PUSKESMAS LIANG ANGGANG,DINAS KESEHATAN,Umum,Obat-Obatan,18305,45.,2020-01-02,"ANTASIDA DOEN TABLET , KOMBINASI HARGA 2",Tablet,2400,56,134400
Kalimantan Selatan,Banjarbaru,PUSKESMAS LIANG ANGGANG,DINAS KESEHATAN,Umum,Obat-Obatan,16586,46.,2020-03-03,ANTASIDA SUSPENSI,Botol,40,2098,83920
Kalimantan Selatan,Banjarbaru,PUSKESMAS LIANG ANGGANG,DINAS KESEHATAN,Umum,Obat-Obatan,16586,47.,2020-04-08,ANTASIDA SUSPENSI,Botol,50,2098,104900
Kalimantan Selatan,Banjarbaru,PUSKESMAS LIANG ANGGANG,DINAS KESEHATAN,Umum,Obat-Obatan,18307,48.,2020-01-02,"AQUA PROINJEKSISTERIL, BEBAS PIROGEN  HARGA 1",Vial,120,2862,343440
Kalimantan Selatan,Banjarbaru,PUSKESMAS LIANG ANGGANG,DINAS KESEHATAN,Umum,Obat-Obatan,16592,49.,2020-07-02,ASAM ASKORBAT (VIT C) TABLET 50 MG,Tablet,1587,120,190440
Kalimantan Selatan,Banjarbaru,PUSKESMAS LIANG ANGGANG,DINAS KESEHATAN,Umum,Obat-Obatan,16592,50.,2020-10-02,ASAM ASKORBAT (VIT C) TABLET 50 MG,Tablet,3500,120,420000
Kalimantan Selatan,Banjarbaru,PUSKESMAS LIANG ANGGANG,DINAS KESEHATAN,Umum,Obat-Obatan,16593,51.,2020-01-02,ASAM FOLAT,Tablet,100,52,5200
Kalimantan Selatan,Banjarbaru,PUSKESMAS LIANG ANGGANG,DINAS KESEHATAN,Umum,Obat-Obatan,16593,52.,2020-07-02,ASAM FOLAT,Tablet,500,136,68000
Kalimantan Selatan,Banjarbaru,PUSKESMAS LIANG ANGGANG,DINAS KESEHATAN,Umum,Obat-Obatan,17537,53.,2020-10-02,ASAM TRANEXAMAT 250 MG INJEKSI DEXA,Ampul,8,1813,14504
Kalimantan Selatan,Banjarbaru,PUSKESMAS LIANG ANGGANG,DINAS KESEHATAN,Umum,Obat-Obatan,17461,54.,2020-01-02,ASETIL SISTEIN-N / N-ASETIL SISTEIN 200MG,Tablet,559,412,230308
Kalimantan Selatan,Banjarbaru,PUSKESMAS LIANG ANGGANG,DINAS KESEHATAN,Umum,Obat-Obatan,17461,55.,2020-01-02,ASETIL SISTEIN-N / N-ASETIL SISTEIN 200MG,Tablet,285,412,117420
Kalimantan Selatan,Banjarbaru,PUSKESMAS LIANG ANGGANG,DINAS KESEHATAN,Umum,Obat-Obatan,17461,56.,2020-03-03,ASETIL SISTEIN-N / N-ASETIL SISTEIN 200MG,Tablet,840,412,346080
Kalimantan Selatan,Banjarbaru,PUSKESMAS LIANG ANGGANG,DINAS KESEHATAN,Umum,Obat-Obatan,16595,57.,2020-01-02,AZITROMISIN TAB 500 MG,Tablet,400,4613,1845200
Kalimantan Selatan,Banjarbaru,PUSKESMAS LIANG ANGGANG,DINAS KESEHATAN,Umum,Obat-Obatan,8187,58.,2020-01-02,Acyclovir 5% Cream,Tube,53,2700,143100
Kalimantan Selatan,Banjarbaru,PUSKESMAS LIANG ANGGANG,DINAS KESEHATAN,Umum,Obat-Obatan,8187,59.,2020-01-02,Acyclovir 5% Cream,Tube,96,2700,259200
Kalimantan Selatan,Banjarbaru,PUSKESMAS LIANG ANGGANG,DINAS KESEHATAN,Umum,Obat-Obatan,8187,60.,2020-01-02,Acyclovir 5% Cream,Tube,18,2700,48600
Kalimantan Selatan,Banjarbaru,PUSKESMAS LIANG ANGGANG,DINAS KESEHATAN,Umum,Obat-Obatan,426,61.,2020-01-02,Alat Suntik 10 ml,Buah,50,2000,100000
Kalimantan Selatan,Banjarbaru,PUSKESMAS LIANG ANGGANG,DINAS KESEHATAN,Umum,Obat-Obatan,21483,62.,2020-01-02,Alat Suntik Sekali Pakaiii 1 ml,pcs,192,1430,274560
Kalimantan Selatan,Banjarbaru,PUSKESMAS LIANG ANGGANG,DINAS KESEHATAN,Umum,Obat-Obatan,16725,63.,2020-10-02,Alat Suntik sekali Pakai  3 ml Harga 2,pcs,100,818,81800
Kalimantan Selatan,Banjarbaru,PUSKESMAS LIANG ANGGANG,DINAS KESEHATAN,Umum,Obat-Obatan,16726,64.,2020-01-02,Alat Suntik sekali Pakai 5 ml Harga 1,pcs,450,1600,720000
Kalimantan Selatan,Banjarbaru,PUSKESMAS LIANG ANGGANG,DINAS KESEHATAN,Umum,Obat-Obatan,562,65.,2020-01-02,Albendazol tablet 400 mg,Tablet,100,463,46300
Kalimantan Selatan,Banjarbaru,PUSKESMAS LIANG ANGGANG,DINAS KESEHATAN,Umum,Obat-Obatan,562,66.,2020-01-02,Albendazol tablet 400 mg,Tablet,200,463,92600
Kalimantan Selatan,Banjarbaru,PUSKESMAS LIANG ANGGANG,DINAS KESEHATAN,Umum,Obat-Obatan,562,67.,2020-07-02,Albendazol tablet 400 mg,Tablet,500,463,231500
Kalimantan Selatan,Banjarbaru,PUSKESMAS LIANG ANGGANG,DINAS KESEHATAN,Umum,Obat-Obatan,18491,68.,2020-01-02,Alopurinol Tablet 100 mg,Tablet,300,99,29700
Kalimantan Selatan,Banjarbaru,PUSKESMAS LIANG ANGGANG,DINAS KESEHATAN,Umum,Obat-Obatan,18491,69.,2020-04-08,Alopurinol Tablet 100 mg,Tablet,2000,99,198000
Kalimantan Selatan,Banjarbaru,PUSKESMAS LIANG ANGGANG,DINAS KESEHATAN,Umum,Obat-Obatan,18498,70.,2020-04-08,Ambroxol 30 MG,Tablet,1900,99,188100
Kalimantan Selatan,Banjarbaru,PUSKESMAS LIANG ANGGANG,DINAS KESEHATAN,Umum,Obat-Obatan,20980,71.,2020-09-12,Amitripilin,kotak,1,16800,16800
Kalimantan Selatan,Banjarbaru,PUSKESMAS LIANG ANGGANG,DINAS KESEHATAN,Umum,Obat-Obatan,475,72.,2020-04-08,Amlodipin 10 mg (IFRS),Tablet,1200,95,114000
Kalimantan Selatan,Banjarbaru,PUSKESMAS LIANG ANGGANG,DINAS KESEHATAN,Umum,Obat-Obatan,19342,73.,2020-10-02,Amlodipin 5 mg,Tablet,900,81,72900
Kalimantan Selatan,Banjarbaru,PUSKESMAS LIANG ANGGANG,DINAS KESEHATAN,Umum,Obat-Obatan,711,74.,2020-01-02,Amoksisilin Kapsul 250 mg,Kapsul,100,209,20900
Kalimantan Selatan,Banjarbaru,PUSKESMAS LIANG ANGGANG,DINAS KESEHATAN,Umum,Obat-Obatan,711,75.,2020-04-08,Amoksisilin Kapsul 250 mg,Kapsul,100,209,20900
Kalimantan Selatan,Banjarbaru,PUSKESMAS LIANG ANGGANG,DINAS KESEHATAN,Umum,Obat-Obatan,771,76.,2020-01-02,Amoksisilin syrup kering  Forte 250 mg/5 ml,Botol,50,3797,189850
Kalimantan Selatan,Banjarbaru,PUSKESMAS LIANG ANGGANG,DINAS KESEHATAN,Umum,Obat-Obatan,19197,77.,2020-10-02,Asam Mefenamat Tab 500 mg,Tablet,800,103,82400
Kalimantan Selatan,Banjarbaru,PUSKESMAS LIANG ANGGANG,DINAS KESEHATAN,Umum,Obat-Obatan,17834,78.,2020-01-02,Asam Traneksamat inj 250 mg/ml INJ (IFRS),Ampul,13,6600,85800
Kalimantan Selatan,Banjarbaru,PUSKESMAS LIANG ANGGANG,DINAS KESEHATAN,Umum,Obat-Obatan,16336,79.,2020-01-02,BENANG SILK BLACK 3/0 DS,pcs,12,20685,248220
Kalimantan Selatan,Banjarbaru,PUSKESMAS LIANG ANGGANG,DINAS KESEHATAN,Umum,Obat-Obatan,16596,80.,2020-10-02,BETAHISTIN 6 MG,Tablet,200,119,23800
Kalimantan Selatan,Banjarbaru,PUSKESMAS LIANG ANGGANG,DINAS KESEHATAN,Umum,Obat-Obatan,17560,81.,2020-01-02,BISOPROLOL 5 MG TABLET HJ,Tablet,600,635,381000
Kalimantan Selatan,Banjarbaru,PUSKESMAS LIANG ANGGANG,DINAS KESEHATAN,Umum,Obat-Obatan,18848,82.,2020-01-02,BUFACETINE KLORAMFENIKOL SALEP 2 %,Tube,96,3360,322560
Kalimantan Selatan,Banjarbaru,PUSKESMAS LIANG ANGGANG,DINAS KESEHATAN,Umum,Obat-Obatan,18848,83.,2020-01-02,BUFACETINE KLORAMFENIKOL SALEP 2 %,Tube,7,3360,23520
Kalimantan Selatan,Banjarbaru,PUSKESMAS LIANG ANGGANG,DINAS KESEHATAN,Umum,Obat-Obatan,18848,84.,2020-01-02,BUFACETINE KLORAMFENIKOL SALEP 2 %,Tube,4,3360,13440
Kalimantan Selatan,Banjarbaru,PUSKESMAS LIANG ANGGANG,DINAS KESEHATAN,Umum,Obat-Obatan,18848,85.,2020-03-03,BUFACETINE KLORAMFENIKOL SALEP 2 %,Tube,48,3360,161280
Kalimantan Selatan,Banjarbaru,PUSKESMAS LIANG ANGGANG,DINAS KESEHATAN,Umum,Obat-Obatan,12146,86.,2020-10-02,"Betametason Krim 0,1%",Tablet,50,1865,93250
Kalimantan Selatan,Banjarbaru,PUSKESMAS LIANG ANGGANG,DINAS KESEHATAN,Umum,Obat-Obatan,571,87.,2020-01-02,Bisakodil suppositoria 5 mg (Dulcolax),Suppo,4,6000,24000
Kalimantan Selatan,Banjarbaru,PUSKESMAS LIANG ANGGANG,DINAS KESEHATAN,Umum,Obat-Obatan,571,88.,2020-01-02,Bisakodil suppositoria 5 mg (Dulcolax),Suppo,12,6000,72000
Kalimantan Selatan,Banjarbaru,PUSKESMAS LIANG ANGGANG,DINAS KESEHATAN,Umum,Obat-Obatan,17742,89.,2020-12-02,Bubuk Larvasida (P2PM),Bungkus,7,140000,980000
Kalimantan Selatan,Banjarbaru,PUSKESMAS LIANG ANGGANG,DINAS KESEHATAN,Umum,Obat-Obatan,17618,90.,2020-01-02,"CAPTOPRIL 12,5 MG TABLET INDOFARMA",Tablet,450,69,31050
Kalimantan Selatan,Banjarbaru,PUSKESMAS LIANG ANGGANG,DINAS KESEHATAN,Umum,Obat-Obatan,17618,91.,2020-01-02,"CAPTOPRIL 12,5 MG TABLET INDOFARMA",Tablet,250,69,17250
Kalimantan Selatan,Banjarbaru,PUSKESMAS LIANG ANGGANG,DINAS KESEHATAN,Umum,Obat-Obatan,17618,92.,2020-03-03,"CAPTOPRIL 12,5 MG TABLET INDOFARMA",Tablet,200,69,13800
Kalimantan Selatan,Banjarbaru,PUSKESMAS LIANG ANGGANG,DINAS KESEHATAN,Umum,Obat-Obatan,16599,93.,2020-01-02,CEFADROXIL 125 MG / 5 ML SYRUP BERNO,Botol,111,4746,526806
Kalimantan Selatan,Banjarbaru,PUSKESMAS LIANG ANGGANG,DINAS KESEHATAN,Umum,Obat-Obatan,16599,94.,2020-01-02,CEFADROXIL 125 MG / 5 ML SYRUP BERNO,Botol,9,4086,36774
Kalimantan Selatan,Banjarbaru,PUSKESMAS LIANG ANGGANG,DINAS KESEHATAN,Umum,Obat-Obatan,16598,95.,2020-07-02,CEFADROXIL CAPSUL 500 MG,Tablet,400,680,272000
Kalimantan Selatan,Banjarbaru,PUSKESMAS LIANG ANGGANG,DINAS KESEHATAN,Umum,Obat-Obatan,2565,96.,2020-04-08,CEFIXIME 200MG,Kapsul,240,2430,583200
Kalimantan Selatan,Banjarbaru,PUSKESMAS LIANG ANGGANG,DINAS KESEHATAN,Umum,Obat-Obatan,18990,97.,2020-01-02,CIPROFLOXACIN 500 MG,Tablet,500,265,132500
Kalimantan Selatan,Banjarbaru,PUSKESMAS LIANG ANGGANG,DINAS KESEHATAN,Umum,Obat-Obatan,16001,98.,2020-01-02,CIPROFLOXACIN 500 MG TABLET HJ,Tablet,300,770,231000
Kalimantan Selatan,Banjarbaru,PUSKESMAS LIANG ANGGANG,DINAS KESEHATAN,Umum,Obat-Obatan,16001,99.,2020-01-02,CIPROFLOXACIN 500 MG TABLET HJ,Tablet,100,770,77000
Kalimantan Selatan,Banjarbaru,PUSKESMAS LIANG ANGGANG,DINAS KESEHATAN,Umum,Obat-Obatan,16604,100.,2020-01-02,CLOBAZAM 10 MG,Tablet,47,950,44650
Kalimantan Selatan,Banjarbaru,PUSKESMAS LIANG ANGGANG,DINAS KESEHATAN,Umum,Obat-Obatan,17598,101.,2020-01-02,CLOBAZAM TAB,Tablet,80,872,69760
Kalimantan Selatan,Banjarbaru,PUSKESMAS LIANG ANGGANG,DINAS KESEHATAN,Umum,Obat-Obatan,17598,102.,2020-03-03,CLOBAZAM TAB,Tablet,100,872,87200
Kalimantan Selatan,Banjarbaru,PUSKESMAS LIANG ANGGANG,DINAS KESEHATAN,Umum,Obat-Obatan,22912,103.,2020-07-08,COVER ALL,Buah,100,178260,17826000
Kalimantan Selatan,Banjarbaru,PUSKESMAS LIANG ANGGANG,DINAS KESEHATAN,Umum,Obat-Obatan,21670,104.,2020-03-03,Captopril 25 mg,box,1,14463,14463
Kalimantan Selatan,Banjarbaru,PUSKESMAS LIANG ANGGANG,DINAS KESEHATAN,Umum,Obat-Obatan,21670,105.,2020-04-08,Captopril 25 mg,box,2,14463,28926
Kalimantan Selatan,Banjarbaru,PUSKESMAS LIANG ANGGANG,DINAS KESEHATAN,Umum,Obat-Obatan,18571,106.,2020-01-02,Captopril Tablet 25 mg,Buah,800,86,68800
Kalimantan Selatan,Banjarbaru,PUSKESMAS LIANG ANGGANG,DINAS KESEHATAN,Umum,Obat-Obatan,892,107.,2020-01-02,Catgut / Benang Bedah Chromic No. 3/0,pcs,7,7570,52990
Kalimantan Selatan,Banjarbaru,PUSKESMAS LIANG ANGGANG,DINAS KESEHATAN,Umum,Obat-Obatan,892,108.,2020-04-08,Catgut / Benang Bedah Chromic No. 3/0,pcs,24,7570,181680
Kalimantan Selatan,Banjarbaru,PUSKESMAS LIANG ANGGANG,DINAS KESEHATAN,Umum,Obat-Obatan,17223,109.,2020-01-02,Cefadroxil Forte Sirup Kering 250 mg,Botol,59,6285,370815
Kalimantan Selatan,Banjarbaru,PUSKESMAS LIANG ANGGANG,DINAS KESEHATAN,Umum,Obat-Obatan,19296,110.,2020-03-03,Cefadroxil syrup 125 mg harga 2,Botol,50,4360,218000
Kalimantan Selatan,Banjarbaru,PUSKESMAS LIANG ANGGANG,DINAS KESEHATAN,Umum,Obat-Obatan,495,111.,2020-04-08,Cetirizine syrup 5 mg/5 ml,Botol,150,3061,459150
Kalimantan Selatan,Banjarbaru,PUSKESMAS LIANG ANGGANG,DINAS KESEHATAN,Umum,Obat-Obatan,20212,112.,2020-03-03,DEKSAMETASON INJ 5 MG /ML 1 - ML,Ampul,47,1210,56870
Kalimantan Selatan,Banjarbaru,PUSKESMAS LIANG ANGGANG,DINAS KESEHATAN,Umum,Obat-Obatan,17632,113.,2020-01-02,DIAZEPAM 2MG TAB,Tablet,65,86,5590
Kalimantan Selatan,Banjarbaru,PUSKESMAS LIANG ANGGANG,DINAS KESEHATAN,Umum,Obat-Obatan,17466,114.,2020-01-02,DIAZEPAM INJ 5MG/ML-2ML,ampul,8,8800,70400
Kalimantan Selatan,Banjarbaru,PUSKESMAS LIANG ANGGANG,DINAS KESEHATAN,Umum,Obat-Obatan,16607,115.,2020-01-02,DIFENHIDRAMIN HCL INJ 10 MG/ML-1 ML,ampul,27,1056,28512
Kalimantan Selatan,Banjarbaru,PUSKESMAS LIANG ANGGANG,DINAS KESEHATAN,Umum,Obat-Obatan,16608,116.,2020-01-02,"DIGOKSIN TABLET 0,25 MG",Tablet,100,108,10800
Kalimantan Selatan,Banjarbaru,PUSKESMAS LIANG ANGGANG,DINAS KESEHATAN,Umum,Obat-Obatan,20023,117.,2020-03-03,DIMENHYDRINAT TAB,Tablet,100,121,12100
Kalimantan Selatan,Banjarbaru,PUSKESMAS LIANG ANGGANG,DINAS KESEHATAN,Umum,Obat-Obatan,16612,118.,2020-01-02,DOMPERIDON SYRUP,Botol,5,2862,14310
Kalimantan Selatan,Banjarbaru,PUSKESMAS LIANG ANGGANG,DINAS KESEHATAN,Umum,Obat-Obatan,16612,119.,2020-01-02,DOMPERIDON SYRUP,Botol,9,2862,25758
Kalimantan Selatan,Banjarbaru,PUSKESMAS LIANG ANGGANG,DINAS KESEHATAN,Umum,Obat-Obatan,16613,120.,2020-01-02,DOXYCYCLINE 100 MG TABLET KF,Tablet,799,250,199750
Kalimantan Selatan,Banjarbaru,PUSKESMAS LIANG ANGGANG,DINAS KESEHATAN,Umum,Obat-Obatan,19014,121.,2020-11-03,DPT-HB- Hib,Vial,42,84282,3539844
Kalimantan Selatan,Banjarbaru,PUSKESMAS LIANG ANGGANG,DINAS KESEHATAN,Umum,Obat-Obatan,16614,122.,2020-01-02,DULCOLAX 5 MG SUPPOSITORIA (ANAK),Suppo,44,4990,219560
Kalimantan Selatan,Banjarbaru,PUSKESMAS LIANG ANGGANG,DINAS KESEHATAN,Umum,Obat-Obatan,601,123.,2020-01-02,Deksametason inj 5 mg/ml,Ampul,71,1740,123540
Kalimantan Selatan,Banjarbaru,PUSKESMAS LIANG ANGGANG,DINAS KESEHATAN,Umum,Obat-Obatan,611,124.,2020-01-02,"Deksametason tablet 0,5 mg",Tablet,2990,48,143520
Kalimantan Selatan,Banjarbaru,PUSKESMAS LIANG ANGGANG,DINAS KESEHATAN,Umum,Obat-Obatan,611,125.,2020-01-02,"Deksametason tablet 0,5 mg",Tablet,10,48,480
Kalimantan Selatan,Banjarbaru,PUSKESMAS LIANG ANGGANG,DINAS KESEHATAN,Umum,Obat-Obatan,19199,126.,2020-01-02,Dexamethason Tablet,Tablet,200,77,15400
Kalimantan Selatan,Banjarbaru,PUSKESMAS LIANG ANGGANG,DINAS KESEHATAN,Umum,Obat-Obatan,19199,127.,2020-03-03,Dexamethason Tablet,Tablet,500,77,38500
Kalimantan Selatan,Banjarbaru,PUSKESMAS LIANG ANGGANG,DINAS KESEHATAN,Umum,Obat-Obatan,653,128.,2020-03-03,Diazepam inj 5 mg / ml,ampul,10,1913,19130
Kalimantan Selatan,Banjarbaru,PUSKESMAS LIANG ANGGANG,DINAS KESEHATAN,Umum,Obat-Obatan,744,129.,2020-01-02,Difenhidramin inj 10 mg/ml,ampul,30,1262,37860
Kalimantan Selatan,Banjarbaru,PUSKESMAS LIANG ANGGANG,DINAS KESEHATAN,Umum,Obat-Obatan,17467,130.,2020-01-02,"EPINEFRIN HCL/ADRENALIN INJ 0,1%-1 ML",Ampul,5,1848,9240
Kalimantan Selatan,Banjarbaru,PUSKESMAS LIANG ANGGANG,DINAS KESEHATAN,Umum,Obat-Obatan,17467,131.,2020-01-02,"EPINEFRIN HCL/ADRENALIN INJ 0,1%-1 ML",Ampul,50,1848,92400
Kalimantan Selatan,Banjarbaru,PUSKESMAS LIANG ANGGANG,DINAS KESEHATAN,Umum,Obat-Obatan,853,132.,2020-01-02,Eritromisin 250 mg,Kapsul,400,636,254400
Kalimantan Selatan,Banjarbaru,PUSKESMAS LIANG ANGGANG,DINAS KESEHATAN,Umum,Obat-Obatan,16764,133.,2020-01-02,Etanol 70% 1000 ml Harga 1,Botol,2,30000,60000
Kalimantan Selatan,Banjarbaru,PUSKESMAS LIANG ANGGANG,DINAS KESEHATAN,Umum,Obat-Obatan,17725,134.,2020-01-02,Eugenol Cairan,Botol,42,18333,769986
Kalimantan Selatan,Banjarbaru,PUSKESMAS LIANG ANGGANG,DINAS KESEHATAN,Umum,Obat-Obatan,16625,135.,2020-01-02,FENOBARBITAL TABLET 30 MG,Tablet,90,144,12960
Kalimantan Selatan,Banjarbaru,PUSKESMAS LIANG ANGGANG,DINAS KESEHATAN,Umum,Obat-Obatan,16625,136.,2020-01-02,FENOBARBITAL TABLET 30 MG,Tablet,90,51,4590
Kalimantan Selatan,Banjarbaru,PUSKESMAS LIANG ANGGANG,DINAS KESEHATAN,Umum,Obat-Obatan,16628,137.,2020-01-02,FENOL GLISEROL TETES TELINGA 10%,Botol,66,2590,170940
Kalimantan Selatan,Banjarbaru,PUSKESMAS LIANG ANGGANG,DINAS KESEHATAN,Umum,Obat-Obatan,16628,138.,2020-01-02,FENOL GLISEROL TETES TELINGA 10%,Botol,6,2590,15540
Kalimantan Selatan,Banjarbaru,PUSKESMAS LIANG ANGGANG,DINAS KESEHATAN,Umum,Obat-Obatan,18318,139.,2020-01-02,FITOMENADION (VIT K) TABLET SALUT 10MG HARGA 2,Tablet,500,873,436500
Kalimantan Selatan,Banjarbaru,PUSKESMAS LIANG ANGGANG,DINAS KESEHATAN,Umum,Obat-Obatan,16629,140.,2020-01-02,FITOMENADION (VIT.K) TABLET SALUT 10 MG,Tablet,700,796,557200
Kalimantan Selatan,Banjarbaru,PUSKESMAS LIANG ANGGANG,DINAS KESEHATAN,Umum,Obat-Obatan,16630,141.,2020-01-02,FUROSEMID TABLET 40 MG,Tablet,180,79,14220
Kalimantan Selatan,Banjarbaru,PUSKESMAS LIANG ANGGANG,DINAS KESEHATAN,Umum,Obat-Obatan,16630,142.,2020-01-02,FUROSEMID TABLET 40 MG,Tablet,600,79,47400
Kalimantan Selatan,Banjarbaru,PUSKESMAS LIANG ANGGANG,DINAS KESEHATAN,Umum,Obat-Obatan,16630,143.,2020-01-02,FUROSEMID TABLET 40 MG,Tablet,20,79,1580
Kalimantan Selatan,Banjarbaru,PUSKESMAS LIANG ANGGANG,DINAS KESEHATAN,Umum,Obat-Obatan,548,144.,2020-10-02,Fenolgliserol TT 10 %,Botol,48,2727,130896
Kalimantan Selatan,Banjarbaru,PUSKESMAS LIANG ANGGANG,DINAS KESEHATAN,Umum,Obat-Obatan,2718,145.,2020-03-03,Fitomenadion (Vitamin K) Injeksi 10 mg/ml,Ampul,30,4236,127080
Kalimantan Selatan,Banjarbaru,PUSKESMAS LIANG ANGGANG,DINAS KESEHATAN,Umum,Obat-Obatan,557,146.,2020-01-02,Fitomenadion (Vitamin K) tablet salut gula 10 mg,Tablet,300,818,245400
Kalimantan Selatan,Banjarbaru,PUSKESMAS LIANG ANGGANG,DINAS KESEHATAN,Umum,Obat-Obatan,18520,147.,2020-01-02,Fitomenadion (vit k 1) injeksi 10mg/ml-1ml,Ampul,36,4083,146988
Kalimantan Selatan,Banjarbaru,PUSKESMAS LIANG ANGGANG,DINAS KESEHATAN,Umum,Obat-Obatan,7862,148.,2020-01-02,Furosemid inj,ampul,25,1555,38875
Kalimantan Selatan,Banjarbaru,PUSKESMAS LIANG ANGGANG,DINAS KESEHATAN,Umum,Obat-Obatan,7862,149.,2020-03-03,Furosemid inj,ampul,25,1555,38875
Kalimantan Selatan,Banjarbaru,PUSKESMAS LIANG ANGGANG,DINAS KESEHATAN,Umum,Obat-Obatan,18320,150.,2020-01-02,GEMFIBROZIL 300 MG,Tablet,360,318,114480
Kalimantan Selatan,Banjarbaru,PUSKESMAS LIANG ANGGANG,DINAS KESEHATAN,Umum,Obat-Obatan,18993,151.,2020-04-08,GENTAMICIN OBAT TETES MATA,Botol,24,7051,169224
Kalimantan Selatan,Banjarbaru,PUSKESMAS LIANG ANGGANG,DINAS KESEHATAN,Umum,Obat-Obatan,18323,152.,2020-01-02,GENTAMICIN TETES MATA HARGA 2,Botol,5,4885,24425
Kalimantan Selatan,Banjarbaru,PUSKESMAS LIANG ANGGANG,DINAS KESEHATAN,Umum,Obat-Obatan,18323,153.,2020-01-02,GENTAMICIN TETES MATA HARGA 2,Botol,22,4885,107470
Kalimantan Selatan,Banjarbaru,PUSKESMAS LIANG ANGGANG,DINAS KESEHATAN,Umum,Obat-Obatan,18323,154.,2020-10-02,GENTAMICIN TETES MATA HARGA 2,Botol,24,4885,117240
Kalimantan Selatan,Banjarbaru,PUSKESMAS LIANG ANGGANG,DINAS KESEHATAN,Umum,Obat-Obatan,16636,155.,2020-01-02,GLIBENKLAMID TABLET 5 MG,Tablet,230,85,19550
Kalimantan Selatan,Banjarbaru,PUSKESMAS LIANG ANGGANG,DINAS KESEHATAN,Umum,Obat-Obatan,16636,156.,2020-01-02,GLIBENKLAMID TABLET 5 MG,Tablet,170,85,14450
Kalimantan Selatan,Banjarbaru,PUSKESMAS LIANG ANGGANG,DINAS KESEHATAN,Umum,Obat-Obatan,18362,157.,2020-12-02,GLUCOSE TEST STRIP 50 S,box,12,230000,2760000
Kalimantan Selatan,Banjarbaru,PUSKESMAS LIANG ANGGANG,DINAS KESEHATAN,Umum,Obat-Obatan,16641,158.,2020-01-02,GLUKOSA LARUTAN INFUS 5% STERIL,Botol,29,6900,200100
Kalimantan Selatan,Banjarbaru,PUSKESMAS LIANG ANGGANG,DINAS KESEHATAN,Umum,Obat-Obatan,16641,159.,2020-03-03,GLUKOSA LARUTAN INFUS 5% STERIL,Botol,20,6900,138000
Kalimantan Selatan,Banjarbaru,PUSKESMAS LIANG ANGGANG,DINAS KESEHATAN,Umum,Obat-Obatan,16642,160.,2020-01-02,"GRISEOFULVIN TABLET 125 MG,MICRONIZED",Tablet,1100,224,246400
Kalimantan Selatan,Banjarbaru,PUSKESMAS LIANG ANGGANG,DINAS KESEHATAN,Umum,Obat-Obatan,19977,161.,2020-07-02,Garam oralit untuk 200 ml air,Sachset,200,263,52600
Kalimantan Selatan,Banjarbaru,PUSKESMAS LIANG ANGGANG,DINAS KESEHATAN,Umum,Obat-Obatan,607,162.,2020-03-03,Gemfibrozil 300 mg,Kapsul,120,428,51360
Kalimantan Selatan,Banjarbaru,PUSKESMAS LIANG ANGGANG,DINAS KESEHATAN,Umum,Obat-Obatan,550,163.,2020-01-02,Glibenklamid 5 mg,Tablet,100,85,8500
Kalimantan Selatan,Banjarbaru,PUSKESMAS LIANG ANGGANG,DINAS KESEHATAN,Umum,Obat-Obatan,543,164.,2020-07-02,Glimepirid 1 mg TAB,Tablet,300,174,52200
Kalimantan Selatan,Banjarbaru,PUSKESMAS LIANG ANGGANG,DINAS KESEHATAN,Umum,Obat-Obatan,482,165.,2020-03-03,Gliseril Guaiakolat 100 mg / Guafenisin,Tablet,2367,171,404757
Kalimantan Selatan,Banjarbaru,PUSKESMAS LIANG ANGGANG,DINAS KESEHATAN,Umum,Obat-Obatan,16644,166.,2020-01-02,"HALOPERIDOL TABLET 1,5 MG",Tablet,40,59,2360
Kalimantan Selatan,Banjarbaru,PUSKESMAS LIANG ANGGANG,DINAS KESEHATAN,Umum,Obat-Obatan,22040,167.,2020-11-02,HAndsanitizer liquid 4L,Galon,2,200000,400000
Kalimantan Selatan,Banjarbaru,PUSKESMAS LIANG ANGGANG,DINAS KESEHATAN,Umum,Obat-Obatan,16645,168.,2020-04-08,"HIDROKORTISON KRIM 2,5 %",Tube,24,2533,60792
Kalimantan Selatan,Banjarbaru,PUSKESMAS LIANG ANGGANG,DINAS KESEHATAN,Umum,Obat-Obatan,500,169.,2020-10-02,"Haloperidol 1,5 mg",Tablet,200,143,28600
Kalimantan Selatan,Banjarbaru,PUSKESMAS LIANG ANGGANG,DINAS KESEHATAN,Umum,Obat-Obatan,16829,170.,2020-10-02,Handscoon Steril 7 dan 7.5,pcs,250,8032,2008000
Kalimantan Selatan,Banjarbaru,PUSKESMAS LIANG ANGGANG,DINAS KESEHATAN,Umum,Obat-Obatan,20954,171.,2020-11-03,Hb PID,Buah,12,25597,307164
Kalimantan Selatan,Banjarbaru,PUSKESMAS LIANG ANGGANG,DINAS KESEHATAN,Umum,Obat-Obatan,528,172.,2020-01-02,Hidroklortiazida 25 mg,Tablet,1680,178,299040
Kalimantan Selatan,Banjarbaru,PUSKESMAS LIANG ANGGANG,DINAS KESEHATAN,Umum,Obat-Obatan,528,173.,2020-01-02,Hidroklortiazida 25 mg,Tablet,320,178,56960
Kalimantan Selatan,Banjarbaru,PUSKESMAS LIANG ANGGANG,DINAS KESEHATAN,Umum,Obat-Obatan,2727,174.,2020-01-02,Hyoscine-N-Butilbromide tab 10 mg / Hyurex/Scopma/Spasmolit,Tablet,800,1870,1496000
Kalimantan Selatan,Banjarbaru,PUSKESMAS LIANG ANGGANG,DINAS KESEHATAN,Umum,Obat-Obatan,569,175.,2020-03-03,IBUPROFEN 100 MG / 5 ML SYRUP INDOFARMA,Botol,40,2858,114320
Kalimantan Selatan,Banjarbaru,PUSKESMAS LIANG ANGGANG,DINAS KESEHATAN,Umum,Obat-Obatan,18327,176.,2020-04-08,IBUPROFEN TABLET 400MG HARGA 2,Tablet,100,440,44000
Kalimantan Selatan,Banjarbaru,PUSKESMAS LIANG ANGGANG,DINAS KESEHATAN,Umum,Obat-Obatan,16652,177.,2020-01-02,ISOSORBID DINITRAT TABLET SUBLINGUAL 5 MG,Tablet,100,93,9300
Kalimantan Selatan,Banjarbaru,PUSKESMAS LIANG ANGGANG,DINAS KESEHATAN,Umum,Obat-Obatan,16737,178.,2020-01-02,Infusion Set Anak,pcs,25,5104,127600
Kalimantan Selatan,Banjarbaru,PUSKESMAS LIANG ANGGANG,DINAS KESEHATAN,Umum,Obat-Obatan,16737,179.,2020-01-02,Infusion Set Anak,pcs,50,5104,255200
Kalimantan Selatan,Banjarbaru,PUSKESMAS LIANG ANGGANG,DINAS KESEHATAN,Umum,Obat-Obatan,18394,180.,2020-01-02,Infusion Set Anak HARGA 2,pcs,100,10406,1040600
Kalimantan Selatan,Banjarbaru,PUSKESMAS LIANG ANGGANG,DINAS KESEHATAN,Umum,Obat-Obatan,16734,181.,2020-01-02,Infusion set Dewasa,pcs,25,4756,118900
Kalimantan Selatan,Banjarbaru,PUSKESMAS LIANG ANGGANG,DINAS KESEHATAN,Umum,Obat-Obatan,6255,182.,2020-07-08,Instance Gel 4L,doz,1,144060,144060
Kalimantan Selatan,Banjarbaru,PUSKESMAS LIANG ANGGANG,DINAS KESEHATAN,Umum,Obat-Obatan,9449,183.,2020-07-08,Instance Gel 500 ML,Botol,10,38416,384160
Kalimantan Selatan,Banjarbaru,PUSKESMAS LIANG ANGGANG,DINAS KESEHATAN,Umum,Obat-Obatan,17228,184.,2020-01-02,Isosorbid Dinitrat Tablet Sublingual Harga 2,Tablet,200,89,17800
Kalimantan Selatan,Banjarbaru,PUSKESMAS LIANG ANGGANG,DINAS KESEHATAN,Umum,Obat-Obatan,20184,185.,2020-01-02,JAYAMAS ONEMED KASA HYDROPHIL STERIL uk.16 X 16,box,2,9200,18400
Kalimantan Selatan,Banjarbaru,PUSKESMAS LIANG ANGGANG,DINAS KESEHATAN,Umum,Obat-Obatan,18352,186.,2020-09-07,JAYAMAS SUPERLIFE NITRILE L,kotak,35,59300,2075500
Kalimantan Selatan,Banjarbaru,PUSKESMAS LIANG ANGGANG,DINAS KESEHATAN,Umum,Obat-Obatan,16655,187.,2020-01-02,KARBAMAZEPIN TABLET 200 MG,Tablet,110,306,33660
Kalimantan Selatan,Banjarbaru,PUSKESMAS LIANG ANGGANG,DINAS KESEHATAN,Umum,Obat-Obatan,18328,188.,2020-01-02,KARBAMAZEPIN TABLET 200 MG HARGA 2,Tablet,650,550,357500
Kalimantan Selatan,Banjarbaru,PUSKESMAS LIANG ANGGANG,DINAS KESEHATAN,Umum,Obat-Obatan,17477,189.,2020-01-02,KASA 4X10 CM,Buah,80,668,53440
Kalimantan Selatan,Banjarbaru,PUSKESMAS LIANG ANGGANG,DINAS KESEHATAN,Umum,Obat-Obatan,17478,190.,2020-01-02,KASA 4X5 CM,Buah,95,334,31730
Kalimantan Selatan,Banjarbaru,PUSKESMAS LIANG ANGGANG,DINAS KESEHATAN,Umum,Obat-Obatan,17478,191.,2020-01-02,KASA 4X5 CM,Buah,100,334,33400
Kalimantan Selatan,Banjarbaru,PUSKESMAS LIANG ANGGANG,DINAS KESEHATAN,Umum,Obat-Obatan,17470,192.,2020-03-03,KETOKONAZOLE TABLET 200MG HARGA 2,Tablet,50,305,15250
Kalimantan Selatan,Banjarbaru,PUSKESMAS LIANG ANGGANG,DINAS KESEHATAN,Umum,Obat-Obatan,17470,193.,2020-04-08,KETOKONAZOLE TABLET 200MG HARGA 2,Tablet,100,305,30500
Kalimantan Selatan,Banjarbaru,PUSKESMAS LIANG ANGGANG,DINAS KESEHATAN,Umum,Obat-Obatan,16659,194.,2020-01-02,KLORAMFENIKOL KAPSUL 500 MG,Tablet,100,1155,115500
Kalimantan Selatan,Banjarbaru,PUSKESMAS LIANG ANGGANG,DINAS KESEHATAN,Umum,Obat-Obatan,18329,195.,2020-03-03,KLORAMFENIKOL KAPSUL500 MG HARGA 2,Tablet,200,1254,250800
Kalimantan Selatan,Banjarbaru,PUSKESMAS LIANG ANGGANG,DINAS KESEHATAN,Umum,Obat-Obatan,16660,196.,2020-01-02,KLORAMFENIKOL SALEP MATA 1 %,Tube,70,1850,129500
Kalimantan Selatan,Banjarbaru,PUSKESMAS LIANG ANGGANG,DINAS KESEHATAN,Umum,Obat-Obatan,16662,197.,2020-01-02,KLORAMFENIKOL SUSPENSI,Botol,5,4000,20000
Kalimantan Selatan,Banjarbaru,PUSKESMAS LIANG ANGGANG,DINAS KESEHATAN,Umum,Obat-Obatan,16662,198.,2020-01-02,KLORAMFENIKOL SUSPENSI,Botol,50,4000,200000
Kalimantan Selatan,Banjarbaru,PUSKESMAS LIANG ANGGANG,DINAS KESEHATAN,Umum,Obat-Obatan,16663,199.,2020-01-02,KLORAMFENIKOL TETES MATA,Botol,119,3850,458150
Kalimantan Selatan,Banjarbaru,PUSKESMAS LIANG ANGGANG,DINAS KESEHATAN,Umum,Obat-Obatan,16663,200.,2020-01-02,KLORAMFENIKOL TETES MATA,Botol,1,3850,3850
Kalimantan Selatan,Banjarbaru,PUSKESMAS LIANG ANGGANG,DINAS KESEHATAN,Umum,Obat-Obatan,16661,201.,2020-01-02,KLORAMFENIKOL TETES TELINGA 3 %,Botol,17,9130,155210
Kalimantan Selatan,Banjarbaru,PUSKESMAS LIANG ANGGANG,DINAS KESEHATAN,Umum,Obat-Obatan,16661,202.,2020-01-02,KLORAMFENIKOL TETES TELINGA 3 %,Botol,100,9130,913000
Kalimantan Selatan,Banjarbaru,PUSKESMAS LIANG ANGGANG,DINAS KESEHATAN,Umum,Obat-Obatan,16661,203.,2020-01-02,KLORAMFENIKOL TETES TELINGA 3 %,Botol,2,9130,18260
Kalimantan Selatan,Banjarbaru,PUSKESMAS LIANG ANGGANG,DINAS KESEHATAN,Umum,Obat-Obatan,16665,204.,2020-01-02,KLORFENIRAMIN MALET (CTM) TABLET 4 MG HARGA 2,Tablet,376,45,16920
Kalimantan Selatan,Banjarbaru,PUSKESMAS LIANG ANGGANG,DINAS KESEHATAN,Umum,Obat-Obatan,16666,205.,2020-01-02,KLORPROMAZIN HCL TABLET SALUT 100 MG,Tablet,140,144,20160
Kalimantan Selatan,Banjarbaru,PUSKESMAS LIANG ANGGANG,DINAS KESEHATAN,Umum,Obat-Obatan,16668,206.,2020-01-02,KODEIN HCL TABLET 10 MG,Tablet,19,630,11970
Kalimantan Selatan,Banjarbaru,PUSKESMAS LIANG ANGGANG,DINAS KESEHATAN,Umum,Obat-Obatan,16669,207.,2020-01-02,KOTRIMOKSAZOL SUSPENSI,Botol,91,2298,209118
Kalimantan Selatan,Banjarbaru,PUSKESMAS LIANG ANGGANG,DINAS KESEHATAN,Umum,Obat-Obatan,16669,208.,2020-01-02,KOTRIMOKSAZOL SUSPENSI,Botol,14,2298,32172
Kalimantan Selatan,Banjarbaru,PUSKESMAS LIANG ANGGANG,DINAS KESEHATAN,Umum,Obat-Obatan,637,209.,2020-01-02,Kalium Diklofenak 50 mg,Tablet,2850,300,855000
Kalimantan Selatan,Banjarbaru,PUSKESMAS LIANG ANGGANG,DINAS KESEHATAN,Umum,Obat-Obatan,649,210.,2020-10-02,Kalsium Laktat 500 mg,Tablet,2300,63,144900
Kalimantan Selatan,Banjarbaru,PUSKESMAS LIANG ANGGANG,DINAS KESEHATAN,Umum,Obat-Obatan,16739,211.,2020-01-02,Kapas Pembalut Absorben 250 gram Harga 1,pcs,1,8250,8250
Kalimantan Selatan,Banjarbaru,PUSKESMAS LIANG ANGGANG,DINAS KESEHATAN,Umum,Obat-Obatan,16739,212.,2020-01-02,Kapas Pembalut Absorben 250 gram Harga 1,pcs,5,8250,41250
Kalimantan Selatan,Banjarbaru,PUSKESMAS LIANG ANGGANG,DINAS KESEHATAN,Umum,Obat-Obatan,674,213.,2020-01-02,Karbamazepin 200 mg,Tablet,50,234,11700
Kalimantan Selatan,Banjarbaru,PUSKESMAS LIANG ANGGANG,DINAS KESEHATAN,Umum,Obat-Obatan,16744,214.,2020-04-08,Kasa Pembalut 2 M x 80 cm,pcs,4,10076,40304
Kalimantan Selatan,Banjarbaru,PUSKESMAS LIANG ANGGANG,DINAS KESEHATAN,Umum,Obat-Obatan,19508,215.,2020-01-02,Kasa kompres 40/40 steril,pcs,185,1840,340400
Kalimantan Selatan,Banjarbaru,PUSKESMAS LIANG ANGGANG,DINAS KESEHATAN,Umum,Obat-Obatan,687,216.,2020-04-08,Ketokonazol krim 2 %,Tube,25,2577,64425
Kalimantan Selatan,Banjarbaru,PUSKESMAS LIANG ANGGANG,DINAS KESEHATAN,Umum,Obat-Obatan,542,217.,2020-01-02,Kloramfenikol Salep Kulit 2% / Bufacetin Salep Kulit,Tube,48,3409,163632
Kalimantan Selatan,Banjarbaru,PUSKESMAS LIANG ANGGANG,DINAS KESEHATAN,Umum,Obat-Obatan,531,218.,2020-01-02,Kloramfenikol Salep Mata 1%,Tube,43,1925,82775
Kalimantan Selatan,Banjarbaru,PUSKESMAS LIANG ANGGANG,DINAS KESEHATAN,Umum,Obat-Obatan,531,219.,2020-01-02,Kloramfenikol Salep Mata 1%,Tube,2,1925,3850
Kalimantan Selatan,Banjarbaru,PUSKESMAS LIANG ANGGANG,DINAS KESEHATAN,Umum,Obat-Obatan,618,220.,2020-04-08,Klorpromazin 100 mg,Tablet,109,170,18530
Kalimantan Selatan,Banjarbaru,PUSKESMAS LIANG ANGGANG,DINAS KESEHATAN,Umum,Obat-Obatan,624,221.,2020-01-02,Kodein 10 mg,Tablet,45,657,29565
Kalimantan Selatan,Banjarbaru,PUSKESMAS LIANG ANGGANG,DINAS KESEHATAN,Umum,Obat-Obatan,624,222.,2020-03-03,Kodein 10 mg,Tablet,100,657,65700
Kalimantan Selatan,Banjarbaru,PUSKESMAS LIANG ANGGANG,DINAS KESEHATAN,Umum,Obat-Obatan,641,223.,2020-01-02,Kotrimoksazol Dewasa Tab Kombinasi,Tablet,300,125,37500
Kalimantan Selatan,Banjarbaru,PUSKESMAS LIANG ANGGANG,DINAS KESEHATAN,Umum,Obat-Obatan,641,224.,2020-01-02,Kotrimoksazol Dewasa Tab Kombinasi,Tablet,100,125,12500
Kalimantan Selatan,Banjarbaru,PUSKESMAS LIANG ANGGANG,DINAS KESEHATAN,Umum,Obat-Obatan,641,225.,2020-07-02,Kotrimoksazol Dewasa Tab Kombinasi,Tablet,500,125,62500
Kalimantan Selatan,Banjarbaru,PUSKESMAS LIANG ANGGANG,DINAS KESEHATAN,Umum,Obat-Obatan,17232,226.,2020-01-02,Kotrimoksazol Dewasa Tablet,Tablet,800,131,104800
Kalimantan Selatan,Banjarbaru,PUSKESMAS LIANG ANGGANG,DINAS KESEHATAN,Umum,Obat-Obatan,647,227.,2020-07-02,Kotrimoksazol Suspensi Kombinasi,Botol,100,2052,205200
Kalimantan Selatan,Banjarbaru,PUSKESMAS LIANG ANGGANG,DINAS KESEHATAN,Umum,Obat-Obatan,21004,228.,2020-03-03,LANCET @200 (2 BOK / PAKET),Buah,1,33000,33000
Kalimantan Selatan,Banjarbaru,PUSKESMAS LIANG ANGGANG,DINAS KESEHATAN,Umum,Obat-Obatan,16672,229.,2020-01-02,LIDOKAIN INJEKSI,Ampul,124,929,115196
Kalimantan Selatan,Banjarbaru,PUSKESMAS LIANG ANGGANG,DINAS KESEHATAN,Umum,Obat-Obatan,18995,230.,2020-04-08,LIDOKAIN KOMPOSITUM INJEKSI,Ampul,28,1405,39340
Kalimantan Selatan,Banjarbaru,PUSKESMAS LIANG ANGGANG,DINAS KESEHATAN,Umum,Obat-Obatan,18995,231.,2020-07-02,LIDOKAIN KOMPOSITUM INJEKSI,Ampul,30,1405,42150
Kalimantan Selatan,Banjarbaru,PUSKESMAS LIANG ANGGANG,DINAS KESEHATAN,Umum,Obat-Obatan,16674,232.,2020-01-02,LORATADINE 10 MG TABLET INDOFARMA,Tablet,2039,149,303811
Kalimantan Selatan,Banjarbaru,PUSKESMAS LIANG ANGGANG,DINAS KESEHATAN,Umum,Obat-Obatan,16674,233.,2020-01-02,LORATADINE 10 MG TABLET INDOFARMA,Tablet,61,149,9089
Kalimantan Selatan,Banjarbaru,PUSKESMAS LIANG ANGGANG,DINAS KESEHATAN,Umum,Obat-Obatan,3880,234.,2020-01-02,Loperamid Tab 2 mg,Tablet,400,198,79200
Kalimantan Selatan,Banjarbaru,PUSKESMAS LIANG ANGGANG,DINAS KESEHATAN,Umum,Obat-Obatan,19308,235.,2020-03-03,Loratadine 10 Mg harga 2,Tablet,300,136,40800
Kalimantan Selatan,Banjarbaru,PUSKESMAS LIANG ANGGANG,DINAS KESEHATAN,Umum,Obat-Obatan,19308,236.,2020-04-08,Loratadine 10 Mg harga 2,Tablet,1500,136,204000
Kalimantan Selatan,Banjarbaru,PUSKESMAS LIANG ANGGANG,DINAS KESEHATAN,Umum,Obat-Obatan,16675,237.,2020-01-02,MAGNESIUM SULFAT INJEKSI(IV) 20% - 25 ML,Ampul,2,3328,6656
Kalimantan Selatan,Banjarbaru,PUSKESMAS LIANG ANGGANG,DINAS KESEHATAN,Umum,Obat-Obatan,16678,238.,2020-10-02,METFORMIN HCL TAB 500 MG,Tablet,1000,102,102000
Kalimantan Selatan,Banjarbaru,PUSKESMAS LIANG ANGGANG,DINAS KESEHATAN,Umum,Obat-Obatan,16679,239.,2020-01-02,METHOCLORPROPAMID INJEKSI 5 MG/ML,Ampul,14,5500,77000
Kalimantan Selatan,Banjarbaru,PUSKESMAS LIANG ANGGANG,DINAS KESEHATAN,Umum,Obat-Obatan,15957,240.,2020-03-03,METHYLPREDNISOLONE 4 MG TABLET HJ,Tablet,600,148,88800
Kalimantan Selatan,Banjarbaru,PUSKESMAS LIANG ANGGANG,DINAS KESEHATAN,Umum,Obat-Obatan,18732,241.,2020-01-02,METRONIDAZOLE 500 MG TABLET BERNO,Tablet,100,140,14000
Kalimantan Selatan,Banjarbaru,PUSKESMAS LIANG ANGGANG,DINAS KESEHATAN,Umum,Obat-Obatan,18344,242.,2020-03-03,MICONAZOLE CREAM 2%,Tube,72,3926,282672
Kalimantan Selatan,Banjarbaru,PUSKESMAS LIANG ANGGANG,DINAS KESEHATAN,Umum,Obat-Obatan,16685,243.,2020-01-02,MINIASPI / ASETOSAL 80 MG HARGA 1,Tablet,100,123,12300
Kalimantan Selatan,Banjarbaru,PUSKESMAS LIANG ANGGANG,DINAS KESEHATAN,Umum,Obat-Obatan,16685,244.,2020-01-02,MINIASPI / ASETOSAL 80 MG HARGA 1,Tablet,200,123,24600
Kalimantan Selatan,Banjarbaru,PUSKESMAS LIANG ANGGANG,DINAS KESEHATAN,Umum,Obat-Obatan,16060,245.,2020-09-08,MR,Buah,7,166265,1163855
Kalimantan Selatan,Banjarbaru,PUSKESMAS LIANG ANGGANG,DINAS KESEHATAN,Umum,Obat-Obatan,16749,246.,2020-04-08,Masker N95 Harga 1,pcs,30,21000,630000
Kalimantan Selatan,Banjarbaru,PUSKESMAS LIANG ANGGANG,DINAS KESEHATAN,Umum,Obat-Obatan,19210,247.,2020-03-03,Masker Oksigen Anak,pcs,20,15585,311700
Kalimantan Selatan,Banjarbaru,PUSKESMAS LIANG ANGGANG,DINAS KESEHATAN,Umum,Obat-Obatan,16752,248.,2020-01-02,Masker Oksigen Dewasa dan Anak,pcs,7,11020,77140
Kalimantan Selatan,Banjarbaru,PUSKESMAS LIANG ANGGANG,DINAS KESEHATAN,Umum,Obat-Obatan,627,249.,2020-03-03,"Metilergometrin Maleat tab salut 0,125 mg",Tablet,90,243,21870
Kalimantan Selatan,Banjarbaru,PUSKESMAS LIANG ANGGANG,DINAS KESEHATAN,Umum,Obat-Obatan,16687,250.,2020-03-03,NATRIUM DIKLOPENAK TABLET 50 MG,Tablet,740,136,100640
Kalimantan Selatan,Banjarbaru,PUSKESMAS LIANG ANGGANG,DINAS KESEHATAN,Umum,Obat-Obatan,16687,251.,2020-07-02,NATRIUM DIKLOPENAK TABLET 50 MG,Tablet,500,136,68000
Kalimantan Selatan,Banjarbaru,PUSKESMAS LIANG ANGGANG,DINAS KESEHATAN,Umum,Obat-Obatan,16615,252.,2020-01-02,NISTATIN 100.000/IU/G TABLET VAGINAL,Tablet,92,602,55384
Kalimantan Selatan,Banjarbaru,PUSKESMAS LIANG ANGGANG,DINAS KESEHATAN,Umum,Obat-Obatan,17233,253.,2020-04-08,Natrium Diklopenak Tablet 25 mg,Tablet,200,142,28400
Kalimantan Selatan,Banjarbaru,PUSKESMAS LIANG ANGGANG,DINAS KESEHATAN,Umum,Obat-Obatan,609,254.,2020-04-08,"Natrium Klorida infus 0,9 %",Botol,6,6840,41040
Kalimantan Selatan,Banjarbaru,PUSKESMAS LIANG ANGGANG,DINAS KESEHATAN,Umum,Obat-Obatan,742,255.,2020-04-08,Noza,Tablet,5,86570,432850
Kalimantan Selatan,Banjarbaru,PUSKESMAS LIANG ANGGANG,DINAS KESEHATAN,Umum,Obat-Obatan,21668,256.,2020-12-02,OBAT PRIMAQUIN,keping,20,25300,506000
Kalimantan Selatan,Banjarbaru,PUSKESMAS LIANG ANGGANG,DINAS KESEHATAN,Umum,Obat-Obatan,21018,257.,2020-03-03,OMEPRAZOL TABLET 20 mg,Tablet,210,147,30870
Kalimantan Selatan,Banjarbaru,PUSKESMAS LIANG ANGGANG,DINAS KESEHATAN,Umum,Obat-Obatan,21018,258.,2020-10-02,OMEPRAZOL TABLET 20 mg,Tablet,300,147,44100
Kalimantan Selatan,Banjarbaru,PUSKESMAS LIANG ANGGANG,DINAS KESEHATAN,Umum,Obat-Obatan,16688,259.,2020-01-02,ONDANSENTRON Inj 4 MG/ 2 ml,Ampul,9,1198,10782
Kalimantan Selatan,Banjarbaru,PUSKESMAS LIANG ANGGANG,DINAS KESEHATAN,Umum,Obat-Obatan,2813,260.,2020-01-02,ONDANSETRON 4 MG TABLET MBF,Tablet,300,1343,402900
Kalimantan Selatan,Banjarbaru,PUSKESMAS LIANG ANGGANG,DINAS KESEHATAN,Umum,Obat-Obatan,20685,261.,2020-01-02,ORALIT,kotak,15,26300,394500
Kalimantan Selatan,Banjarbaru,PUSKESMAS LIANG ANGGANG,DINAS KESEHATAN,Umum,Obat-Obatan,851,262.,2020-04-08,Oksitetrasiklin salep kulit 3 %,Tube,50,4659,232950
Kalimantan Selatan,Banjarbaru,PUSKESMAS LIANG ANGGANG,DINAS KESEHATAN,Umum,Obat-Obatan,22160,264.,2020-07-08,PARAFILM 4X125 FIT,roll,2,890000,1780000
Kalimantan Selatan,Banjarbaru,PUSKESMAS LIANG ANGGANG,DINAS KESEHATAN,Umum,Obat-Obatan,18348,265.,2020-10-02,PARASETAMOL DROP,Botol,46,7646,351716
Kalimantan Selatan,Banjarbaru,PUSKESMAS LIANG ANGGANG,DINAS KESEHATAN,Umum,Obat-Obatan,18370,266.,2020-01-02,PARASETAMOL TABLET 500 MG,Tablet,10381,58,602098
Kalimantan Selatan,Banjarbaru,PUSKESMAS LIANG ANGGANG,DINAS KESEHATAN,Umum,Obat-Obatan,18370,267.,2020-01-02,PARASETAMOL TABLET 500 MG,Tablet,639,51,32589
Kalimantan Selatan,Banjarbaru,PUSKESMAS LIANG ANGGANG,DINAS KESEHATAN,Umum,Obat-Obatan,18381,268.,2020-01-02,PIRIDOKSIN HCL TABLET 10 MG,Tablet,1000,33,33000
Kalimantan Selatan,Banjarbaru,PUSKESMAS LIANG ANGGANG,DINAS KESEHATAN,Umum,Obat-Obatan,18382,269.,2020-10-02,PIRIDOKSIN HCL TABLET 10 MG HARGA 2,Tablet,1200,141,169200
Kalimantan Selatan,Banjarbaru,PUSKESMAS LIANG ANGGANG,DINAS KESEHATAN,Umum,Obat-Obatan,18404,270.,2020-12-02,POT SPUTUM,pcs,40,5890,235600
Kalimantan Selatan,Banjarbaru,PUSKESMAS LIANG ANGGANG,DINAS KESEHATAN,Umum,Obat-Obatan,18372,271.,2020-01-02,PREDNISON 5 MG TABLET PHAPROS,Tablet,2500,85,212500
Kalimantan Selatan,Banjarbaru,PUSKESMAS LIANG ANGGANG,DINAS KESEHATAN,Umum,Obat-Obatan,931,272.,2020-04-08,Parasetamol 500 mg,Tablet,7900,60,474000
Kalimantan Selatan,Banjarbaru,PUSKESMAS LIANG ANGGANG,DINAS KESEHATAN,Umum,Obat-Obatan,931,273.,2020-07-02,Parasetamol 500 mg,Tablet,1000,60,60000
Kalimantan Selatan,Banjarbaru,PUSKESMAS LIANG ANGGANG,DINAS KESEHATAN,Umum,Obat-Obatan,931,274.,2020-10-02,Parasetamol 500 mg,Tablet,2000,60,120000
Kalimantan Selatan,Banjarbaru,PUSKESMAS LIANG ANGGANG,DINAS KESEHATAN,Umum,Obat-Obatan,18534,275.,2020-04-08,Parasetamol sirup 120mg/5ml,Botol,180,1160,208800
Kalimantan Selatan,Banjarbaru,PUSKESMAS LIANG ANGGANG,DINAS KESEHATAN,Umum,Obat-Obatan,509,276.,2020-01-02,Pehacain inj,ampul,940,3112,2925280
Kalimantan Selatan,Banjarbaru,PUSKESMAS LIANG ANGGANG,DINAS KESEHATAN,Umum,Obat-Obatan,817,277.,2020-01-02,Pirantel 125 mg,Tablet,600,1485,891000
Kalimantan Selatan,Banjarbaru,PUSKESMAS LIANG ANGGANG,DINAS KESEHATAN,Umum,Obat-Obatan,15665,278.,2020-11-17,Plastik Obat,Pak,10,20000,200000
Kalimantan Selatan,Banjarbaru,PUSKESMAS LIANG ANGGANG,DINAS KESEHATAN,Umum,Obat-Obatan,16784,279.,2020-03-03,Polifix 5 cm x 5 meter Harga 1,pcs,5,39800,199000
Kalimantan Selatan,Banjarbaru,PUSKESMAS LIANG ANGGANG,DINAS KESEHATAN,Umum,Obat-Obatan,18373,280.,2020-01-02,RANITIDIN 150 MG,Tablet,3690,122,450180
Kalimantan Selatan,Banjarbaru,PUSKESMAS LIANG ANGGANG,DINAS KESEHATAN,Umum,Obat-Obatan,18373,281.,2020-01-02,RANITIDIN 150 MG,Tablet,110,122,13420
Kalimantan Selatan,Banjarbaru,PUSKESMAS LIANG ANGGANG,DINAS KESEHATAN,Umum,Obat-Obatan,20178,282.,2020-04-08,RANITIDIN TAB 150 mg,Tablet,300,187,56100
Kalimantan Selatan,Banjarbaru,PUSKESMAS LIANG ANGGANG,DINAS KESEHATAN,Umum,Obat-Obatan,20178,283.,2020-10-02,RANITIDIN TAB 150 mg,Tablet,1000,187,187000
Kalimantan Selatan,Banjarbaru,PUSKESMAS LIANG ANGGANG,DINAS KESEHATAN,Umum,Obat-Obatan,18831,284.,2020-01-02,RANITIDINE INJEKSI 25 MG,Ampul,81,1155,93555
Kalimantan Selatan,Banjarbaru,PUSKESMAS LIANG ANGGANG,DINAS KESEHATAN,Umum,Obat-Obatan,18831,285.,2020-01-02,RANITIDINE INJEKSI 25 MG,Ampul,54,2530,136620
Kalimantan Selatan,Banjarbaru,PUSKESMAS LIANG ANGGANG,DINAS KESEHATAN,Umum,Obat-Obatan,10875,286.,2020-07-08,Rapid Tes Covid-19 igG/igM Helgen,Tes,50,256500,12825000
Kalimantan Selatan,Banjarbaru,PUSKESMAS LIANG ANGGANG,DINAS KESEHATAN,Umum,Obat-Obatan,10875,287.,2020-11-02,Rapid Tes Covid-19 igG/igM Helgen,Tes,100,256500,25650000
Kalimantan Selatan,Banjarbaru,PUSKESMAS LIANG ANGGANG,DINAS KESEHATAN,Umum,Obat-Obatan,9008,288.,2020-11-02,Refill Handsanitizer,Botol,72,22000,1584000
Kalimantan Selatan,Banjarbaru,PUSKESMAS LIANG ANGGANG,DINAS KESEHATAN,Umum,Obat-Obatan,540,289.,2020-03-03,Ringer laktat infus steril,Botol,14,7149,100086
Kalimantan Selatan,Banjarbaru,PUSKESMAS LIANG ANGGANG,DINAS KESEHATAN,Umum,Obat-Obatan,16698,290.,2020-01-02,Ringerlaktat Larutan Infus Steril Harga 1,Botol,21,7150,150150
Kalimantan Selatan,Banjarbaru,PUSKESMAS LIANG ANGGANG,DINAS KESEHATAN,Umum,Obat-Obatan,16698,291.,2020-01-02,Ringerlaktat Larutan Infus Steril Harga 1,Botol,48,7150,343200
Kalimantan Selatan,Banjarbaru,PUSKESMAS LIANG ANGGANG,DINAS KESEHATAN,Umum,Obat-Obatan,18324,292.,2020-01-02,SAFETY BOX,pcs,75,18073,1355475
Kalimantan Selatan,Banjarbaru,PUSKESMAS LIANG ANGGANG,DINAS KESEHATAN,Umum,Obat-Obatan,18844,293.,2020-01-02,SALBUTAMOL TABLET 2 MG,Tablet,190,64,12160
Kalimantan Selatan,Banjarbaru,PUSKESMAS LIANG ANGGANG,DINAS KESEHATAN,Umum,Obat-Obatan,18844,294.,2020-01-02,SALBUTAMOL TABLET 2 MG,Tablet,110,64,7040
Kalimantan Selatan,Banjarbaru,PUSKESMAS LIANG ANGGANG,DINAS KESEHATAN,Umum,Obat-Obatan,18845,295.,2020-01-02,SALBUTAMOL TABLET 4 MG,Tablet,695,84,58380
Kalimantan Selatan,Banjarbaru,PUSKESMAS LIANG ANGGANG,DINAS KESEHATAN,Umum,Obat-Obatan,18845,296.,2020-01-02,SALBUTAMOL TABLET 4 MG,Tablet,105,84,8820
Kalimantan Selatan,Banjarbaru,PUSKESMAS LIANG ANGGANG,DINAS KESEHATAN,Umum,Obat-Obatan,19004,297.,2020-03-03,SALEP 2 - 4 KOMBINASI,Pot,24,3017,72408
Kalimantan Selatan,Banjarbaru,PUSKESMAS LIANG ANGGANG,DINAS KESEHATAN,Umum,Obat-Obatan,16086,298.,2020-01-02,SCABIMITE 10GR CREAM,pcs,12,11825,141900
Kalimantan Selatan,Banjarbaru,PUSKESMAS LIANG ANGGANG,DINAS KESEHATAN,Umum,Obat-Obatan,16086,299.,2020-04-08,SCABIMITE 10GR CREAM,pcs,60,11825,709500
Kalimantan Selatan,Banjarbaru,PUSKESMAS LIANG ANGGANG,DINAS KESEHATAN,Umum,Obat-Obatan,18568,300.,2020-01-02,Safety Book Harga 1,Buah,17,19601,333217
Kalimantan Selatan,Banjarbaru,PUSKESMAS LIANG ANGGANG,DINAS KESEHATAN,Umum,Obat-Obatan,18569,301.,2020-01-02,Safety Book Harga 2,Buah,64,23902,1529728
Kalimantan Selatan,Banjarbaru,PUSKESMAS LIANG ANGGANG,DINAS KESEHATAN,Umum,Obat-Obatan,18569,302.,2020-09-08,Safety Book Harga 2,Buah,5,23902,119510
Kalimantan Selatan,Banjarbaru,PUSKESMAS LIANG ANGGANG,DINAS KESEHATAN,Umum,Obat-Obatan,3303,303.,2020-01-02,Safety Box Obat,Buah,4,28845,115380
Kalimantan Selatan,Banjarbaru,PUSKESMAS LIANG ANGGANG,DINAS KESEHATAN,Umum,Obat-Obatan,3303,304.,2020-01-02,Safety Box Obat,Buah,25,28845,721125
Kalimantan Selatan,Banjarbaru,PUSKESMAS LIANG ANGGANG,DINAS KESEHATAN,Umum,Obat-Obatan,3303,305.,2020-11-03,Safety Box Obat,Buah,16,16501,264016
Kalimantan Selatan,Banjarbaru,PUSKESMAS LIANG ANGGANG,DINAS KESEHATAN,Umum,Obat-Obatan,615,306.,2020-01-02,Salep 2-4,Pot,24,2200,52800
Kalimantan Selatan,Banjarbaru,PUSKESMAS LIANG ANGGANG,DINAS KESEHATAN,Umum,Obat-Obatan,18583,307.,2020-04-08,Salisil Bedak 2 % harga 2,Sachset,25,4499,112475
Kalimantan Selatan,Banjarbaru,PUSKESMAS LIANG ANGGANG,DINAS KESEHATAN,Umum,Obat-Obatan,19058,308.,2020-01-02,Silk (Benang Sutra) No.3/D,pcs,5,144999,724995
Kalimantan Selatan,Banjarbaru,PUSKESMAS LIANG ANGGANG,DINAS KESEHATAN,Umum,Obat-Obatan,19058,309.,2020-04-08,Silk (Benang Sutra) No.3/D,pcs,24,20685,496440
Kalimantan Selatan,Banjarbaru,PUSKESMAS LIANG ANGGANG,DINAS KESEHATAN,Umum,Obat-Obatan,16705,310.,2020-01-02,Simvastatin 10 mg harga 1,Tablet,660,135,89100
Kalimantan Selatan,Banjarbaru,PUSKESMAS LIANG ANGGANG,DINAS KESEHATAN,Umum,Obat-Obatan,16707,311.,2020-01-02,Simvastatin 20 mg harga 1,Tablet,450,252,113400
Kalimantan Selatan,Banjarbaru,PUSKESMAS LIANG ANGGANG,DINAS KESEHATAN,Umum,Obat-Obatan,16708,312.,2020-07-02,Simvastatin 20 mg harga 2,Tablet,280,237,66360
Kalimantan Selatan,Banjarbaru,PUSKESMAS LIANG ANGGANG,DINAS KESEHATAN,Umum,Obat-Obatan,462,313.,2020-01-02,Spuite Disposible 10 Ml,box,100,1870,187000
Kalimantan Selatan,Banjarbaru,PUSKESMAS LIANG ANGGANG,DINAS KESEHATAN,Umum,Obat-Obatan,16709,314.,2020-01-02,Stelosi 5 mg / Trifluoperazine 5 mg,Tablet,100,294,29400
Kalimantan Selatan,Banjarbaru,PUSKESMAS LIANG ANGGANG,DINAS KESEHATAN,Umum,Obat-Obatan,16710,315.,2020-01-02,Stesolid Rectal Harga 1,Tube,5,12751,63755
Kalimantan Selatan,Banjarbaru,PUSKESMAS LIANG ANGGANG,DINAS KESEHATAN,Umum,Obat-Obatan,16710,316.,2020-01-02,Stesolid Rectal Harga 1,Tube,10,12751,127510
Kalimantan Selatan,Banjarbaru,PUSKESMAS LIANG ANGGANG,DINAS KESEHATAN,Umum,Obat-Obatan,16711,317.,2020-01-02,Stesolid Rectal Harga 2,Tube,8,12758,102064
Kalimantan Selatan,Banjarbaru,PUSKESMAS LIANG ANGGANG,DINAS KESEHATAN,Umum,Obat-Obatan,16712,318.,2020-07-02,Stesolid Rectal Harga 3,Tube,5,14459,72295
Kalimantan Selatan,Banjarbaru,PUSKESMAS LIANG ANGGANG,DINAS KESEHATAN,Umum,Obat-Obatan,16754,319.,2020-01-02,Surflo 18 G x 1,pcs,49,8355,409395
Kalimantan Selatan,Banjarbaru,PUSKESMAS LIANG ANGGANG,DINAS KESEHATAN,Umum,Obat-Obatan,16755,320.,2020-01-02,Surflo 20 G x 1,pcs,22,8355,183810
Kalimantan Selatan,Banjarbaru,PUSKESMAS LIANG ANGGANG,DINAS KESEHATAN,Umum,Obat-Obatan,16756,321.,2020-01-02,Surflo 22 G x 1,pcs,19,8355,158745
Kalimantan Selatan,Banjarbaru,PUSKESMAS LIANG ANGGANG,DINAS KESEHATAN,Umum,Obat-Obatan,16757,322.,2020-01-02,Surflo No.24 G,pcs,30,8355,250650
Kalimantan Selatan,Banjarbaru,PUSKESMAS LIANG ANGGANG,DINAS KESEHATAN,Umum,Obat-Obatan,19007,323.,2020-03-03,TRIHEKSIFENIDIL HIDROKLORIDA 2 mg,Tablet,100,95,9500
Kalimantan Selatan,Banjarbaru,PUSKESMAS LIANG ANGGANG,DINAS KESEHATAN,Umum,Obat-Obatan,21295,324.,2020-10-02,TRIHEKSIFENIDIL HIDROKLORIDA TAB 2 mg,Tablet,112,101,11312
Kalimantan Selatan,Banjarbaru,PUSKESMAS LIANG ANGGANG,DINAS KESEHATAN,Umum,Obat-Obatan,5151,325.,2020-11-03,Td,Vial,40,18128,725120
Kalimantan Selatan,Banjarbaru,PUSKESMAS LIANG ANGGANG,DINAS KESEHATAN,Umum,Obat-Obatan,501,326.,2020-07-02,Thiamin (Vitamin B1) tab 50 mg,Tablet,900,88,79200
Kalimantan Selatan,Banjarbaru,PUSKESMAS LIANG ANGGANG,DINAS KESEHATAN,Umum,Obat-Obatan,530,327.,2020-01-02,Tiamfenikol 500 mg/Thiamex,Kapsul,600,1176,705600
Kalimantan Selatan,Banjarbaru,PUSKESMAS LIANG ANGGANG,DINAS KESEHATAN,Umum,Obat-Obatan,17236,328.,2020-01-02,Tiamin HCL Mononitrat (Vit.B1) Tablet Harga 1,Tablet,300,91,27300
Kalimantan Selatan,Banjarbaru,PUSKESMAS LIANG ANGGANG,DINAS KESEHATAN,Umum,Obat-Obatan,16716,329.,2020-04-08,Truvit,Botol,230,12540,2884200
Kalimantan Selatan,Banjarbaru,PUSKESMAS LIANG ANGGANG,DINAS KESEHATAN,Umum,Obat-Obatan,16774,330.,2020-07-02,Underpad Harga 1,Buah,9,47868,430812
Kalimantan Selatan,Banjarbaru,PUSKESMAS LIANG ANGGANG,DINAS KESEHATAN,Umum,Obat-Obatan,16758,331.,2020-01-02,Urine Bag Harga 1,pcs,1,3840,3840
Kalimantan Selatan,Banjarbaru,PUSKESMAS LIANG ANGGANG,DINAS KESEHATAN,Umum,Obat-Obatan,16758,332.,2020-01-02,Urine Bag Harga 1,pcs,10,3840,38400
Kalimantan Selatan,Banjarbaru,PUSKESMAS LIANG ANGGANG,DINAS KESEHATAN,Umum,Obat-Obatan,19013,334.,2020-11-03,VAKSIN BCG VIAL,Vial,14,66154,926156
Kalimantan Selatan,Banjarbaru,PUSKESMAS LIANG ANGGANG,DINAS KESEHATAN,Umum,Obat-Obatan,19016,335.,2020-11-03,VAKSIN IPV VIAL,Vial,23,144540,3324420
Kalimantan Selatan,Banjarbaru,PUSKESMAS LIANG ANGGANG,DINAS KESEHATAN,Umum,Obat-Obatan,19609,336.,2020-04-08,VITALEX,Tablet,2400,440,1056000
Kalimantan Selatan,Banjarbaru,PUSKESMAS LIANG ANGGANG,DINAS KESEHATAN,Umum,Obat-Obatan,17104,337.,2020-11-03,Vaksin DT,Vial,24,17450,418800
Kalimantan Selatan,Banjarbaru,PUSKESMAS LIANG ANGGANG,DINAS KESEHATAN,Umum,Obat-Obatan,17101,338.,2020-11-03,Vaksin Polio 10 dosis,Vial,30,21285,638550
Kalimantan Selatan,Banjarbaru,PUSKESMAS LIANG ANGGANG,DINAS KESEHATAN,Umum,Obat-Obatan,16718,339.,2020-10-02,Vitamin B Kompleks Tablet,Tablet,2600,135,351000
Kalimantan Selatan,Banjarbaru,PUSKESMAS LIANG ANGGANG,DINAS KESEHATAN,Umum,Obat-Obatan,16719,340.,2020-01-02,Vitamin B.12 Tablet,Tablet,380,36,13680
Kalimantan Selatan,Banjarbaru,PUSKESMAS LIANG ANGGANG,DINAS KESEHATAN,Umum,Obat-Obatan,16719,341.,2020-01-02,Vitamin B.12 Tablet,Tablet,120,36,4320
Kalimantan Selatan,Banjarbaru,PUSKESMAS LIANG ANGGANG,DINAS KESEHATAN,Umum,Obat-Obatan,17238,342.,2020-01-02,Vitamin B.12 Tablet Harga 2,Tablet,500,36,18000
Kalimantan Selatan,Banjarbaru,PUSKESMAS LIANG ANGGANG,DINAS KESEHATAN,Umum,Obat-Obatan,19311,343.,2020-07-02,Vitamin B12 tablet,Tablet,800,52,41600
Kalimantan Selatan,Banjarbaru,PUSKESMAS LIANG ANGGANG,DINAS KESEHATAN,Umum,Obat-Obatan,1258,344.,2020-03-03,Yodium Povidon,Botol,2,21600,43200
Kalimantan Selatan,Banjarbaru,PUSKESMAS LIANG ANGGANG,DINAS KESEHATAN,Umum,Obat-Obatan,16720,345.,2020-01-02,Yodium Povidon Larutan 10 % 30 ml,Botol,3,3480,10440
Kalimantan Selatan,Banjarbaru,PUSKESMAS LIANG ANGGANG,DINAS KESEHATAN,Umum,Obat-Obatan,16721,346.,2020-01-02,Yodium Povidon Larutan 10 % 300 ml,Botol,4,23490,93960
Kalimantan Selatan,Banjarbaru,PUSKESMAS LIANG ANGGANG,DINAS KESEHATAN,Umum,Obat-Obatan,16183,347.,2020-04-08,ZINC PRO SYRUP,Botol,50,3285,164250
Kalimantan Selatan,Banjarbaru,PUSKESMAS LIANG ANGGANG,DINAS KESEHATAN,Umum,Obat-Obatan,18836,348.,2020-01-02,ZINC SULFATE 20 MG,Tablet,200,604,120800
Kalimantan Selatan,Banjarbaru,PUSKESMAS LIANG ANGGANG,DINAS KESEHATAN,Umum,Obat-Obatan,18836,349.,2020-04-08,ZINC SULFATE 20 MG,Tablet,500,604,302000
Kalimantan Selatan,Banjarbaru,PUSKESMAS LIANG ANGGANG,DINAS KESEHATAN,Umum,Obat-Obatan,21127,350.,2020-01-02,Zink tab,Botol,11,60400,664400
Kalimantan Selatan,Banjarbaru,PUSKESMAS LIANG ANGGANG,DINAS KESEHATAN,Umum,Obat-Obatan,18971,351.,2020-01-02,bioplacenton,Tube,40,11880,475200
Kalimantan Selatan,Banjarbaru,PUSKESMAS LIANG ANGGANG,DINAS KESEHATAN,Umum,Obat-Obatan,10450,352.,2020-07-02,gentamisin salep mata,Tube,24,3075,73800
Kalimantan Selatan,Banjarbaru,PUSKESMAS LIANG ANGGANG,DINAS KESEHATAN,Umum,Obat-Obatan,10450,353.,2020-10-02,gentamisin salep mata,Tube,24,3075,73800
Kalimantan Selatan,Banjarbaru,PUSKESMAS LIANG ANGGANG,DINAS KESEHATAN,Umum,Obat-Obatan,19431,354.,2020-01-02,laxadine emulsi,Botol,59,12568,741512
Kalimantan Selatan,Banjarbaru,PUSKESMAS LIANG ANGGANG,DINAS KESEHATAN,Umum,Obat-Obatan,19431,355.,2020-01-02,laxadine emulsi,Botol,1,12598,12598
Kalimantan Selatan,Banjarbaru,PUSKESMAS LIANG ANGGANG,DINAS KESEHATAN,Umum,Obat-Obatan,13127,356.,2020-11-03,polio trivalent 10 Dose,Buah,4,18140,72560
Kalimantan Selatan,Banjarbaru,PUSKESMAS LIANG ANGGANG,DINAS KESEHATAN,Umum,Perlengkapan Kesehatan,21870,357.,2020-04-23,HAZMAT/APD,Buah,57,66000,3762000
Kalimantan Selatan,Banjarbaru,PUSKESMAS LIANG ANGGANG,DINAS KESEHATAN,Umum,Perlengkapan Kesehatan,4356,358.,2020-04-23,Nurse Cup Remedi,pcs,50,550,27500
Kalimantan Selatan,Banjarbaru,PUSKESMAS LIANG ANGGANG,DINAS KESEHATAN,Umum,Perlengkapan Kesehatan,6973,359.,2020-04-23,SHOE COVER,pcs,94,924,86856
Kalimantan Selatan,Banjarbaru,PUSKESMAS LIANG ANGGANG,DINAS KESEHATAN,Umum,Cetak,11913,360.,2020-01-02,Buku MTBS,buku,5,23000,115000
Kalimantan Selatan,Banjarbaru,PUSKESMAS LIANG ANGGANG,DINAS KESEHATAN,Umum,Cetak,19858,361.,2020-02-28,CETAK BUKU MONITORING PTM,Buah,1,12500,12500
Kalimantan Selatan,Banjarbaru,PUSKESMAS LIANG ANGGANG,DINAS KESEHATAN,Umum,Cetak,13813,362.,2020-11-20,CETAK FORM ETIKET OBAT,Pak,4,10000,40000
Kalimantan Selatan,Banjarbaru,PUSKESMAS LIANG ANGGANG,DINAS KESEHATAN,Umum,Cetak,1511,363.,2020-12-02,"Cetak Buku Form, Autopsi Maternal dan Perinatal",Buah,4,200000,800000
Kalimantan Selatan,Banjarbaru,PUSKESMAS LIANG ANGGANG,DINAS KESEHATAN,Umum,Cetak,13096,364.,2020-01-02,Cetak Ular Tangga penyehatan Lingkungan,Buah,1,1100000,1100000
Kalimantan Selatan,Banjarbaru,PUSKESMAS LIANG ANGGANG,DINAS KESEHATAN,Umum,Cetak,6523,365.,2020-10-19,blanko resep,buku,5,10000,50000
Kalimantan Selatan,Banjarbaru,PUSKESMAS LIANG ANGGANG,DINAS KESEHATAN,Umum,Cetak,6527,366.,2020-10-19,kartu stock barang,lembar,50,350,17500
Kalimantan Selatan,Banjarbaru,PUSKESMAS LIANG ANGGANG,DINAS KESEHATAN,Umum,Alat Listrik dan Elektronik (Lampu Pijar. Battery Kering),1037,367.,2020-06-16,Baterai kecil,Biji,2,14000,28000
Kalimantan Selatan,Banjarbaru,PUSKESMAS LIANG ANGGANG,DINAS KESEHATAN,Umum,Alat Listrik dan Elektronik (Lampu Pijar. Battery Kering),2004,368.,2020-11-21,lampu neon,Buah,1,51400,51400
Kalimantan Selatan,Banjarbaru,PUSKESMAS LIANG ANGGANG,DINAS KESEHATAN,Umum,Persediaan Tanggap Darurat,10490,369.,2020-06-03,Masker KN-95,pcs,27,133100,3593700
Kalimantan Selatan,Banjarbaru,PUSKESMAS LIANG ANGGANG,DINAS KESEHATAN,Umum,Persediaan Tanggap Darurat,8653,370.,2020-06-03,Masker Medis,kotak,9,254100,2286900
Kalimantan Selatan,Banjarbaru,PUSKESMAS LIANG ANGGANG,DINAS KESEHATAN,Umum,Bahan Obat Obatan,19123,371.,2020-01-02,ALETROL TM,Botol,23,18000,414000
Kalimantan Selatan,Banjarbaru,PUSKESMAS LIANG ANGGANG,DINAS KESEHATAN,Umum,Bahan Obat Obatan,19123,372.,2020-07-02,ALETROL TM,Botol,24,18000,432000
Kalimantan Selatan,Banjarbaru,PUSKESMAS LIANG ANGGANG,DINAS KESEHATAN,Umum,Bahan Obat Obatan,19121,373.,2020-03-03,ANATON SYRUP,Botol,43,6000,258000
Kalimantan Selatan,Banjarbaru,PUSKESMAS LIANG ANGGANG,DINAS KESEHATAN,Umum,Bahan Obat Obatan,20827,374.,2020-03-03,CAVICUR - TAB BOX / 100,doz,13,70785,920205
Kalimantan Selatan,Banjarbaru,PUSKESMAS LIANG ANGGANG,DINAS KESEHATAN,Umum,Bahan Obat Obatan,20824,375.,2020-06-10,DEXTROFEN SYR BTL 50 ML,Botol,33,11550,381150
Kalimantan Selatan,Banjarbaru,PUSKESMAS LIANG ANGGANG,DINAS KESEHATAN,Umum,Bahan Obat Obatan,20831,376.,2020-03-03,GENTIAN VOLET,Botol,4,77000,308000
Kalimantan Selatan,Banjarbaru,PUSKESMAS LIANG ANGGANG,DINAS KESEHATAN,Umum,Bahan Obat Obatan,20822,377.,2020-01-02,KERTAS USG - SONY,roll,9,275000,2475000
Kalimantan Selatan,Banjarbaru,PUSKESMAS LIANG ANGGANG,DINAS KESEHATAN,Umum,Bahan Obat Obatan,21584,378.,2020-07-02,Kamolas 120 MG / 5 ML syrup,Botol,60,5500,330000
Kalimantan Selatan,Banjarbaru,PUSKESMAS LIANG ANGGANG,DINAS KESEHATAN,Umum,Bahan Obat Obatan,21584,379.,2020-10-02,Kamolas 120 MG / 5 ML syrup,Botol,120,5500,660000
Kalimantan Selatan,Banjarbaru,PUSKESMAS LIANG ANGGANG,DINAS KESEHATAN,Umum,Bahan Obat Obatan,20254,380.,2020-03-03,ORPHEN KAPLET,box,6,16060,96360
Kalimantan Selatan,Banjarbaru,PUSKESMAS LIANG ANGGANG,DINAS KESEHATAN,Umum,Bahan Obat Obatan,19985,381.,2020-03-03,"Pehacain injeksi, kemasan kotak isi 20 ampul",Ampul,20,3850,77000
Kalimantan Selatan,Banjarbaru,PUSKESMAS LIANG ANGGANG,DINAS KESEHATAN,Umum,Bahan Obat Obatan,19119,382.,2020-03-03,SOLAFLUS SYRUP,Botol,42,10000,420000
Kalimantan Selatan,Banjarbaru,PUSKESMAS LIANG ANGGANG,DINAS KESEHATAN,Umum,Bahan Obat Obatan,21676,383.,2020-07-02,Yodium Povidon 10% 30ml,Botol,3,5100,15300
