SATKER,PUSKESMAS BANJARBARU UTARAANY,,,,,,,,,,,,
Nama Barang,ANY,,,,,,,,,,,,
,,,,,,,,,,,,,
Provinsi,Kota,SATKER,SKPD,Gudang,Jenis Barang,Kode Barang,No,Tanggal Beli,Nama Barang,Satuan,Jumlah,Harga,Total Harga
Kalimantan Selatan,Banjarbaru,PUSKESMAS BANJARBARU UTARA,DINAS KESEHATAN,BLUD,"Perangko, Materai dan Benda Pos Lainnya",1053,3.,2020-12-02,Materai 6.000,lembar,15,6000,90000
Kalimantan Selatan,Banjarbaru,PUSKESMAS BANJARBARU UTARA,DINAS KESEHATAN,BLUD,Peralatan Kebersihan dan Bahan Pembersih,15105,4.,2020-12-04,KANTONG PLASTIK SAMPAH,Buah,50,2750,137500
Kalimantan Selatan,Banjarbaru,PUSKESMAS BANJARBARU UTARA,DINAS KESEHATAN,BLUD,Peralatan Kebersihan dan Bahan Pembersih,1711,5.,2020-12-11,Roundup,liter,1,100000,100000
Kalimantan Selatan,Banjarbaru,PUSKESMAS BANJARBARU UTARA,DINAS KESEHATAN,BLUD,Peralatan Kebersihan dan Bahan Pembersih,1958,6.,2020-12-04,Sabun Cuci Piring,Botol,10,19000,190000
Kalimantan Selatan,Banjarbaru,PUSKESMAS BANJARBARU UTARA,DINAS KESEHATAN,BLUD,Peralatan Kebersihan dan Bahan Pembersih,2236,7.,2020-12-04,TISSUE,Buah,20,15000,300000
Kalimantan Selatan,Banjarbaru,PUSKESMAS BANJARBARU UTARA,DINAS KESEHATAN,BLUD,Peralatan Kebersihan dan Bahan Pembersih,5304,8.,2020-12-02,Tissue Multifold Hyper WHT(04),Buah,10,37900,379000
Kalimantan Selatan,Banjarbaru,PUSKESMAS BANJARBARU UTARA,DINAS KESEHATAN,BLUD,Peralatan Kebersihan dan Bahan Pembersih,15486,9.,2020-12-04,Tissue gulung,Buah,35,7500,262500
Kalimantan Selatan,Banjarbaru,PUSKESMAS BANJARBARU UTARA,DINAS KESEHATAN,BLUD,Peralatan dan Perlengkapan Komputer,15162,10.,2020-12-02,TINTA PRINTER,kotak,10,90000,900000
Kalimantan Selatan,Banjarbaru,PUSKESMAS BANJARBARU UTARA,DINAS KESEHATAN,BLUD,Obat-Obatan,17950,11.,2020-12-15,10  Total Chol Test Strip Autocheck,box,40,236500,9460000
Kalimantan Selatan,Banjarbaru,PUSKESMAS BANJARBARU UTARA,DINAS KESEHATAN,BLUD,Obat-Obatan,17845,12.,2020-12-15,25 blood glu test strip autochek,box,10,121000,1210000
Kalimantan Selatan,Banjarbaru,PUSKESMAS BANJARBARU UTARA,DINAS KESEHATAN,BLUD,Obat-Obatan,16846,54.,2020-12-15,Autocheck Uric Acid Test Strip,box,10,159500,1595000
Kalimantan Selatan,Banjarbaru,PUSKESMAS BANJARBARU UTARA,DINAS KESEHATAN,BLUD,Obat-Obatan,16819,79.,2020-11-04,Cleanser BCC 3600 Probe 500 ML,kit,1,2200000,2200000
Kalimantan Selatan,Banjarbaru,PUSKESMAS BANJARBARU UTARA,DINAS KESEHATAN,BLUD,Obat-Obatan,16819,80.,2020-12-15,Cleanser BCC 3600 Probe 500 ML,kit,1,2200000,2200000
Kalimantan Selatan,Banjarbaru,PUSKESMAS BANJARBARU UTARA,DINAS KESEHATAN,BLUD,Obat-Obatan,19096,125.,2020-11-04,HCG PREGNANCY TEST GEA 60 PCS,box,1,66000,66000
Kalimantan Selatan,Banjarbaru,PUSKESMAS BANJARBARU UTARA,DINAS KESEHATAN,BLUD,Obat-Obatan,16817,171.,2020-11-04,Lyse BCC 3600 500 ML,kit,1,2585000,2585000
Kalimantan Selatan,Banjarbaru,PUSKESMAS BANJARBARU UTARA,DINAS KESEHATAN,BLUD,Obat-Obatan,16817,172.,2020-12-15,Lyse BCC 3600 500 ML,kit,1,2585000,2585000
Kalimantan Selatan,Banjarbaru,PUSKESMAS BANJARBARU UTARA,DINAS KESEHATAN,BLUD,Obat-Obatan,15576,203.,2020-12-02,PLASTIK KILAT 15,Bungkus,20,3500,70000
Kalimantan Selatan,Banjarbaru,PUSKESMAS BANJARBARU UTARA,DINAS KESEHATAN,BLUD,Obat-Obatan,17986,204.,2020-12-15,PLESTERIN BULAT PE - OM,box,3,33000,99000
Kalimantan Selatan,Banjarbaru,PUSKESMAS BANJARBARU UTARA,DINAS KESEHATAN,BLUD,Obat-Obatan,17953,214.,2020-12-15,Purple Cap.K3 Edta 3 ml,Pak,3,165000,495000
Kalimantan Selatan,Banjarbaru,PUSKESMAS BANJARBARU UTARA,DINAS KESEHATAN,BLUD,Obat-Obatan,20442,228.,2020-12-15,STRIP Hemoglobin Family-DR,box,1,330000,330000
Kalimantan Selatan,Banjarbaru,PUSKESMAS BANJARBARU UTARA,DINAS KESEHATAN,BLUD,Obat-Obatan,13779,229.,2020-08-04,SUNTIKAN KB,Buah,2,140000,280000
Kalimantan Selatan,Banjarbaru,PUSKESMAS BANJARBARU UTARA,DINAS KESEHATAN,BLUD,Obat-Obatan,19044,238.,2020-12-02,Strip urine U11 plus,Tube,1,192500,192500
Kalimantan Selatan,Banjarbaru,PUSKESMAS BANJARBARU UTARA,DINAS KESEHATAN,BLUD,Obat-Obatan,15988,267.,2020-12-02,pot urine 60 ml steril,Buah,150,2200,330000
Kalimantan Selatan,Banjarbaru,PUSKESMAS BANJARBARU UTARA,DINAS KESEHATAN,BLUD,Alat Listrik dan Elektronik (Lampu Pijar. Battery Kering),17958,277.,2020-12-14,BATERAI ALKALINE A2,Buah,35,15000,525000
Kalimantan Selatan,Banjarbaru,PUSKESMAS BANJARBARU UTARA,DINAS KESEHATAN,BLUD,Alat Listrik dan Elektronik (Lampu Pijar. Battery Kering),17959,278.,2020-12-14,BATERAI ALKALINE A3,Buah,20,14000,280000
Kalimantan Selatan,Banjarbaru,PUSKESMAS BANJARBARU UTARA,DINAS KESEHATAN,BLUD,Alat Listrik dan Elektronik (Lampu Pijar. Battery Kering),19593,279.,2020-12-14,LAMPU OSRAMI TL 10 WATT,Buah,2,138430,276860
Kalimantan Selatan,Banjarbaru,PUSKESMAS BANJARBARU UTARA,DINAS KESEHATAN,BLUD,Alat Listrik dan Elektronik (Lampu Pijar. Battery Kering),3176,280.,2020-12-14,Lampu Philip 20 watt,Buah,2,51400,102800
Kalimantan Selatan,Banjarbaru,PUSKESMAS BANJARBARU UTARA,DINAS KESEHATAN,Umum,Alat Tulis Kantor,1370,1.,2020-09-04,Kertas HVS F4 70 Gr,Rim,1,55000,55000
Kalimantan Selatan,Banjarbaru,PUSKESMAS BANJARBARU UTARA,DINAS KESEHATAN,Umum,Alat Tulis Kantor,2048,2.,2020-09-04,kertas NCR,Rim,1,100000,100000
Kalimantan Selatan,Banjarbaru,PUSKESMAS BANJARBARU UTARA,DINAS KESEHATAN,Umum,Obat-Obatan,19909,13.,2020-07-03,"ADS 0,05 harga 2",Buah,125,1518,189750
Kalimantan Selatan,Banjarbaru,PUSKESMAS BANJARBARU UTARA,DINAS KESEHATAN,Umum,Obat-Obatan,18254,14.,2020-12-02,"ADS 0,5 ml Harga 2",Buah,272,1240,337280
Kalimantan Selatan,Banjarbaru,PUSKESMAS BANJARBARU UTARA,DINAS KESEHATAN,Umum,Obat-Obatan,17109,15.,2020-12-02,ADS 5 ml,Buah,200,1500,300000
Kalimantan Selatan,Banjarbaru,PUSKESMAS BANJARBARU UTARA,DINAS KESEHATAN,Umum,Obat-Obatan,16501,16.,2020-01-02,ALBENDAZOL SUSPENSI,Botol,2,4600,9200
Kalimantan Selatan,Banjarbaru,PUSKESMAS BANJARBARU UTARA,DINAS KESEHATAN,Umum,Obat-Obatan,16501,17.,2020-01-02,ALBENDAZOL SUSPENSI,Botol,10,4600,46000
Kalimantan Selatan,Banjarbaru,PUSKESMAS BANJARBARU UTARA,DINAS KESEHATAN,Umum,Obat-Obatan,16502,18.,2020-04-01,ALBENDAZOL TABLET 400 MG,Tablet,69,463,31947
Kalimantan Selatan,Banjarbaru,PUSKESMAS BANJARBARU UTARA,DINAS KESEHATAN,Umum,Obat-Obatan,16503,19.,2020-07-01,ALLOPURINOL 300 MG,Tablet,50,341,17050
Kalimantan Selatan,Banjarbaru,PUSKESMAS BANJARBARU UTARA,DINAS KESEHATAN,Umum,Obat-Obatan,16503,20.,2020-10-02,ALLOPURINOL 300 MG,Tablet,100,341,34100
Kalimantan Selatan,Banjarbaru,PUSKESMAS BANJARBARU UTARA,DINAS KESEHATAN,Umum,Obat-Obatan,20162,21.,2020-01-02,ALOPURINOL TAB 300 mg,Tablet,20,216,4320
Kalimantan Selatan,Banjarbaru,PUSKESMAS BANJARBARU UTARA,DINAS KESEHATAN,Umum,Obat-Obatan,16507,22.,2020-10-02,AMBROXOL 30 MG,Tablet,981,99,97119
Kalimantan Selatan,Banjarbaru,PUSKESMAS BANJARBARU UTARA,DINAS KESEHATAN,Umum,Obat-Obatan,16509,23.,2020-01-02,AMBROXOL SYRUP,Botol,231,3190,736890
Kalimantan Selatan,Banjarbaru,PUSKESMAS BANJARBARU UTARA,DINAS KESEHATAN,Umum,Obat-Obatan,16509,24.,2020-01-07,AMBROXOL SYRUP,Botol,60,3190,191400
Kalimantan Selatan,Banjarbaru,PUSKESMAS BANJARBARU UTARA,DINAS KESEHATAN,Umum,Obat-Obatan,10709,25.,2020-10-02,AMITRIPTILIN TAB 25 MG,Tablet,100,304,30400
Kalimantan Selatan,Banjarbaru,PUSKESMAS BANJARBARU UTARA,DINAS KESEHATAN,Umum,Obat-Obatan,20204,26.,2020-10-02,AMLODIPIN 5 mgTAB,Tablet,1895,81,153495
Kalimantan Selatan,Banjarbaru,PUSKESMAS BANJARBARU UTARA,DINAS KESEHATAN,Umum,Obat-Obatan,16583,27.,2020-01-02,AMOKSISILIN FORTE SIRUP KERING 125 MG/ 5 ML,Botol,71,3797,269587
Kalimantan Selatan,Banjarbaru,PUSKESMAS BANJARBARU UTARA,DINAS KESEHATAN,Umum,Obat-Obatan,18257,28.,2020-04-01,AMOKSISILIN FORTE SIRUP KERING 250 MG / 5 ML,Botol,76,3846,292296
Kalimantan Selatan,Banjarbaru,PUSKESMAS BANJARBARU UTARA,DINAS KESEHATAN,Umum,Obat-Obatan,16584,29.,2020-01-02,AMOKSISILIN KAPLET 250 MG,Tablet,120,220,26400
Kalimantan Selatan,Banjarbaru,PUSKESMAS BANJARBARU UTARA,DINAS KESEHATAN,Umum,Obat-Obatan,18255,30.,2020-10-02,AMOKSISILIN KAPSUL 500 MG HARGA 3,Kapsul,894,265,236910
Kalimantan Selatan,Banjarbaru,PUSKESMAS BANJARBARU UTARA,DINAS KESEHATAN,Umum,Obat-Obatan,16585,31.,2020-10-02,"ANTASIDA DOEN TABLET, KOMBINASI",Tablet,495,60,29700
Kalimantan Selatan,Banjarbaru,PUSKESMAS BANJARBARU UTARA,DINAS KESEHATAN,Umum,Obat-Obatan,16586,32.,2020-10-02,ANTASIDA SUSPENSI,Botol,74,2098,155252
Kalimantan Selatan,Banjarbaru,PUSKESMAS BANJARBARU UTARA,DINAS KESEHATAN,Umum,Obat-Obatan,18307,33.,2020-01-07,"AQUA PROINJEKSISTERIL, BEBAS PIROGEN  HARGA 1",Vial,6,2862,17172
Kalimantan Selatan,Banjarbaru,PUSKESMAS BANJARBARU UTARA,DINAS KESEHATAN,Umum,Obat-Obatan,16592,34.,2020-10-02,ASAM ASKORBAT (VIT C) TABLET 50 MG,Tablet,1820,120,218400
Kalimantan Selatan,Banjarbaru,PUSKESMAS BANJARBARU UTARA,DINAS KESEHATAN,Umum,Obat-Obatan,17460,35.,2020-07-01,ASAM TRANEKSAMAT TABLET,Tablet,80,3509,280720
Kalimantan Selatan,Banjarbaru,PUSKESMAS BANJARBARU UTARA,DINAS KESEHATAN,Umum,Obat-Obatan,2525,36.,2020-01-02,ASAM TRANEXAMAT 500 MG INJEKSI HJ,Ampul,8,6600,52800
Kalimantan Selatan,Banjarbaru,PUSKESMAS BANJARBARU UTARA,DINAS KESEHATAN,Umum,Obat-Obatan,16594,37.,2020-01-02,ASETIL SISTEIN-N / N-ASETIL SISTEIN,Tablet,854,474,404796
Kalimantan Selatan,Banjarbaru,PUSKESMAS BANJARBARU UTARA,DINAS KESEHATAN,Umum,Obat-Obatan,16594,38.,2020-01-02,ASETIL SISTEIN-N / N-ASETIL SISTEIN,Tablet,60,474,28440
Kalimantan Selatan,Banjarbaru,PUSKESMAS BANJARBARU UTARA,DINAS KESEHATAN,Umum,Obat-Obatan,16595,39.,2020-01-02,AZITROMISIN TAB 500 MG,Tablet,177,4613,816501
Kalimantan Selatan,Banjarbaru,PUSKESMAS BANJARBARU UTARA,DINAS KESEHATAN,Umum,Obat-Obatan,8187,40.,2020-01-07,Acyclovir 5% Cream,Tube,10,2970,29700
Kalimantan Selatan,Banjarbaru,PUSKESMAS BANJARBARU UTARA,DINAS KESEHATAN,Umum,Obat-Obatan,17204,41.,2020-01-02,Acyclovir Tablet 200 mg Harga 2,Tablet,63,272,17136
Kalimantan Selatan,Banjarbaru,PUSKESMAS BANJARBARU UTARA,DINAS KESEHATAN,Umum,Obat-Obatan,17205,42.,2020-01-07,Acyclovir Tablet 400 mg Harga 2,Tablet,101,425,42925
Kalimantan Selatan,Banjarbaru,PUSKESMAS BANJARBARU UTARA,DINAS KESEHATAN,Umum,Obat-Obatan,426,43.,2020-01-07,Alat Suntik 10 ml,Buah,98,1870,183260
Kalimantan Selatan,Banjarbaru,PUSKESMAS BANJARBARU UTARA,DINAS KESEHATAN,Umum,Obat-Obatan,16723,44.,2020-01-07,Alat Suntik sekali Pakai 1 ml,pcs,75,1430,107250
Kalimantan Selatan,Banjarbaru,PUSKESMAS BANJARBARU UTARA,DINAS KESEHATAN,Umum,Obat-Obatan,16726,45.,2020-01-07,Alat Suntik sekali Pakai 5 ml Harga 1,pcs,100,950,95000
Kalimantan Selatan,Banjarbaru,PUSKESMAS BANJARBARU UTARA,DINAS KESEHATAN,Umum,Obat-Obatan,20358,46.,2020-10-02,Alat suntik sekali pakai 3 ml hrg 3,pcs,500,818,409000
Kalimantan Selatan,Banjarbaru,PUSKESMAS BANJARBARU UTARA,DINAS KESEHATAN,Umum,Obat-Obatan,16763,47.,2020-01-02,Alkohol Swab Harga 2,pcs,4300,110,473000
Kalimantan Selatan,Banjarbaru,PUSKESMAS BANJARBARU UTARA,DINAS KESEHATAN,Umum,Obat-Obatan,18491,48.,2020-10-02,Alopurinol Tablet 100 mg,Tablet,610,99,60390
Kalimantan Selatan,Banjarbaru,PUSKESMAS BANJARBARU UTARA,DINAS KESEHATAN,Umum,Obat-Obatan,628,49.,2020-01-07,Ambroxol Syrup 15 mg/5 ml,Botol,5,3355,16775
Kalimantan Selatan,Banjarbaru,PUSKESMAS BANJARBARU UTARA,DINAS KESEHATAN,Umum,Obat-Obatan,628,50.,2020-10-02,Ambroxol Syrup 15 mg/5 ml,Botol,60,3355,201300
Kalimantan Selatan,Banjarbaru,PUSKESMAS BANJARBARU UTARA,DINAS KESEHATAN,Umum,Obat-Obatan,17222,51.,2020-01-02,Antifungi Doen  Kombinasi,Tablet,67,4782,320394
Kalimantan Selatan,Banjarbaru,PUSKESMAS BANJARBARU UTARA,DINAS KESEHATAN,Umum,Obat-Obatan,17222,52.,2020-01-02,Antifungi Doen  Kombinasi,Tablet,4,4782,19128
Kalimantan Selatan,Banjarbaru,PUSKESMAS BANJARBARU UTARA,DINAS KESEHATAN,Umum,Obat-Obatan,19197,53.,2020-10-02,Asam Mefenamat Tab 500 mg,Tablet,989,103,101867
Kalimantan Selatan,Banjarbaru,PUSKESMAS BANJARBARU UTARA,DINAS KESEHATAN,Umum,Obat-Obatan,16596,55.,2020-10-02,BETAHISTIN 6 MG,Tablet,150,119,17850
Kalimantan Selatan,Banjarbaru,PUSKESMAS BANJARBARU UTARA,DINAS KESEHATAN,Umum,Obat-Obatan,16597,56.,2020-10-02,"BETAMETASON KRIM 0,1 %",Tube,38,1865,70870
Kalimantan Selatan,Banjarbaru,PUSKESMAS BANJARBARU UTARA,DINAS KESEHATAN,Umum,Obat-Obatan,499,57.,2020-01-07,Bedak Salisil Serbuk 2 %,Bungkus,10,4499,44990
Kalimantan Selatan,Banjarbaru,PUSKESMAS BANJARBARU UTARA,DINAS KESEHATAN,Umum,Obat-Obatan,499,58.,2020-04-01,Bedak Salisil Serbuk 2 %,Bungkus,20,4499,89980
Kalimantan Selatan,Banjarbaru,PUSKESMAS BANJARBARU UTARA,DINAS KESEHATAN,Umum,Obat-Obatan,16786,59.,2020-10-02,Bufacetine,Tube,61,3360,204960
Kalimantan Selatan,Banjarbaru,PUSKESMAS BANJARBARU UTARA,DINAS KESEHATAN,Umum,Obat-Obatan,16227,60.,2020-01-02,CAPTOPRIL 25 MG TABLET INDOFARMA,Tablet,287,86,24682
Kalimantan Selatan,Banjarbaru,PUSKESMAS BANJARBARU UTARA,DINAS KESEHATAN,Umum,Obat-Obatan,20211,61.,2020-01-02,"CAPTOPRIL TABLET 12,5 MG",Tablet,165,69,11385
Kalimantan Selatan,Banjarbaru,PUSKESMAS BANJARBARU UTARA,DINAS KESEHATAN,Umum,Obat-Obatan,18385,62.,2020-01-07,CATGUT / BENANG BEDAH NO.3/0 HARGA 1,pcs,12,7570,90840
Kalimantan Selatan,Banjarbaru,PUSKESMAS BANJARBARU UTARA,DINAS KESEHATAN,Umum,Obat-Obatan,20058,63.,2020-07-01,CEFADROXIL 500 MG KAPSUL BERNO,Kapsul,1080,680,734400
Kalimantan Selatan,Banjarbaru,PUSKESMAS BANJARBARU UTARA,DINAS KESEHATAN,Umum,Obat-Obatan,21496,64.,2020-01-07,CEFADROXIL FORTE 250MG/5ML HARGA 3,Botol,82,5826,477732
Kalimantan Selatan,Banjarbaru,PUSKESMAS BANJARBARU UTARA,DINAS KESEHATAN,Umum,Obat-Obatan,2565,65.,2020-10-02,CEFIXIME 200MG,Kapsul,220,2430,534600
Kalimantan Selatan,Banjarbaru,PUSKESMAS BANJARBARU UTARA,DINAS KESEHATAN,Umum,Obat-Obatan,18990,66.,2020-04-01,CIPROFLOXACIN 500 MG,Tablet,3,77880,233640
Kalimantan Selatan,Banjarbaru,PUSKESMAS BANJARBARU UTARA,DINAS KESEHATAN,Umum,Obat-Obatan,16001,67.,2020-01-02,CIPROFLOXACIN 500 MG TABLET HJ,Tablet,440,265,116600
Kalimantan Selatan,Banjarbaru,PUSKESMAS BANJARBARU UTARA,DINAS KESEHATAN,Umum,Obat-Obatan,16603,68.,2020-01-02,CLAPIDOGREL TAB 75 MG,Tablet,10,1469,14690
Kalimantan Selatan,Banjarbaru,PUSKESMAS BANJARBARU UTARA,DINAS KESEHATAN,Umum,Obat-Obatan,16603,69.,2020-01-02,CLAPIDOGREL TAB 75 MG,Tablet,30,1469,44070
Kalimantan Selatan,Banjarbaru,PUSKESMAS BANJARBARU UTARA,DINAS KESEHATAN,Umum,Obat-Obatan,17598,70.,2020-07-01,CLOBAZAM TAB,Tablet,38,916,34808
Kalimantan Selatan,Banjarbaru,PUSKESMAS BANJARBARU UTARA,DINAS KESEHATAN,Umum,Obat-Obatan,17598,71.,2020-10-02,CLOBAZAM TAB,Tablet,100,916,91600
Kalimantan Selatan,Banjarbaru,PUSKESMAS BANJARBARU UTARA,DINAS KESEHATAN,Umum,Obat-Obatan,3727,72.,2020-01-02,CLOBAZAM TAB 10 MG TABLET DEXA,Tablet,5,950,4750
Kalimantan Selatan,Banjarbaru,PUSKESMAS BANJARBARU UTARA,DINAS KESEHATAN,Umum,Obat-Obatan,21670,73.,2020-07-01,Captopril 25 mg,box,1,14463,14463
Kalimantan Selatan,Banjarbaru,PUSKESMAS BANJARBARU UTARA,DINAS KESEHATAN,Umum,Obat-Obatan,16730,74.,2020-01-07,Catgut / Benang Bedah No.2/0 Harga 1,pcs,12,7571,90852
Kalimantan Selatan,Banjarbaru,PUSKESMAS BANJARBARU UTARA,DINAS KESEHATAN,Umum,Obat-Obatan,19296,75.,2020-01-07,Cefadroxil syrup 125 mg harga 2,Botol,7,4360,30520
Kalimantan Selatan,Banjarbaru,PUSKESMAS BANJARBARU UTARA,DINAS KESEHATAN,Umum,Obat-Obatan,19296,76.,2020-04-01,Cefadroxil syrup 125 mg harga 2,Botol,100,4360,436000
Kalimantan Selatan,Banjarbaru,PUSKESMAS BANJARBARU UTARA,DINAS KESEHATAN,Umum,Obat-Obatan,495,77.,2020-01-07,Cetirizine syrup 5 mg/5 ml,Botol,16,3061,48976
Kalimantan Selatan,Banjarbaru,PUSKESMAS BANJARBARU UTARA,DINAS KESEHATAN,Umum,Obat-Obatan,495,78.,2020-10-02,Cetirizine syrup 5 mg/5 ml,Botol,100,3061,306100
Kalimantan Selatan,Banjarbaru,PUSKESMAS BANJARBARU UTARA,DINAS KESEHATAN,Umum,Obat-Obatan,17632,81.,2020-10-02,DIAZEPAM 2MG TAB,Tablet,100,86,8600
Kalimantan Selatan,Banjarbaru,PUSKESMAS BANJARBARU UTARA,DINAS KESEHATAN,Umum,Obat-Obatan,17466,82.,2020-01-02,DIAZEPAM INJ 5MG/ML-2ML,ampul,5,1913,9565
Kalimantan Selatan,Banjarbaru,PUSKESMAS BANJARBARU UTARA,DINAS KESEHATAN,Umum,Obat-Obatan,16607,83.,2020-01-02,DIFENHIDRAMIN HCL INJ 10 MG/ML-1 ML,ampul,26,1056,27456
Kalimantan Selatan,Banjarbaru,PUSKESMAS BANJARBARU UTARA,DINAS KESEHATAN,Umum,Obat-Obatan,16608,84.,2020-01-02,"DIGOKSIN TABLET 0,25 MG",Tablet,75,103,7725
Kalimantan Selatan,Banjarbaru,PUSKESMAS BANJARBARU UTARA,DINAS KESEHATAN,Umum,Obat-Obatan,20023,85.,2020-10-02,DIMENHYDRINAT TAB,Tablet,560,129,72240
Kalimantan Selatan,Banjarbaru,PUSKESMAS BANJARBARU UTARA,DINAS KESEHATAN,Umum,Obat-Obatan,16614,86.,2020-01-02,DULCOLAX 5 MG SUPPOSITORIA (ANAK),Suppo,14,4991,69874
Kalimantan Selatan,Banjarbaru,PUSKESMAS BANJARBARU UTARA,DINAS KESEHATAN,Umum,Obat-Obatan,601,87.,2020-01-02,Deksametason inj 5 mg/ml,Ampul,10,1210,12100
Kalimantan Selatan,Banjarbaru,PUSKESMAS BANJARBARU UTARA,DINAS KESEHATAN,Umum,Obat-Obatan,601,88.,2020-07-01,Deksametason inj 5 mg/ml,Ampul,10,1210,12100
Kalimantan Selatan,Banjarbaru,PUSKESMAS BANJARBARU UTARA,DINAS KESEHATAN,Umum,Obat-Obatan,653,89.,2020-01-02,Diazepam inj 5 mg / ml,ampul,10,8800,88000
Kalimantan Selatan,Banjarbaru,PUSKESMAS BANJARBARU UTARA,DINAS KESEHATAN,Umum,Obat-Obatan,744,90.,2020-10-02,Difenhidramin inj 10 mg/ml,ampul,30,1347,40410
Kalimantan Selatan,Banjarbaru,PUSKESMAS BANJARBARU UTARA,DINAS KESEHATAN,Umum,Obat-Obatan,754,91.,2020-01-02,"Digoksin 0,25 mg",Tablet,90,108,9720
Kalimantan Selatan,Banjarbaru,PUSKESMAS BANJARBARU UTARA,DINAS KESEHATAN,Umum,Obat-Obatan,16622,92.,2020-01-02,ERYTHROMICIN KAPSUL 250 MG,Tablet,20,647,12940
Kalimantan Selatan,Banjarbaru,PUSKESMAS BANJARBARU UTARA,DINAS KESEHATAN,Umum,Obat-Obatan,16913,93.,2020-01-02,"Efinefrin HCL / Bitartrain(Adrenalin) inj 0,1%-1 ml.Harga 1",Ampul,42,1848,77616
Kalimantan Selatan,Banjarbaru,PUSKESMAS BANJARBARU UTARA,DINAS KESEHATAN,Umum,Obat-Obatan,1199,94.,2020-07-01,Erythromicin Kapsul 250 MG,Tablet,170,636,108120
Kalimantan Selatan,Banjarbaru,PUSKESMAS BANJARBARU UTARA,DINAS KESEHATAN,Umum,Obat-Obatan,16765,95.,2020-07-01,Etanol 70% 1000 ml Harga 2,Botol,2,30000,60000
Kalimantan Selatan,Banjarbaru,PUSKESMAS BANJARBARU UTARA,DINAS KESEHATAN,Umum,Obat-Obatan,16765,96.,2020-10-02,Etanol 70% 1000 ml Harga 2,Botol,4,30000,120000
Kalimantan Selatan,Banjarbaru,PUSKESMAS BANJARBARU UTARA,DINAS KESEHATAN,Umum,Obat-Obatan,2613,97.,2020-01-02,Etil Klorida Spray,Botol,2,181000,362000
Kalimantan Selatan,Banjarbaru,PUSKESMAS BANJARBARU UTARA,DINAS KESEHATAN,Umum,Obat-Obatan,2613,98.,2020-01-02,Etil Klorida Spray,Botol,10,181000,1810000
Kalimantan Selatan,Banjarbaru,PUSKESMAS BANJARBARU UTARA,DINAS KESEHATAN,Umum,Obat-Obatan,16625,99.,2020-01-02,FENOBARBITAL TABLET 30 MG,Tablet,190,71,13490
Kalimantan Selatan,Banjarbaru,PUSKESMAS BANJARBARU UTARA,DINAS KESEHATAN,Umum,Obat-Obatan,16629,100.,2020-01-02,FITOMENADION (VIT.K) TABLET SALUT 10 MG,Tablet,40,796,31840
Kalimantan Selatan,Banjarbaru,PUSKESMAS BANJARBARU UTARA,DINAS KESEHATAN,Umum,Obat-Obatan,16629,101.,2020-01-02,FITOMENADION (VIT.K) TABLET SALUT 10 MG,Tablet,100,796,79600
Kalimantan Selatan,Banjarbaru,PUSKESMAS BANJARBARU UTARA,DINAS KESEHATAN,Umum,Obat-Obatan,16629,102.,2020-01-02,FITOMENADION (VIT.K) TABLET SALUT 10 MG,Tablet,100,796,79600
Kalimantan Selatan,Banjarbaru,PUSKESMAS BANJARBARU UTARA,DINAS KESEHATAN,Umum,Obat-Obatan,21031,103.,2020-10-02,FITOMENADION (VIT.K1) TABLET 10 mg,Tablet,160,873,139680
Kalimantan Selatan,Banjarbaru,PUSKESMAS BANJARBARU UTARA,DINAS KESEHATAN,Umum,Obat-Obatan,17002,104.,2020-01-02,FOLLY CATHETER NO.12 GEA,pcs,8,10440,83520
Kalimantan Selatan,Banjarbaru,PUSKESMAS BANJARBARU UTARA,DINAS KESEHATAN,Umum,Obat-Obatan,16630,105.,2020-07-01,FUROSEMID TABLET 40 MG,Tablet,122,79,9638
Kalimantan Selatan,Banjarbaru,PUSKESMAS BANJARBARU UTARA,DINAS KESEHATAN,Umum,Obat-Obatan,548,106.,2020-10-02,Fenolgliserol TT 10 %,Botol,23,2727,62721
Kalimantan Selatan,Banjarbaru,PUSKESMAS BANJARBARU UTARA,DINAS KESEHATAN,Umum,Obat-Obatan,2718,107.,2020-01-02,Fitomenadion (Vitamin K) Injeksi 10 mg/ml,Ampul,18,4084,73512
Kalimantan Selatan,Banjarbaru,PUSKESMAS BANJARBARU UTARA,DINAS KESEHATAN,Umum,Obat-Obatan,18520,108.,2020-01-02,Fitomenadion (vit k 1) injeksi 10mg/ml-1ml,Ampul,30,4236,127080
Kalimantan Selatan,Banjarbaru,PUSKESMAS BANJARBARU UTARA,DINAS KESEHATAN,Umum,Obat-Obatan,18320,109.,2020-01-02,GEMFIBROZIL 300 MG,Tablet,36,318,11448
Kalimantan Selatan,Banjarbaru,PUSKESMAS BANJARBARU UTARA,DINAS KESEHATAN,Umum,Obat-Obatan,18320,110.,2020-01-02,GEMFIBROZIL 300 MG,Tablet,120,318,38160
Kalimantan Selatan,Banjarbaru,PUSKESMAS BANJARBARU UTARA,DINAS KESEHATAN,Umum,Obat-Obatan,21041,111.,2020-01-02,GEMFIBROZIL 300 MG KAPSUL PHAPROS,Kapsul,12,428,5136
Kalimantan Selatan,Banjarbaru,PUSKESMAS BANJARBARU UTARA,DINAS KESEHATAN,Umum,Obat-Obatan,21041,112.,2020-01-02,GEMFIBROZIL 300 MG KAPSUL PHAPROS,Kapsul,120,428,51360
Kalimantan Selatan,Banjarbaru,PUSKESMAS BANJARBARU UTARA,DINAS KESEHATAN,Umum,Obat-Obatan,18322,113.,2020-01-07,GENTAMICIN SALEP MATA HARGA 2,Tube,1,3075,3075
Kalimantan Selatan,Banjarbaru,PUSKESMAS BANJARBARU UTARA,DINAS KESEHATAN,Umum,Obat-Obatan,18322,114.,2020-10-02,GENTAMICIN SALEP MATA HARGA 2,Tube,24,3075,73800
Kalimantan Selatan,Banjarbaru,PUSKESMAS BANJARBARU UTARA,DINAS KESEHATAN,Umum,Obat-Obatan,18323,115.,2020-10-02,GENTAMICIN TETES MATA HARGA 2,Botol,33,4885,161205
Kalimantan Selatan,Banjarbaru,PUSKESMAS BANJARBARU UTARA,DINAS KESEHATAN,Umum,Obat-Obatan,21500,116.,2020-04-01,GLIBENKLAMID TABLET 5 mg Hrg 4,Tablet,20,137,2740
Kalimantan Selatan,Banjarbaru,PUSKESMAS BANJARBARU UTARA,DINAS KESEHATAN,Umum,Obat-Obatan,16639,117.,2020-01-02,GLISERIL GUAYAKOLAT TABLET 100 MG,Tablet,389,160,62240
Kalimantan Selatan,Banjarbaru,PUSKESMAS BANJARBARU UTARA,DINAS KESEHATAN,Umum,Obat-Obatan,16639,118.,2020-01-02,GLISERIL GUAYAKOLAT TABLET 100 MG,Tablet,100,160,16000
Kalimantan Selatan,Banjarbaru,PUSKESMAS BANJARBARU UTARA,DINAS KESEHATAN,Umum,Obat-Obatan,18380,119.,2020-01-02,"GRISEOFULVIN TABLET 125 MG, MICRONIZED HARGA 2",Tablet,75,224,16800
Kalimantan Selatan,Banjarbaru,PUSKESMAS BANJARBARU UTARA,DINAS KESEHATAN,Umum,Obat-Obatan,614,120.,2020-04-01,Garam Oralit,Sachset,5,263,1315
Kalimantan Selatan,Banjarbaru,PUSKESMAS BANJARBARU UTARA,DINAS KESEHATAN,Umum,Obat-Obatan,614,121.,2020-10-02,Garam Oralit,Sachset,300,263,78900
Kalimantan Selatan,Banjarbaru,PUSKESMAS BANJARBARU UTARA,DINAS KESEHATAN,Umum,Obat-Obatan,532,122.,2020-01-02,Glimepirid 2 mg,Tablet,37,231,8547
Kalimantan Selatan,Banjarbaru,PUSKESMAS BANJARBARU UTARA,DINAS KESEHATAN,Umum,Obat-Obatan,532,123.,2020-01-02,Glimepirid 2 mg,Tablet,20,231,4620
Kalimantan Selatan,Banjarbaru,PUSKESMAS BANJARBARU UTARA,DINAS KESEHATAN,Umum,Obat-Obatan,479,124.,2020-01-02,Glukosa larutan infus 5%,Botol,8,6900,55200
Kalimantan Selatan,Banjarbaru,PUSKESMAS BANJARBARU UTARA,DINAS KESEHATAN,Umum,Obat-Obatan,20026,126.,2020-01-07,HIDROKLOROTIAZID (HCT) TAB 25 mg,Tablet,140,128,17920
Kalimantan Selatan,Banjarbaru,PUSKESMAS BANJARBARU UTARA,DINAS KESEHATAN,Umum,Obat-Obatan,16645,127.,2020-10-02,"HIDROKORTISON KRIM 2,5 %",Tube,21,2533,53193
Kalimantan Selatan,Banjarbaru,PUSKESMAS BANJARBARU UTARA,DINAS KESEHATAN,Umum,Obat-Obatan,16829,128.,2020-04-01,Handscoon Steril 7 dan 7.5,pcs,43,8032,345376
Kalimantan Selatan,Banjarbaru,PUSKESMAS BANJARBARU UTARA,DINAS KESEHATAN,Umum,Obat-Obatan,16829,129.,2020-10-02,Handscoon Steril 7 dan 7.5,pcs,1500,8032,12048000
Kalimantan Selatan,Banjarbaru,PUSKESMAS BANJARBARU UTARA,DINAS KESEHATAN,Umum,Obat-Obatan,573,130.,2020-01-07,IBUPROFEN 200 MG / 5 ML SYRUP INDOFARMA,Botol,54,2858,154332
Kalimantan Selatan,Banjarbaru,PUSKESMAS BANJARBARU UTARA,DINAS KESEHATAN,Umum,Obat-Obatan,20207,131.,2020-01-07,IBUPROFEN 200 MG / 5 ML SYRUP TEMPO,Botol,18,5414,97452
Kalimantan Selatan,Banjarbaru,PUSKESMAS BANJARBARU UTARA,DINAS KESEHATAN,Umum,Obat-Obatan,16647,132.,2020-01-02,IBUPROFEN SUSPENSI 200 MG/5 ML,Botol,32,5687,181984
Kalimantan Selatan,Banjarbaru,PUSKESMAS BANJARBARU UTARA,DINAS KESEHATAN,Umum,Obat-Obatan,19193,133.,2020-01-07,IBUPROFEN TABLET 200 mg,Tablet,415,111,46065
Kalimantan Selatan,Banjarbaru,PUSKESMAS BANJARBARU UTARA,DINAS KESEHATAN,Umum,Obat-Obatan,16650,134.,2020-01-02,ICHTYOL,Botol,20,6600,132000
Kalimantan Selatan,Banjarbaru,PUSKESMAS BANJARBARU UTARA,DINAS KESEHATAN,Umum,Obat-Obatan,20040,135.,2020-01-02,INFUSION SET (ANAK) pcs,pcs,5,10406,52030
Kalimantan Selatan,Banjarbaru,PUSKESMAS BANJARBARU UTARA,DINAS KESEHATAN,Umum,Obat-Obatan,16652,136.,2020-01-02,ISOSORBID DINITRAT TABLET SUBLINGUAL 5 MG,Tablet,4,89,356
Kalimantan Selatan,Banjarbaru,PUSKESMAS BANJARBARU UTARA,DINAS KESEHATAN,Umum,Obat-Obatan,17227,137.,2020-01-02,Ichtyol Harga 2,Botol,4,5500,22000
Kalimantan Selatan,Banjarbaru,PUSKESMAS BANJARBARU UTARA,DINAS KESEHATAN,Umum,Obat-Obatan,16737,138.,2020-01-02,Infusion Set Anak,pcs,1,5104,5104
Kalimantan Selatan,Banjarbaru,PUSKESMAS BANJARBARU UTARA,DINAS KESEHATAN,Umum,Obat-Obatan,16734,139.,2020-01-02,Infusion set Dewasa,pcs,4,4756,19024
Kalimantan Selatan,Banjarbaru,PUSKESMAS BANJARBARU UTARA,DINAS KESEHATAN,Umum,Obat-Obatan,16653,140.,2020-01-07,KALIUM DIKLOFENAK 50 MG TABLET HJ,Tablet,50,300,15000
Kalimantan Selatan,Banjarbaru,PUSKESMAS BANJARBARU UTARA,DINAS KESEHATAN,Umum,Obat-Obatan,16654,141.,2020-10-02,KALSIUM LAKTAT (KLAK) TABLET 500MG,Tablet,1200,63,75600
Kalimantan Selatan,Banjarbaru,PUSKESMAS BANJARBARU UTARA,DINAS KESEHATAN,Umum,Obat-Obatan,16655,142.,2020-07-01,KARBAMAZEPIN TABLET 200 MG,Tablet,100,250,25000
Kalimantan Selatan,Banjarbaru,PUSKESMAS BANJARBARU UTARA,DINAS KESEHATAN,Umum,Obat-Obatan,18399,143.,2020-01-07,KASA KOTAK 16 X 16,pcs,9,9200,82800
Kalimantan Selatan,Banjarbaru,PUSKESMAS BANJARBARU UTARA,DINAS KESEHATAN,Umum,Obat-Obatan,18400,144.,2020-01-02,KASA PEMBALUT 2M X 80CM,pcs,10,10076,100760
Kalimantan Selatan,Banjarbaru,PUSKESMAS BANJARBARU UTARA,DINAS KESEHATAN,Umum,Obat-Obatan,17470,145.,2020-07-01,KETOKONAZOLE TABLET 200MG HARGA 2,Tablet,40,305,12200
Kalimantan Selatan,Banjarbaru,PUSKESMAS BANJARBARU UTARA,DINAS KESEHATAN,Umum,Obat-Obatan,18329,146.,2020-01-07,KLORAMFENIKOL KAPSUL500 MG HARGA 2,Tablet,805,1254,1009470
Kalimantan Selatan,Banjarbaru,PUSKESMAS BANJARBARU UTARA,DINAS KESEHATAN,Umum,Obat-Obatan,16662,147.,2020-01-02,KLORAMFENIKOL SUSPENSI,Botol,156,4000,624000
Kalimantan Selatan,Banjarbaru,PUSKESMAS BANJARBARU UTARA,DINAS KESEHATAN,Umum,Obat-Obatan,16663,148.,2020-01-02,KLORAMFENIKOL TETES MATA,Botol,16,3850,61600
Kalimantan Selatan,Banjarbaru,PUSKESMAS BANJARBARU UTARA,DINAS KESEHATAN,Umum,Obat-Obatan,16663,149.,2020-01-02,KLORAMFENIKOL TETES MATA,Botol,24,3850,92400
Kalimantan Selatan,Banjarbaru,PUSKESMAS BANJARBARU UTARA,DINAS KESEHATAN,Umum,Obat-Obatan,16663,150.,2020-01-02,KLORAMFENIKOL TETES MATA,Botol,20,3850,77000
Kalimantan Selatan,Banjarbaru,PUSKESMAS BANJARBARU UTARA,DINAS KESEHATAN,Umum,Obat-Obatan,16663,151.,2020-01-07,KLORAMFENIKOL TETES MATA,Botol,30,3850,115500
Kalimantan Selatan,Banjarbaru,PUSKESMAS BANJARBARU UTARA,DINAS KESEHATAN,Umum,Obat-Obatan,18330,152.,2020-01-02,KLORAMFENIKOL TETES TELINGA 3%,Botol,5,9130,45650
Kalimantan Selatan,Banjarbaru,PUSKESMAS BANJARBARU UTARA,DINAS KESEHATAN,Umum,Obat-Obatan,19305,153.,2020-10-02,KLORPROMAZIN HCL TABLET SALUT 100 MG HARGA 2,Tablet,375,170,63750
Kalimantan Selatan,Banjarbaru,PUSKESMAS BANJARBARU UTARA,DINAS KESEHATAN,Umum,Obat-Obatan,16667,154.,2020-01-02,KLORPROMAZIN HCL TABLET SALUT 25 MG,Tablet,185,75,13875
Kalimantan Selatan,Banjarbaru,PUSKESMAS BANJARBARU UTARA,DINAS KESEHATAN,Umum,Obat-Obatan,20202,155.,2020-07-01,KODEIN TABLET 10 MG,Tablet,20,657,13140
Kalimantan Selatan,Banjarbaru,PUSKESMAS BANJARBARU UTARA,DINAS KESEHATAN,Umum,Obat-Obatan,20202,156.,2020-10-02,KODEIN TABLET 10 MG,Tablet,100,657,65700
Kalimantan Selatan,Banjarbaru,PUSKESMAS BANJARBARU UTARA,DINAS KESEHATAN,Umum,Obat-Obatan,16669,157.,2020-01-07,KOTRIMOKSAZOL SUSPENSI,Botol,38,2052,77976
Kalimantan Selatan,Banjarbaru,PUSKESMAS BANJARBARU UTARA,DINAS KESEHATAN,Umum,Obat-Obatan,16669,158.,2020-04-01,KOTRIMOKSAZOL SUSPENSI,Botol,100,2052,205200
Kalimantan Selatan,Banjarbaru,PUSKESMAS BANJARBARU UTARA,DINAS KESEHATAN,Umum,Obat-Obatan,16739,159.,2020-01-02,Kapas Pembalut Absorben 250 gram Harga 1,pcs,2,8250,16500
Kalimantan Selatan,Banjarbaru,PUSKESMAS BANJARBARU UTARA,DINAS KESEHATAN,Umum,Obat-Obatan,17239,160.,2020-01-02,Kasa 4 x 5 cm,Buah,2250,334,751500
Kalimantan Selatan,Banjarbaru,PUSKESMAS BANJARBARU UTARA,DINAS KESEHATAN,Umum,Obat-Obatan,17240,161.,2020-01-02,Kasa Kompres 40/ 40 Steril,kotak,15,1922,28830
Kalimantan Selatan,Banjarbaru,PUSKESMAS BANJARBARU UTARA,DINAS KESEHATAN,Umum,Obat-Obatan,17240,162.,2020-01-02,Kasa Kompres 40/ 40 Steril,kotak,5,1922,9610
Kalimantan Selatan,Banjarbaru,PUSKESMAS BANJARBARU UTARA,DINAS KESEHATAN,Umum,Obat-Obatan,16744,163.,2020-01-02,Kasa Pembalut 2 M x 80 cm,pcs,6,10077,60462
Kalimantan Selatan,Banjarbaru,PUSKESMAS BANJARBARU UTARA,DINAS KESEHATAN,Umum,Obat-Obatan,16744,164.,2020-01-02,Kasa Pembalut 2 M x 80 cm,pcs,2,10077,20154
Kalimantan Selatan,Banjarbaru,PUSKESMAS BANJARBARU UTARA,DINAS KESEHATAN,Umum,Obat-Obatan,21481,165.,2020-10-02,Ketokonazole Creamm,Tube,21,2577,54117
Kalimantan Selatan,Banjarbaru,PUSKESMAS BANJARBARU UTARA,DINAS KESEHATAN,Umum,Obat-Obatan,531,166.,2020-04-01,Kloramfenikol Salep Mata 1%,Tube,22,1925,42350
Kalimantan Selatan,Banjarbaru,PUSKESMAS BANJARBARU UTARA,DINAS KESEHATAN,Umum,Obat-Obatan,19204,167.,2020-04-01,Kotrimoksazol Tab 480 mg,Tablet,444,125,55500
Kalimantan Selatan,Banjarbaru,PUSKESMAS BANJARBARU UTARA,DINAS KESEHATAN,Umum,Obat-Obatan,16674,168.,2020-01-02,LORATADINE 10 MG TABLET INDOFARMA,Tablet,196,149,29204
Kalimantan Selatan,Banjarbaru,PUSKESMAS BANJARBARU UTARA,DINAS KESEHATAN,Umum,Obat-Obatan,19306,169.,2020-07-01,Loperamide 2 Mg Harga 2,Tablet,195,198,38610
Kalimantan Selatan,Banjarbaru,PUSKESMAS BANJARBARU UTARA,DINAS KESEHATAN,Umum,Obat-Obatan,19308,170.,2020-10-02,Loratadine 10 Mg harga 2,Tablet,879,136,119544
Kalimantan Selatan,Banjarbaru,PUSKESMAS BANJARBARU UTARA,DINAS KESEHATAN,Umum,Obat-Obatan,18996,173.,2020-01-07,MAGNESIUM SULFAT INJEKSI (IV) 20%-25 ML hrg1,Ampul,6,3796,22776
Kalimantan Selatan,Banjarbaru,PUSKESMAS BANJARBARU UTARA,DINAS KESEHATAN,Umum,Obat-Obatan,16675,174.,2020-01-02,MAGNESIUM SULFAT INJEKSI(IV) 20% - 25 ML,Ampul,12,3328,39936
Kalimantan Selatan,Banjarbaru,PUSKESMAS BANJARBARU UTARA,DINAS KESEHATAN,Umum,Obat-Obatan,20213,175.,2020-10-02,METHYLPREDNISOLONE 4 MG TABLET QUANTUM LABS,Tablet,444,148,65712
Kalimantan Selatan,Banjarbaru,PUSKESMAS BANJARBARU UTARA,DINAS KESEHATAN,Umum,Obat-Obatan,16680,176.,2020-01-02,"METILERGOMETRIN MALEAT INJ 0,200 MG-1 ML HARGA 1",ampul,30,3278,98340
Kalimantan Selatan,Banjarbaru,PUSKESMAS BANJARBARU UTARA,DINAS KESEHATAN,Umum,Obat-Obatan,20172,177.,2020-10-02,METRONIDAZOLE 500 MG TABLET KF,Tablet,397,638,253286
Kalimantan Selatan,Banjarbaru,PUSKESMAS BANJARBARU UTARA,DINAS KESEHATAN,Umum,Obat-Obatan,18344,178.,2020-04-01,MICONAZOLE CREAM 2%,Tube,2,3926,7852
Kalimantan Selatan,Banjarbaru,PUSKESMAS BANJARBARU UTARA,DINAS KESEHATAN,Umum,Obat-Obatan,18344,179.,2020-10-02,MICONAZOLE CREAM 2%,Tube,24,3926,94224
Kalimantan Selatan,Banjarbaru,PUSKESMAS BANJARBARU UTARA,DINAS KESEHATAN,Umum,Obat-Obatan,16686,180.,2020-07-01,MINIASPI / ASETOSAL 80 MG HARGA 2,Tablet,200,99,19800
Kalimantan Selatan,Banjarbaru,PUSKESMAS BANJARBARU UTARA,DINAS KESEHATAN,Umum,Obat-Obatan,16060,181.,2020-12-02,MR,Buah,14,166265,2327710
Kalimantan Selatan,Banjarbaru,PUSKESMAS BANJARBARU UTARA,DINAS KESEHATAN,Umum,Obat-Obatan,16749,182.,2020-04-01,Masker N95 Harga 1,pcs,39,21000,819000
Kalimantan Selatan,Banjarbaru,PUSKESMAS BANJARBARU UTARA,DINAS KESEHATAN,Umum,Obat-Obatan,17203,183.,2020-01-02,NB Tropical Salep,Tube,102,17205,1754910
Kalimantan Selatan,Banjarbaru,PUSKESMAS BANJARBARU UTARA,DINAS KESEHATAN,Umum,Obat-Obatan,16615,184.,2020-01-02,NISTATIN 100.000/IU/G TABLET VAGINAL,Tablet,42,602,25284
Kalimantan Selatan,Banjarbaru,PUSKESMAS BANJARBARU UTARA,DINAS KESEHATAN,Umum,Obat-Obatan,16915,185.,2020-10-02,"Natrium Klorida Larutan Infus 0,9% Steril",Botol,20,6840,136800
Kalimantan Selatan,Banjarbaru,PUSKESMAS BANJARBARU UTARA,DINAS KESEHATAN,Umum,Obat-Obatan,609,186.,2020-01-02,"Natrium Klorida infus 0,9 %",Botol,3,6410,19230
Kalimantan Selatan,Banjarbaru,PUSKESMAS BANJARBARU UTARA,DINAS KESEHATAN,Umum,Obat-Obatan,18584,187.,2020-04-01,Noza Harga 2,kaplet,6,86570,519420
Kalimantan Selatan,Banjarbaru,PUSKESMAS BANJARBARU UTARA,DINAS KESEHATAN,Umum,Obat-Obatan,21668,188.,2020-12-02,OBAT PRIMAQUIN,keping,20,25300,506000
Kalimantan Selatan,Banjarbaru,PUSKESMAS BANJARBARU UTARA,DINAS KESEHATAN,Umum,Obat-Obatan,18347,189.,2020-01-02,OKSITOSIN INJEKSI 10 IU/ML-1ML HARGA 2,Ampul,20,1900,38000
Kalimantan Selatan,Banjarbaru,PUSKESMAS BANJARBARU UTARA,DINAS KESEHATAN,Umum,Obat-Obatan,21029,190.,2020-07-01,OMEPRAZOL TAB 20 mg,Tablet,15,147,2205
Kalimantan Selatan,Banjarbaru,PUSKESMAS BANJARBARU UTARA,DINAS KESEHATAN,Umum,Obat-Obatan,21029,191.,2020-10-02,OMEPRAZOL TAB 20 mg,Tablet,600,147,88200
Kalimantan Selatan,Banjarbaru,PUSKESMAS BANJARBARU UTARA,DINAS KESEHATAN,Umum,Obat-Obatan,17189,192.,2020-01-02,ONDANSENTRON 8 mg Tablet,Tablet,110,1343,147730
Kalimantan Selatan,Banjarbaru,PUSKESMAS BANJARBARU UTARA,DINAS KESEHATAN,Umum,Obat-Obatan,812,193.,2020-01-02,Ofloxacin 400 mg,Tablet,526,700,368200
Kalimantan Selatan,Banjarbaru,PUSKESMAS BANJARBARU UTARA,DINAS KESEHATAN,Umum,Obat-Obatan,18552,194.,2020-07-01,Oksitetrasiklin Hcl Salep mata,Tube,19,3624,68856
Kalimantan Selatan,Banjarbaru,PUSKESMAS BANJARBARU UTARA,DINAS KESEHATAN,Umum,Obat-Obatan,851,195.,2020-10-02,Oksitetrasiklin salep kulit 3 %,Tube,46,4659,214314
Kalimantan Selatan,Banjarbaru,PUSKESMAS BANJARBARU UTARA,DINAS KESEHATAN,Umum,Obat-Obatan,16767,196.,2020-10-02,One Scrub / Aseptic gel,Botol,12,25333,303996
Kalimantan Selatan,Banjarbaru,PUSKESMAS BANJARBARU UTARA,DINAS KESEHATAN,Umum,Obat-Obatan,20176,197.,2020-01-02,PAPAVERINE TAB,Tablet,30,253,7590
Kalimantan Selatan,Banjarbaru,PUSKESMAS BANJARBARU UTARA,DINAS KESEHATAN,Umum,Obat-Obatan,20176,198.,2020-01-07,PAPAVERINE TAB,Tablet,100,253,25300
Kalimantan Selatan,Banjarbaru,PUSKESMAS BANJARBARU UTARA,DINAS KESEHATAN,Umum,Obat-Obatan,18370,199.,2020-04-01,PARASETAMOL TABLET 500 MG,Tablet,6000,49,294000
Kalimantan Selatan,Banjarbaru,PUSKESMAS BANJARBARU UTARA,DINAS KESEHATAN,Umum,Obat-Obatan,18371,200.,2020-10-02,PARASETAMOL TABLET 500 MG HARGA 2,Tablet,3050,60,183000
Kalimantan Selatan,Banjarbaru,PUSKESMAS BANJARBARU UTARA,DINAS KESEHATAN,Umum,Obat-Obatan,18381,201.,2020-10-02,PIRIDOKSIN HCL TABLET 10 MG,Tablet,110,141,15510
Kalimantan Selatan,Banjarbaru,PUSKESMAS BANJARBARU UTARA,DINAS KESEHATAN,Umum,Obat-Obatan,18382,202.,2020-10-02,PIRIDOKSIN HCL TABLET 10 MG HARGA 2,Tablet,300,150,45000
Kalimantan Selatan,Banjarbaru,PUSKESMAS BANJARBARU UTARA,DINAS KESEHATAN,Umum,Obat-Obatan,18846,205.,2020-10-02,PREDNISON 5 MG,Tablet,2345,79,185255
Kalimantan Selatan,Banjarbaru,PUSKESMAS BANJARBARU UTARA,DINAS KESEHATAN,Umum,Obat-Obatan,908,206.,2020-01-02,Papaverin  40 mg,Tablet,415,125,51875
Kalimantan Selatan,Banjarbaru,PUSKESMAS BANJARBARU UTARA,DINAS KESEHATAN,Umum,Obat-Obatan,16689,207.,2020-10-02,Paracetamol drop,Botol,42,7646,321132
Kalimantan Selatan,Banjarbaru,PUSKESMAS BANJARBARU UTARA,DINAS KESEHATAN,Umum,Obat-Obatan,509,208.,2020-01-02,Pehacain inj,ampul,440,3112,1369280
Kalimantan Selatan,Banjarbaru,PUSKESMAS BANJARBARU UTARA,DINAS KESEHATAN,Umum,Obat-Obatan,16771,209.,2020-01-02,Pehacain injeksi,kotak,10,3113,31130
Kalimantan Selatan,Banjarbaru,PUSKESMAS BANJARBARU UTARA,DINAS KESEHATAN,Umum,Obat-Obatan,5164,210.,2020-12-02,Polio trivalent 20 dose,Vial,54,21285,1149390
Kalimantan Selatan,Banjarbaru,PUSKESMAS BANJARBARU UTARA,DINAS KESEHATAN,Umum,Obat-Obatan,18984,211.,2020-01-02,Primaquin,Biji,20,253,5060
Kalimantan Selatan,Banjarbaru,PUSKESMAS BANJARBARU UTARA,DINAS KESEHATAN,Umum,Obat-Obatan,17191,212.,2020-01-02,Proimbus,Tablet,50,4617,230850
Kalimantan Selatan,Banjarbaru,PUSKESMAS BANJARBARU UTARA,DINAS KESEHATAN,Umum,Obat-Obatan,17190,213.,2020-01-02,Propranolol HCL Tablet 10 mg,Tablet,200,69,13800
Kalimantan Selatan,Banjarbaru,PUSKESMAS BANJARBARU UTARA,DINAS KESEHATAN,Umum,Obat-Obatan,20178,215.,2020-10-02,RANITIDIN TAB 150 mg,Tablet,1120,187,209440
Kalimantan Selatan,Banjarbaru,PUSKESMAS BANJARBARU UTARA,DINAS KESEHATAN,Umum,Obat-Obatan,16695,216.,2020-01-02,Retinol (Vitamin A) Kapsul 200.000 IU,Kapsul,50,585,29250
Kalimantan Selatan,Banjarbaru,PUSKESMAS BANJARBARU UTARA,DINAS KESEHATAN,Umum,Obat-Obatan,540,217.,2020-04-01,Ringer laktat infus steril,Botol,2,7630,15260
Kalimantan Selatan,Banjarbaru,PUSKESMAS BANJARBARU UTARA,DINAS KESEHATAN,Umum,Obat-Obatan,540,218.,2020-07-01,Ringer laktat infus steril,Botol,3,7630,22890
Kalimantan Selatan,Banjarbaru,PUSKESMAS BANJARBARU UTARA,DINAS KESEHATAN,Umum,Obat-Obatan,16698,219.,2020-01-02,Ringerlaktat Larutan Infus Steril Harga 1,Botol,2,7150,14300
Kalimantan Selatan,Banjarbaru,PUSKESMAS BANJARBARU UTARA,DINAS KESEHATAN,Umum,Obat-Obatan,16698,220.,2020-01-02,Ringerlaktat Larutan Infus Steril Harga 1,Botol,10,7150,71500
Kalimantan Selatan,Banjarbaru,PUSKESMAS BANJARBARU UTARA,DINAS KESEHATAN,Umum,Obat-Obatan,19017,221.,2020-01-02,SAFETY BOK VAKSIN,Buah,8,28845,230760
Kalimantan Selatan,Banjarbaru,PUSKESMAS BANJARBARU UTARA,DINAS KESEHATAN,Umum,Obat-Obatan,19009,222.,2020-04-01,SAKATONIK ABC,Botol,1,13682,13682
Kalimantan Selatan,Banjarbaru,PUSKESMAS BANJARBARU UTARA,DINAS KESEHATAN,Umum,Obat-Obatan,19009,223.,2020-07-01,SAKATONIK ABC,Botol,5,13682,68410
Kalimantan Selatan,Banjarbaru,PUSKESMAS BANJARBARU UTARA,DINAS KESEHATAN,Umum,Obat-Obatan,18845,224.,2020-04-01,SALBUTAMOL TABLET 4 MG,Tablet,180,77,13860
Kalimantan Selatan,Banjarbaru,PUSKESMAS BANJARBARU UTARA,DINAS KESEHATAN,Umum,Obat-Obatan,21498,225.,2020-01-02,SALEP 2-4 KOMBINASI HARGA 2,Pot,17,3017,51289
Kalimantan Selatan,Banjarbaru,PUSKESMAS BANJARBARU UTARA,DINAS KESEHATAN,Umum,Obat-Obatan,16086,226.,2020-10-02,SCABIMITE 10GR CREAM,pcs,52,11825,614900
Kalimantan Selatan,Banjarbaru,PUSKESMAS BANJARBARU UTARA,DINAS KESEHATAN,Umum,Obat-Obatan,18632,227.,2020-10-02,SIMVASTATIN 20 MG TABLET KF,Tablet,405,237,95985
Kalimantan Selatan,Banjarbaru,PUSKESMAS BANJARBARU UTARA,DINAS KESEHATAN,Umum,Obat-Obatan,16787,230.,2020-04-01,Safety Bok,pcs,25,17315,432875
Kalimantan Selatan,Banjarbaru,PUSKESMAS BANJARBARU UTARA,DINAS KESEHATAN,Umum,Obat-Obatan,17110,231.,2020-12-02,Safety Bok harga 1,Buah,40,16501,660040
Kalimantan Selatan,Banjarbaru,PUSKESMAS BANJARBARU UTARA,DINAS KESEHATAN,Umum,Obat-Obatan,16701,232.,2020-04-01,Salbutamol Tablet 2 Mg,Tablet,240,64,15360
Kalimantan Selatan,Banjarbaru,PUSKESMAS BANJARBARU UTARA,DINAS KESEHATAN,Umum,Obat-Obatan,615,233.,2020-01-02,Salep 2-4,Pot,33,2200,72600
Kalimantan Selatan,Banjarbaru,PUSKESMAS BANJARBARU UTARA,DINAS KESEHATAN,Umum,Obat-Obatan,19065,234.,2020-04-01,Skatonik ABC,Botol,2,12000,24000
Kalimantan Selatan,Banjarbaru,PUSKESMAS BANJARBARU UTARA,DINAS KESEHATAN,Umum,Obat-Obatan,16710,235.,2020-01-02,Stesolid Rectal Harga 1,Tube,7,12751,89257
Kalimantan Selatan,Banjarbaru,PUSKESMAS BANJARBARU UTARA,DINAS KESEHATAN,Umum,Obat-Obatan,16710,236.,2020-01-02,Stesolid Rectal Harga 1,Tube,2,12751,25502
Kalimantan Selatan,Banjarbaru,PUSKESMAS BANJARBARU UTARA,DINAS KESEHATAN,Umum,Obat-Obatan,16711,237.,2020-07-01,Stesolid Rectal Harga 2,Tube,2,14459,28918
Kalimantan Selatan,Banjarbaru,PUSKESMAS BANJARBARU UTARA,DINAS KESEHATAN,Umum,Obat-Obatan,19006,239.,2020-10-02,TIAMIN HCL MONONITRAT (VITB1) TABLET 50 mg,Tablet,320,88,28160
Kalimantan Selatan,Banjarbaru,PUSKESMAS BANJARBARU UTARA,DINAS KESEHATAN,Umum,Obat-Obatan,16794,240.,2020-01-02,TTD Phapros Bumil Harga 1,Tablet,1008,12300,12398400
Kalimantan Selatan,Banjarbaru,PUSKESMAS BANJARBARU UTARA,DINAS KESEHATAN,Umum,Obat-Obatan,16715,241.,2020-10-02,Triheksifenidil Hidroklorida Tablet 2 mg,Tablet,350,101,35350
Kalimantan Selatan,Banjarbaru,PUSKESMAS BANJARBARU UTARA,DINAS KESEHATAN,Umum,Obat-Obatan,16716,242.,2020-04-01,Truvit,Botol,33,12540,413820
Kalimantan Selatan,Banjarbaru,PUSKESMAS BANJARBARU UTARA,DINAS KESEHATAN,Umum,Obat-Obatan,16716,243.,2020-10-02,Truvit,Botol,120,12540,1504800
Kalimantan Selatan,Banjarbaru,PUSKESMAS BANJARBARU UTARA,DINAS KESEHATAN,Umum,Obat-Obatan,16772,244.,2020-10-02,Ultrafix/Polifix 5 cm x 1 meter,Botol,4,39800,159200
Kalimantan Selatan,Banjarbaru,PUSKESMAS BANJARBARU UTARA,DINAS KESEHATAN,Umum,Obat-Obatan,20661,245.,2020-01-02,Underpad,Buah,10,47868,478680
Kalimantan Selatan,Banjarbaru,PUSKESMAS BANJARBARU UTARA,DINAS KESEHATAN,Umum,Obat-Obatan,19013,246.,2020-12-02,VAKSIN BCG VIAL,Vial,14,66154,926156
Kalimantan Selatan,Banjarbaru,PUSKESMAS BANJARBARU UTARA,DINAS KESEHATAN,Umum,Obat-Obatan,17481,247.,2020-01-02,VAKSIN DT HARGA 2,Vial,13,17450,226850
Kalimantan Selatan,Banjarbaru,PUSKESMAS BANJARBARU UTARA,DINAS KESEHATAN,Umum,Obat-Obatan,17481,248.,2020-12-02,VAKSIN DT HARGA 2,Vial,80,17450,1396000
Kalimantan Selatan,Banjarbaru,PUSKESMAS BANJARBARU UTARA,DINAS KESEHATAN,Umum,Obat-Obatan,21006,249.,2020-12-02,VAKSIN HEPATITIS B,Botol,21,25597,537537
Kalimantan Selatan,Banjarbaru,PUSKESMAS BANJARBARU UTARA,DINAS KESEHATAN,Umum,Obat-Obatan,19016,250.,2020-12-02,VAKSIN IPV VIAL,Vial,30,144540,4336200
Kalimantan Selatan,Banjarbaru,PUSKESMAS BANJARBARU UTARA,DINAS KESEHATAN,Umum,Obat-Obatan,19609,251.,2020-04-01,VITALEX,Tablet,200,440,88000
Kalimantan Selatan,Banjarbaru,PUSKESMAS BANJARBARU UTARA,DINAS KESEHATAN,Umum,Obat-Obatan,19867,252.,2020-12-02,Vaksin DPT-HB-Hib,Vial,63,84282,5309766
Kalimantan Selatan,Banjarbaru,PUSKESMAS BANJARBARU UTARA,DINAS KESEHATAN,Umum,Obat-Obatan,17106,253.,2020-01-02,Vaksin MR,Vial,31,141648,4391088
Kalimantan Selatan,Banjarbaru,PUSKESMAS BANJARBARU UTARA,DINAS KESEHATAN,Umum,Obat-Obatan,17106,254.,2020-06-02,Vaksin MR,Vial,55,141648,7790640
Kalimantan Selatan,Banjarbaru,PUSKESMAS BANJARBARU UTARA,DINAS KESEHATAN,Umum,Obat-Obatan,17105,255.,2020-12-02,Vaksin TD,Vial,34,16480,560320
Kalimantan Selatan,Banjarbaru,PUSKESMAS BANJARBARU UTARA,DINAS KESEHATAN,Umum,Obat-Obatan,21591,256.,2020-06-02,Vaksin influenza,Vial,5,167460,837300
Kalimantan Selatan,Banjarbaru,PUSKESMAS BANJARBARU UTARA,DINAS KESEHATAN,Umum,Obat-Obatan,16839,257.,2020-10-02,Vitamin B Komplek,Tablet,439,135,59265
Kalimantan Selatan,Banjarbaru,PUSKESMAS BANJARBARU UTARA,DINAS KESEHATAN,Umum,Obat-Obatan,17238,258.,2020-10-02,Vitamin B.12 Tablet Harga 2,Tablet,660,52,34320
Kalimantan Selatan,Banjarbaru,PUSKESMAS BANJARBARU UTARA,DINAS KESEHATAN,Umum,Obat-Obatan,16720,259.,2020-01-02,Yodium Povidon Larutan 10 % 30 ml,Botol,7,3480,24360
Kalimantan Selatan,Banjarbaru,PUSKESMAS BANJARBARU UTARA,DINAS KESEHATAN,Umum,Obat-Obatan,16721,260.,2020-01-07,Yodium Povidon Larutan 10 % 300 ml,Botol,2,21600,43200
Kalimantan Selatan,Banjarbaru,PUSKESMAS BANJARBARU UTARA,DINAS KESEHATAN,Umum,Obat-Obatan,16183,261.,2020-01-07,ZINC PRO SYRUP,Botol,17,3285,55845
Kalimantan Selatan,Banjarbaru,PUSKESMAS BANJARBARU UTARA,DINAS KESEHATAN,Umum,Obat-Obatan,18836,262.,2020-01-02,ZINC SULFATE 20 MG,Tablet,195,604,117780
Kalimantan Selatan,Banjarbaru,PUSKESMAS BANJARBARU UTARA,DINAS KESEHATAN,Umum,Obat-Obatan,18393,263.,2020-01-02,ZINCI TABLET 20 MG,Tablet,1235,592,731120
Kalimantan Selatan,Banjarbaru,PUSKESMAS BANJARBARU UTARA,DINAS KESEHATAN,Umum,Obat-Obatan,15994,264.,2020-04-01,aquadest,Botol,2,17292,34584
Kalimantan Selatan,Banjarbaru,PUSKESMAS BANJARBARU UTARA,DINAS KESEHATAN,Umum,Obat-Obatan,18973,265.,2020-07-01,hyosciamine n butil bromida,Tablet,115,1870,215050
Kalimantan Selatan,Banjarbaru,PUSKESMAS BANJARBARU UTARA,DINAS KESEHATAN,Umum,Obat-Obatan,18973,266.,2020-10-02,hyosciamine n butil bromida,Tablet,200,1870,374000
Kalimantan Selatan,Banjarbaru,PUSKESMAS BANJARBARU UTARA,DINAS KESEHATAN,Umum,Cetak,82,268.,2020-10-03,Blangko kuitansi,Buah,2,75000,150000
Kalimantan Selatan,Banjarbaru,PUSKESMAS BANJARBARU UTARA,DINAS KESEHATAN,Umum,Cetak,19071,269.,2020-01-02,CETAK KARTU IDENTITAS PASIEN TBC,lembar,2,3000,6000
Kalimantan Selatan,Banjarbaru,PUSKESMAS BANJARBARU UTARA,DINAS KESEHATAN,Umum,Cetak,19070,270.,2020-01-02,CETAK KARTU PENGOBATAN PASIEN TB,lembar,2,3000,6000
Kalimantan Selatan,Banjarbaru,PUSKESMAS BANJARBARU UTARA,DINAS KESEHATAN,Umum,Cetak,14592,271.,2020-01-02,CETAK RESEP OBAT PROGRAM,Rim,3,125000,375000
Kalimantan Selatan,Banjarbaru,PUSKESMAS BANJARBARU UTARA,DINAS KESEHATAN,Umum,Cetak,19840,272.,2020-05-05,CETAK SERTIFIKAT IMUNISASI BAYI,lembar,400,3740,1496000
Kalimantan Selatan,Banjarbaru,PUSKESMAS BANJARBARU UTARA,DINAS KESEHATAN,Umum,Cetak,10818,273.,2020-12-02,Cetak Buku Program Kesehatan Jiwa,Explr,1,250000,250000
Kalimantan Selatan,Banjarbaru,PUSKESMAS BANJARBARU UTARA,DINAS KESEHATAN,Umum,Cetak,9461,274.,2020-05-05,Cetak ID CARD,Explr,204,5000,1020000
Kalimantan Selatan,Banjarbaru,PUSKESMAS BANJARBARU UTARA,DINAS KESEHATAN,Umum,Cetak,11430,275.,2020-12-02,"Cetak Register Kohort Ibu, Bayi, Balita, Apras dan KB",Buah,32,35000,1120000
Kalimantan Selatan,Banjarbaru,PUSKESMAS BANJARBARU UTARA,DINAS KESEHATAN,Umum,Cetak,14896,276.,2020-01-02,Kartu skrining indeks neonatal hipotiroid,lembar,95,10000,950000
Kalimantan Selatan,Banjarbaru,PUSKESMAS BANJARBARU UTARA,DINAS KESEHATAN,Umum,Bahan Obat Obatan,19123,281.,2020-01-02,ALETROL TM,Botol,22,18000,396000
Kalimantan Selatan,Banjarbaru,PUSKESMAS BANJARBARU UTARA,DINAS KESEHATAN,Umum,Bahan Obat Obatan,20829,282.,2020-10-01,CE SPRAY 100 ML,Botol,10,148500,1485000
Kalimantan Selatan,Banjarbaru,PUSKESMAS BANJARBARU UTARA,DINAS KESEHATAN,Umum,Bahan Obat Obatan,20824,283.,2020-07-02,DEXTROFEN SYR BTL 50 ML,Botol,17,11550,196350
Kalimantan Selatan,Banjarbaru,PUSKESMAS BANJARBARU UTARA,DINAS KESEHATAN,Umum,Bahan Obat Obatan,20824,284.,2020-10-01,DEXTROFEN SYR BTL 50 ML,Botol,50,11550,577500
Kalimantan Selatan,Banjarbaru,PUSKESMAS BANJARBARU UTARA,DINAS KESEHATAN,Umum,Bahan Obat Obatan,19127,285.,2020-10-01,FERRO FUMARATE ( TTD PHAPROS BUMIL) 60 mg,Tablet,55,45700,2513500
Kalimantan Selatan,Banjarbaru,PUSKESMAS BANJARBARU UTARA,DINAS KESEHATAN,Umum,Bahan Obat Obatan,21584,286.,2020-10-01,Kamolas 120 MG / 5 ML syrup,Botol,34,5500,187000
Kalimantan Selatan,Banjarbaru,PUSKESMAS BANJARBARU UTARA,DINAS KESEHATAN,Umum,Bahan Obat Obatan,19985,287.,2020-01-02,"Pehacain injeksi, kemasan kotak isi 20 ampul",Ampul,120,3850,462000
Kalimantan Selatan,Banjarbaru,PUSKESMAS BANJARBARU UTARA,DINAS KESEHATAN,Umum,Bahan Obat Obatan,20669,288.,2020-10-01,Povidone,Buah,3,5100,15300
